CREATE DATABASE  IF NOT EXISTS `test` /*!40100 DEFAULT CHARACTER SET latin1 */;
USE `test`;
-- MySQL dump 10.13  Distrib 5.6.24, for Win64 (x86_64)
--
-- Host: localhost    Database: test
-- ------------------------------------------------------
-- Server version	5.5.8

/*!40101 SET @OLD_CHARACTER_SET_CLIENT=@@CHARACTER_SET_CLIENT */;
/*!40101 SET @OLD_CHARACTER_SET_RESULTS=@@CHARACTER_SET_RESULTS */;
/*!40101 SET @OLD_COLLATION_CONNECTION=@@COLLATION_CONNECTION */;
/*!40101 SET NAMES utf8 */;
/*!40103 SET @OLD_TIME_ZONE=@@TIME_ZONE */;
/*!40103 SET TIME_ZONE='+00:00' */;
/*!40014 SET @OLD_UNIQUE_CHECKS=@@UNIQUE_CHECKS, UNIQUE_CHECKS=0 */;
/*!40014 SET @OLD_FOREIGN_KEY_CHECKS=@@FOREIGN_KEY_CHECKS, FOREIGN_KEY_CHECKS=0 */;
/*!40101 SET @OLD_SQL_MODE=@@SQL_MODE, SQL_MODE='NO_AUTO_VALUE_ON_ZERO' */;
/*!40111 SET @OLD_SQL_NOTES=@@SQL_NOTES, SQL_NOTES=0 */;

--
-- Table structure for table `toc_address_book`
--

DROP TABLE IF EXISTS `toc_address_book`;
/*!40101 SET @saved_cs_client     = @@character_set_client */;
/*!40101 SET character_set_client = utf8 */;
CREATE TABLE `toc_address_book` (
  `address_book_id` int(11) NOT NULL AUTO_INCREMENT,
  `customers_id` int(11) NOT NULL,
  `entry_gender` char(1) NOT NULL,
  `entry_company` varchar(32) DEFAULT NULL,
  `entry_firstname` varchar(32) NOT NULL,
  `entry_lastname` varchar(32) NOT NULL,
  `entry_street_address` varchar(64) NOT NULL,
  `entry_suburb` varchar(32) DEFAULT NULL,
  `entry_postcode` varchar(10) NOT NULL,
  `entry_city` varchar(32) NOT NULL,
  `entry_state` varchar(32) DEFAULT NULL,
  `entry_country_id` int(11) NOT NULL DEFAULT '0',
  `entry_zone_id` int(11) NOT NULL DEFAULT '0',
  `entry_telephone` varchar(32) DEFAULT NULL,
  `entry_fax` varchar(32) DEFAULT NULL,
  PRIMARY KEY (`address_book_id`),
  KEY `idx_address_book_customers_id` (`customers_id`)
) ENGINE=MyISAM AUTO_INCREMENT=8 DEFAULT CHARSET=utf8;
/*!40101 SET character_set_client = @saved_cs_client */;

--
-- Dumping data for table `toc_address_book`
--

LOCK TABLES `toc_address_book` WRITE;
/*!40000 ALTER TABLE `toc_address_book` DISABLE KEYS */;
INSERT INTO `toc_address_book` VALUES (5,3,'f','','Alice','Victim','10 Boulevard de Strasbourg','','75010','Paris','',73,1142,'04040404',''),(4,2,'m','','Adrien','Test','10 Boulevard de Strasbourg','','75010','Paris','',73,1142,'0606060606',''),(3,1,'m','','John','Test','10 boulevard de strasbourg','','75010','Paris','',73,1142,'0606060606',''),(6,7,'m','','User1','One','1 Chemin de Besancon','Paris','75001','Paris','',73,1142,'0101010101',''),(7,8,'m','','User2','Two','2 Boulevard de Strasbourg','Strasbourg','67000','Strasbourg','',73,1134,'0202020202','');
/*!40000 ALTER TABLE `toc_address_book` ENABLE KEYS */;
UNLOCK TABLES;

--
-- Table structure for table `toc_administrators`
--

DROP TABLE IF EXISTS `toc_administrators`;
/*!40101 SET @saved_cs_client     = @@character_set_client */;
/*!40101 SET character_set_client = utf8 */;
CREATE TABLE `toc_administrators` (
  `id` int(11) NOT NULL AUTO_INCREMENT,
  `user_name` varchar(32) DEFAULT NULL,
  `user_password` varchar(40) NOT NULL,
  `user_settings` text,
  `email_address` varchar(96) NOT NULL,
  PRIMARY KEY (`id`)
) ENGINE=MyISAM AUTO_INCREMENT=2 DEFAULT CHARSET=utf8;
/*!40101 SET character_set_client = @saved_cs_client */;

--
-- Dumping data for table `toc_administrators`
--

LOCK TABLES `toc_administrators` WRITE;
/*!40000 ALTER TABLE `toc_administrators` DISABLE KEYS */;
INSERT INTO `toc_administrators` VALUES (1,'toto','2667aca20bbe04df2a571f7c71b2d71e:0b','a:1:{s:7:\"desktop\";a:17:{s:5:\"theme\";s:9:\"vistablue\";s:12:\"transparency\";s:3:\"100\";s:15:\"backgroundcolor\";s:6:\"3A6EA5\";s:9:\"fontcolor\";s:6:\"FFFFFF\";s:9:\"wallpaper\";s:5:\"blank\";s:17:\"wallpaperposition\";s:4:\"tile\";s:7:\"autorun\";s:17:\"[\"dashboard-win\"]\";s:11:\"contextmenu\";s:2:\"[]\";s:10:\"quickstart\";s:187:\"[\"articles_categories-win\",\"articles-win\",\"faqs-win\",\"slide_images-win\",\"products-win\",\"customers-win\",\"orders-win\", \"invoices-win\", \"coupons-win\",\"gift_certificates-win\",\"dashboard-win\"]\";s:8:\"shortcut\";s:187:\"[\"articles_categories-win\",\"articles-win\",\"faqs-win\",\"slide_images-win\",\"products-win\",\"customers-win\",\"orders-win\", \"invoices-win\", \"coupons-win\",\"gift_certificates-win\",\"dashboard-win\"]\";s:15:\"wizard_complete\";b:1;s:10:\"dashboards\";s:87:\"overview:0,new_orders:1,new_customers:2,new_reviews:0,orders_statistics:1,last_visits:2\";s:7:\"gadgets\";s:38:\"[\"clock\",\"new_customers\",\"new_orders\"]\";s:19:\"sidebartransparency\";s:1:\"5\";s:22:\"sidebarbackgroundcolor\";s:6:\"FFFFFF\";s:11:\"sidebaropen\";b:1;s:8:\"livefeed\";i:0;}}','diana@test.com');
/*!40000 ALTER TABLE `toc_administrators` ENABLE KEYS */;
UNLOCK TABLES;

--
-- Table structure for table `toc_administrators_access`
--

DROP TABLE IF EXISTS `toc_administrators_access`;
/*!40101 SET @saved_cs_client     = @@character_set_client */;
/*!40101 SET character_set_client = utf8 */;
CREATE TABLE `toc_administrators_access` (
  `administrators_id` int(11) NOT NULL,
  `module` varchar(255) NOT NULL,
  PRIMARY KEY (`administrators_id`,`module`)
) ENGINE=MyISAM DEFAULT CHARSET=utf8;
/*!40101 SET character_set_client = @saved_cs_client */;

--
-- Dumping data for table `toc_administrators_access`
--

LOCK TABLES `toc_administrators_access` WRITE;
/*!40000 ALTER TABLE `toc_administrators_access` DISABLE KEYS */;
INSERT INTO `toc_administrators_access` VALUES (1,'*');
/*!40000 ALTER TABLE `toc_administrators_access` ENABLE KEYS */;
UNLOCK TABLES;

--
-- Table structure for table `toc_administrators_log`
--

DROP TABLE IF EXISTS `toc_administrators_log`;
/*!40101 SET @saved_cs_client     = @@character_set_client */;
/*!40101 SET character_set_client = utf8 */;
CREATE TABLE `toc_administrators_log` (
  `id` int(11) NOT NULL,
  `module` varchar(255) NOT NULL,
  `module_action` varchar(32) DEFAULT NULL,
  `module_id` int(11) DEFAULT NULL,
  `field_key` varchar(255) NOT NULL,
  `old_value` text,
  `new_value` text,
  `action` varchar(255) NOT NULL,
  `administrators_id` int(11) NOT NULL,
  `datestamp` datetime NOT NULL,
  KEY `idx_administrators_log_id` (`id`)
) ENGINE=MyISAM DEFAULT CHARSET=utf8;
/*!40101 SET character_set_client = @saved_cs_client */;

--
-- Dumping data for table `toc_administrators_log`
--

LOCK TABLES `toc_administrators_log` WRITE;
/*!40000 ALTER TABLE `toc_administrators_log` DISABLE KEYS */;
INSERT INTO `toc_administrators_log` VALUES (1,'modules_payment','update',0,'toc_configuration.configuration_value','-1','1','update',1,'2015-09-07 10:21:15'),(1,'modules_payment','update',0,'toc_configuration.configuration_value','','adrien.examplecom_api1.gmail.com','update',1,'2015-09-07 10:21:15'),(1,'modules_payment','update',0,'toc_configuration.configuration_value','','3G5M4SX97BDFHL5N','update',1,'2015-09-07 10:21:15'),(1,'modules_payment','update',0,'toc_configuration.configuration_value','','AFcWxV21C7fd0v3bYYYRCpSSRl31AaaKKPNqEoHvFgNUs2ii1tOB6v4d','update',1,'2015-09-07 10:21:15'),(1,'modules_payment','update',0,'toc_configuration.configuration_value','Live','Sandbox','update',1,'2015-09-07 10:21:15'),(1,'modules_payment','update',0,'toc_configuration.configuration_value','/usr/bin/curl','C:\\curl','update',1,'2015-09-07 10:21:15'),(2,'modules_payment','update',0,'toc_configuration.configuration_value','-1','1','update',1,'2015-09-07 10:22:15'),(2,'modules_payment','update',0,'toc_configuration.configuration_value','','adrien.examplecom@gmail.com','update',1,'2015-09-07 10:22:15'),(3,'modules_payment','update',0,'toc_configuration.configuration_value','-1','1','update',1,'2015-09-07 10:23:08'),(3,'modules_payment','update',0,'toc_configuration.configuration_value','','adrien.examplecom_api1.gmail.com','update',1,'2015-09-07 10:23:08'),(3,'modules_payment','update',0,'toc_configuration.configuration_value','','3G5M4SX97BDFHL5N','update',1,'2015-09-07 10:23:08'),(3,'modules_payment','update',0,'toc_configuration.configuration_value','','AFcWxV21C7fd0v3bYYYRCpSSRl31AaaKKPNqEoHvFgNUs2ii1tOB6v4d','update',1,'2015-09-07 10:23:08'),(3,'modules_payment','update',0,'toc_configuration.configuration_value','/usr/bin/curl','C:\\curl','update',1,'2015-09-07 10:23:08'),(4,'modules_payment','update',0,'toc_configuration.configuration_value','Static','Dynamic','update',1,'2015-09-07 17:45:26'),(5,'modules_payment','update',0,'toc_configuration.configuration_value','','adrien.examplecom@gmail.com','update',1,'2015-09-08 12:27:00'),(6,'modules_payment','update',0,'toc_configuration.configuration_value','1','-1','update',1,'2015-09-08 12:32:21'),(7,'modules_payment','update',0,'toc_configuration.configuration_value','1','-1','update',1,'2015-09-08 12:32:44'),(8,'modules_payment','update',0,'toc_configuration.configuration_value','1','-1','update',1,'2015-09-08 12:33:15'),(9,'modules_payment','update',0,'toc_configuration.configuration_value','1','-1','update',1,'2015-09-08 12:39:30'),(10,'modules_payment','update',0,'toc_configuration.configuration_value','C:\\curl','C:\\curl\\curl.exe','update',1,'2015-09-08 12:40:24'),(11,'modules_payment','update',0,'toc_configuration.configuration_value','-1','1','update',1,'2015-09-08 12:40:56'),(12,'modules_payment','update',0,'toc_configuration.configuration_value','C:\\curl\\curl.exe','C:\\curl\\','update',1,'2015-09-08 12:41:45'),(13,'modules_payment','update',0,'toc_configuration.configuration_value','-1','1','update',1,'2015-09-08 13:04:43'),(14,'configuration','update',95,'toc_configuration.configuration_value','','C:\\curl','update',1,'2015-09-08 14:58:11'),(15,'modules_payment','update',0,'toc_configuration.configuration_value','C:\\curl\\','C:\\curl','update',1,'2015-09-08 15:01:36'),(16,'modules_payment','update',0,'toc_configuration.configuration_value','C:\\curl','C:/curl','update',1,'2015-09-08 15:02:00'),(17,'modules_payment','update',0,'toc_configuration.configuration_value','C:/curl','C:\\curl','update',1,'2015-09-08 15:02:19'),(18,'configuration','update',95,'toc_configuration.configuration_value','C:\\curl','','update',1,'2015-09-08 15:41:54'),(19,'modules_payment','update',0,'toc_configuration.configuration_value','C:\\curl','C:\\\\curl','update',1,'2015-09-08 15:43:37'),(20,'modules_payment','update',0,'toc_configuration.configuration_value','C:\\\\curl','C:\\curl','update',1,'2015-09-08 15:44:42'),(21,'modules_payment','update',0,'toc_configuration.configuration_value','C:\\curl','','update',1,'2015-09-08 15:47:54'),(22,'modules_payment','update',0,'toc_configuration.configuration_value','','C:/curl/','update',1,'2015-09-08 15:52:11'),(23,'modules_payment','update',0,'toc_configuration.configuration_value','C:/curl/','E:/curl/','update',1,'2015-09-08 15:58:55'),(24,'modules_payment','update',0,'toc_configuration.configuration_value','E:/curl/','C:/curl/','update',1,'2015-09-08 16:01:38'),(25,'modules_payment','update',0,'toc_configuration.configuration_value','adrien.examplecom@gmail.com','','update',1,'2015-09-08 16:08:02'),(25,'modules_payment','update',0,'toc_configuration.configuration_value','adrien.examplecom_api1.gmail.com','adrien.examplecom-facilitator_api1.gmail.com','update',1,'2015-09-08 16:08:02'),(25,'modules_payment','update',0,'toc_configuration.configuration_value','3G5M4SX97BDFHL5N','7AFZNVHL28KMWXCJ','update',1,'2015-09-08 16:08:02'),(25,'modules_payment','update',0,'toc_configuration.configuration_value','AFcWxV21C7fd0v3bYYYRCpSSRl31AaaKKPNqEoHvFgNUs2ii1tOB6v4d','AFcWxV21C7fd0v3bYYYRCpSSRl31AHMF8y1JADBMHAKY8ZFuYMP8ve8s','update',1,'2015-09-08 16:08:02'),(26,'modules_payment','update',0,'toc_configuration.configuration_value','1','-1','update',1,'2015-09-09 14:01:10'),(27,'products','update',17,'toc_products.products_quantity','-55','2000','update',1,'2015-09-18 09:16:17'),(27,'products','update',17,'toc_products.products_date_available','','null','update',1,'2015-09-18 09:16:17'),(27,'products','update',17,'toc_products.products_attributes_groups_id','','null','update',1,'2015-09-18 09:16:17'),(27,'products','update',17,'toc_products_to_categories.products_id','17','','delete',1,'2015-09-18 09:16:17'),(27,'products','update',17,'toc_products_to_categories.categories_id','5','','delete',1,'2015-09-18 09:16:17'),(27,'products','update',17,'toc_products_to_categories.products_id','','17','insert',1,'2015-09-18 09:16:17'),(27,'products','update',17,'toc_products_to_categories.categories_id','','5','insert',1,'2015-09-18 09:16:17'),(27,'products','update',17,'toc_products_xsell.products_id','','17','insert',1,'2015-09-18 09:16:17'),(27,'products','update',17,'toc_products_xsell.xsell_products_id','','','insert',1,'2015-09-18 09:16:17'),(28,'products','update',19,'toc_products.products_quantity','-69','2000','update',1,'2015-10-21 14:40:26'),(28,'products','update',19,'toc_products.products_date_available','','null','update',1,'2015-10-21 14:40:26'),(28,'products','update',19,'toc_products.products_attributes_groups_id','','null','update',1,'2015-10-21 14:40:26'),(28,'products','update',19,'toc_products_to_categories.products_id','19','','delete',1,'2015-10-21 14:40:26'),(28,'products','update',19,'toc_products_to_categories.categories_id','5','','delete',1,'2015-10-21 14:40:26'),(28,'products','update',19,'toc_products_to_categories.products_id','','19','insert',1,'2015-10-21 14:40:26'),(28,'products','update',19,'toc_products_to_categories.categories_id','','5','insert',1,'2015-10-21 14:40:26'),(28,'products','update',19,'toc_products_xsell.products_id','','19','insert',1,'2015-10-21 14:40:26'),(28,'products','update',19,'toc_products_xsell.xsell_products_id','','','insert',1,'2015-10-21 14:40:26'),(29,'products','update',18,'toc_products.products_quantity','7','50','update',1,'2015-10-21 14:40:43'),(29,'products','update',18,'toc_products.products_date_available','','null','update',1,'2015-10-21 14:40:43'),(29,'products','update',18,'toc_products.products_attributes_groups_id','','null','update',1,'2015-10-21 14:40:43'),(29,'products','update',18,'toc_products_to_categories.products_id','18','','delete',1,'2015-10-21 14:40:43'),(29,'products','update',18,'toc_products_to_categories.categories_id','3','','delete',1,'2015-10-21 14:40:43'),(29,'products','update',18,'toc_products_to_categories.products_id','','18','insert',1,'2015-10-21 14:40:43'),(29,'products','update',18,'toc_products_to_categories.categories_id','','3','insert',1,'2015-10-21 14:40:43'),(29,'products','update',18,'toc_products_xsell.products_id','','18','insert',1,'2015-10-21 14:40:43'),(29,'products','update',18,'toc_products_xsell.xsell_products_id','','','insert',1,'2015-10-21 14:40:43'),(30,'products','update',15,'toc_products.products_quantity','7','50','update',1,'2015-10-21 14:40:57'),(30,'products','update',15,'toc_products.products_date_available','','null','update',1,'2015-10-21 14:40:57'),(30,'products','update',15,'toc_products.products_attributes_groups_id','','null','update',1,'2015-10-21 14:40:57'),(30,'products','update',15,'toc_products_to_categories.products_id','15','','delete',1,'2015-10-21 14:40:57'),(30,'products','update',15,'toc_products_to_categories.categories_id','5','','delete',1,'2015-10-21 14:40:57'),(30,'products','update',15,'toc_products_to_categories.products_id','','15','insert',1,'2015-10-21 14:40:57'),(30,'products','update',15,'toc_products_to_categories.categories_id','','5','insert',1,'2015-10-21 14:40:57'),(30,'products','update',15,'toc_products_xsell.products_id','','15','insert',1,'2015-10-21 14:40:57'),(30,'products','update',15,'toc_products_xsell.xsell_products_id','','','insert',1,'2015-10-21 14:40:57'),(31,'products','update',18,'toc_products.products_quantity','50','100','update',1,'2015-11-03 17:24:06'),(31,'products','update',18,'toc_products.products_date_available','','null','update',1,'2015-11-03 17:24:06'),(31,'products','update',18,'toc_products.products_attributes_groups_id','','null','update',1,'2015-11-03 17:24:06'),(31,'products','update',18,'toc_products_to_categories.products_id','18','','delete',1,'2015-11-03 17:24:06'),(31,'products','update',18,'toc_products_to_categories.categories_id','3','','delete',1,'2015-11-03 17:24:06'),(31,'products','update',18,'toc_products_to_categories.products_id','','18','insert',1,'2015-11-03 17:24:06'),(31,'products','update',18,'toc_products_to_categories.categories_id','','3','insert',1,'2015-11-03 17:24:06'),(31,'products','update',18,'toc_products_xsell.products_id','18','','delete',1,'2015-11-03 17:24:06'),(31,'products','update',18,'toc_products_xsell.xsell_products_id','0','','delete',1,'2015-11-03 17:24:06'),(31,'products','update',18,'toc_products_xsell.products_id','','18','insert',1,'2015-11-03 17:24:06'),(31,'products','update',18,'toc_products_xsell.xsell_products_id','','','insert',1,'2015-11-03 17:24:06'),(32,'products','update',5,'toc_products.products_quantity','9','100','update',1,'2015-11-03 17:24:27'),(32,'products','update',5,'toc_products.products_date_available','','null','update',1,'2015-11-03 17:24:27'),(32,'products','update',5,'toc_products.products_attributes_groups_id','','null','update',1,'2015-11-03 17:24:27'),(32,'products','update',5,'toc_products_to_categories.products_id','5','','delete',1,'2015-11-03 17:24:27'),(32,'products','update',5,'toc_products_to_categories.categories_id','1','','delete',1,'2015-11-03 17:24:27'),(32,'products','update',5,'toc_products_to_categories.products_id','','5','insert',1,'2015-11-03 17:24:27'),(32,'products','update',5,'toc_products_to_categories.categories_id','','1','insert',1,'2015-11-03 17:24:27'),(32,'products','update',5,'toc_products_xsell.products_id','','5','insert',1,'2015-11-03 17:24:27'),(32,'products','update',5,'toc_products_xsell.xsell_products_id','','','insert',1,'2015-11-03 17:24:27'),(33,'products','update',16,'toc_products.products_quantity','9','100','update',1,'2015-11-03 17:24:38'),(33,'products','update',16,'toc_products.products_date_available','','null','update',1,'2015-11-03 17:24:38'),(33,'products','update',16,'toc_products.products_attributes_groups_id','','null','update',1,'2015-11-03 17:24:38'),(33,'products','update',16,'toc_products_to_categories.products_id','16','','delete',1,'2015-11-03 17:24:38'),(33,'products','update',16,'toc_products_to_categories.categories_id','5','','delete',1,'2015-11-03 17:24:38'),(33,'products','update',16,'toc_products_to_categories.products_id','','16','insert',1,'2015-11-03 17:24:38'),(33,'products','update',16,'toc_products_to_categories.categories_id','','5','insert',1,'2015-11-03 17:24:38'),(33,'products','update',16,'toc_products_xsell.products_id','','16','insert',1,'2015-11-03 17:24:38'),(33,'products','update',16,'toc_products_xsell.xsell_products_id','','','insert',1,'2015-11-03 17:24:38'),(34,'products','update',17,'toc_products.products_quantity','1664','2000','update',1,'2015-11-03 17:24:48'),(34,'products','update',17,'toc_products.products_date_available','','null','update',1,'2015-11-03 17:24:48'),(34,'products','update',17,'toc_products.products_attributes_groups_id','','null','update',1,'2015-11-03 17:24:48'),(34,'products','update',17,'toc_products_to_categories.products_id','17','','delete',1,'2015-11-03 17:24:48'),(34,'products','update',17,'toc_products_to_categories.categories_id','5','','delete',1,'2015-11-03 17:24:48'),(34,'products','update',17,'toc_products_to_categories.products_id','','17','insert',1,'2015-11-03 17:24:48'),(34,'products','update',17,'toc_products_to_categories.categories_id','','5','insert',1,'2015-11-03 17:24:48'),(34,'products','update',17,'toc_products_xsell.products_id','17','','delete',1,'2015-11-03 17:24:48'),(34,'products','update',17,'toc_products_xsell.xsell_products_id','0','','delete',1,'2015-11-03 17:24:48'),(34,'products','update',17,'toc_products_xsell.products_id','','17','insert',1,'2015-11-03 17:24:48'),(34,'products','update',17,'toc_products_xsell.xsell_products_id','','','insert',1,'2015-11-03 17:24:48'),(35,'products','update',17,'toc_products.products_date_available','','null','update',1,'2015-11-03 17:24:49'),(35,'products','update',17,'toc_products.products_attributes_groups_id','','null','update',1,'2015-11-03 17:24:49'),(35,'products','update',17,'toc_products_to_categories.products_id','17','','delete',1,'2015-11-03 17:24:49'),(35,'products','update',17,'toc_products_to_categories.categories_id','5','','delete',1,'2015-11-03 17:24:49'),(35,'products','update',17,'toc_products_to_categories.products_id','','17','insert',1,'2015-11-03 17:24:49'),(35,'products','update',17,'toc_products_to_categories.categories_id','','5','insert',1,'2015-11-03 17:24:49'),(35,'products','update',17,'toc_products_xsell.products_id','17','','delete',1,'2015-11-03 17:24:49'),(35,'products','update',17,'toc_products_xsell.xsell_products_id','0','','delete',1,'2015-11-03 17:24:49'),(35,'products','update',17,'toc_products_xsell.products_id','','17','insert',1,'2015-11-03 17:24:49'),(35,'products','update',17,'toc_products_xsell.xsell_products_id','','','insert',1,'2015-11-03 17:24:49');
/*!40000 ALTER TABLE `toc_administrators_log` ENABLE KEYS */;
UNLOCK TABLES;

--
-- Table structure for table `toc_articles`
--

DROP TABLE IF EXISTS `toc_articles`;
/*!40101 SET @saved_cs_client     = @@character_set_client */;
/*!40101 SET character_set_client = utf8 */;
CREATE TABLE `toc_articles` (
  `articles_id` int(11) NOT NULL AUTO_INCREMENT,
  `articles_categories_id` int(11) NOT NULL,
  `articles_status` tinyint(1) NOT NULL,
  `articles_order` int(10) NOT NULL,
  `articles_date_added` datetime NOT NULL,
  `articles_last_modified` datetime NOT NULL,
  `articles_image` varchar(100) DEFAULT NULL,
  PRIMARY KEY (`articles_id`)
) ENGINE=MyISAM AUTO_INCREMENT=6 DEFAULT CHARSET=utf8;
/*!40101 SET character_set_client = @saved_cs_client */;

--
-- Dumping data for table `toc_articles`
--

LOCK TABLES `toc_articles` WRITE;
/*!40000 ALTER TABLE `toc_articles` DISABLE KEYS */;
INSERT INTO `toc_articles` VALUES (1,1,1,1,'2015-09-07 10:11:04','2015-09-07 10:11:04',NULL),(2,1,1,2,'2015-09-07 10:11:04','2015-09-07 10:11:04',NULL),(3,1,1,3,'2015-09-07 10:11:04','2015-09-07 10:11:04',NULL),(4,1,1,4,'2015-09-07 10:11:04','2015-09-07 10:11:04',NULL),(5,1,1,5,'2015-09-07 10:11:04','2015-09-07 10:11:04',NULL);
/*!40000 ALTER TABLE `toc_articles` ENABLE KEYS */;
UNLOCK TABLES;

--
-- Table structure for table `toc_articles_categories`
--

DROP TABLE IF EXISTS `toc_articles_categories`;
/*!40101 SET @saved_cs_client     = @@character_set_client */;
/*!40101 SET character_set_client = utf8 */;
CREATE TABLE `toc_articles_categories` (
  `articles_categories_id` int(11) NOT NULL AUTO_INCREMENT,
  `articles_categories_status` tinyint(1) NOT NULL,
  `articles_categories_order` int(10) NOT NULL,
  PRIMARY KEY (`articles_categories_id`)
) ENGINE=MyISAM AUTO_INCREMENT=7 DEFAULT CHARSET=utf8;
/*!40101 SET character_set_client = @saved_cs_client */;

--
-- Dumping data for table `toc_articles_categories`
--

LOCK TABLES `toc_articles_categories` WRITE;
/*!40000 ALTER TABLE `toc_articles_categories` DISABLE KEYS */;
INSERT INTO `toc_articles_categories` VALUES (1,1,1),(2,1,0),(3,1,0),(4,1,0),(5,1,0),(6,1,0);
/*!40000 ALTER TABLE `toc_articles_categories` ENABLE KEYS */;
UNLOCK TABLES;

--
-- Table structure for table `toc_articles_categories_description`
--

DROP TABLE IF EXISTS `toc_articles_categories_description`;
/*!40101 SET @saved_cs_client     = @@character_set_client */;
/*!40101 SET character_set_client = utf8 */;
CREATE TABLE `toc_articles_categories_description` (
  `articles_categories_id` int(11) NOT NULL,
  `language_id` int(11) NOT NULL,
  `articles_categories_name` varchar(255) NOT NULL,
  `articles_categories_url` varchar(255) NOT NULL,
  `articles_categories_page_title` varchar(255) NOT NULL,
  `articles_categories_meta_keywords` varchar(255) NOT NULL,
  `articles_categories_meta_description` varchar(255) NOT NULL,
  PRIMARY KEY (`articles_categories_id`,`language_id`)
) ENGINE=MyISAM DEFAULT CHARSET=utf8;
/*!40101 SET character_set_client = @saved_cs_client */;

--
-- Dumping data for table `toc_articles_categories_description`
--

LOCK TABLES `toc_articles_categories_description` WRITE;
/*!40000 ALTER TABLE `toc_articles_categories_description` DISABLE KEYS */;
INSERT INTO `toc_articles_categories_description` VALUES (1,1,'Information','information','','',''),(2,1,'Latest News','latest-news','','',''),(3,1,'Categories 1','categories-1','','',''),(4,1,'Categories 2','categories-2','','',''),(5,1,'Categories 3','categories-3','','',''),(6,1,'Categories 4','categories-4','','','');
/*!40000 ALTER TABLE `toc_articles_categories_description` ENABLE KEYS */;
UNLOCK TABLES;

--
-- Table structure for table `toc_articles_description`
--

DROP TABLE IF EXISTS `toc_articles_description`;
/*!40101 SET @saved_cs_client     = @@character_set_client */;
/*!40101 SET character_set_client = utf8 */;
CREATE TABLE `toc_articles_description` (
  `articles_id` int(11) NOT NULL,
  `language_id` int(11) NOT NULL,
  `articles_name` varchar(255) NOT NULL,
  `articles_url` varchar(255) NOT NULL,
  `articles_description` text NOT NULL,
  `articles_page_title` varchar(255) NOT NULL,
  `articles_meta_keywords` varchar(255) NOT NULL,
  `articles_meta_description` varchar(255) NOT NULL,
  PRIMARY KEY (`articles_id`,`language_id`)
) ENGINE=MyISAM DEFAULT CHARSET=utf8;
/*!40101 SET character_set_client = @saved_cs_client */;

--
-- Dumping data for table `toc_articles_description`
--

LOCK TABLES `toc_articles_description` WRITE;
/*!40000 ALTER TABLE `toc_articles_description` DISABLE KEYS */;
INSERT INTO `toc_articles_description` VALUES (1,1,'About Us','about-us','Put here the required information.','','',''),(2,1,'Shipping & Returns','shipping-returns','Put here the required information.','','',''),(3,1,'Privacy Notice','privacy-notice','Put here the required information.','','',''),(4,1,'Conditions of Use','conditions-of-use','Put here the required information.','','',''),(5,1,'Imprint','imprint','Put here the required information.','','','');
/*!40000 ALTER TABLE `toc_articles_description` ENABLE KEYS */;
UNLOCK TABLES;

--
-- Table structure for table `toc_banners`
--

DROP TABLE IF EXISTS `toc_banners`;
/*!40101 SET @saved_cs_client     = @@character_set_client */;
/*!40101 SET character_set_client = utf8 */;
CREATE TABLE `toc_banners` (
  `banners_id` int(11) NOT NULL AUTO_INCREMENT,
  `banners_title` varchar(64) NOT NULL,
  `banners_url` varchar(255) NOT NULL,
  `banners_image` varchar(64) NOT NULL,
  `banners_group` varchar(10) NOT NULL,
  `banners_html_text` text CHARACTER SET utf8 COLLATE utf8_unicode_ci,
  `expires_impressions` int(7) DEFAULT '0',
  `expires_date` datetime DEFAULT NULL,
  `date_scheduled` datetime DEFAULT NULL,
  `date_added` datetime NOT NULL,
  `date_status_change` datetime DEFAULT NULL,
  `status` int(1) NOT NULL DEFAULT '1',
  PRIMARY KEY (`banners_id`)
) ENGINE=MyISAM DEFAULT CHARSET=utf8;
/*!40101 SET character_set_client = @saved_cs_client */;

--
-- Dumping data for table `toc_banners`
--

LOCK TABLES `toc_banners` WRITE;
/*!40000 ALTER TABLE `toc_banners` DISABLE KEYS */;
/*!40000 ALTER TABLE `toc_banners` ENABLE KEYS */;
UNLOCK TABLES;

--
-- Table structure for table `toc_banners_history`
--

DROP TABLE IF EXISTS `toc_banners_history`;
/*!40101 SET @saved_cs_client     = @@character_set_client */;
/*!40101 SET character_set_client = utf8 */;
CREATE TABLE `toc_banners_history` (
  `banners_history_id` int(11) NOT NULL AUTO_INCREMENT,
  `banners_id` int(11) NOT NULL,
  `banners_shown` int(5) NOT NULL DEFAULT '0',
  `banners_clicked` int(5) NOT NULL DEFAULT '0',
  `banners_history_date` datetime NOT NULL,
  PRIMARY KEY (`banners_history_id`)
) ENGINE=MyISAM DEFAULT CHARSET=utf8;
/*!40101 SET character_set_client = @saved_cs_client */;

--
-- Dumping data for table `toc_banners_history`
--

LOCK TABLES `toc_banners_history` WRITE;
/*!40000 ALTER TABLE `toc_banners_history` DISABLE KEYS */;
/*!40000 ALTER TABLE `toc_banners_history` ENABLE KEYS */;
UNLOCK TABLES;

--
-- Table structure for table `toc_categories`
--

DROP TABLE IF EXISTS `toc_categories`;
/*!40101 SET @saved_cs_client     = @@character_set_client */;
/*!40101 SET character_set_client = utf8 */;
CREATE TABLE `toc_categories` (
  `categories_id` int(11) NOT NULL AUTO_INCREMENT,
  `categories_image` varchar(64) DEFAULT NULL,
  `parent_id` int(11) NOT NULL DEFAULT '0',
  `sort_order` int(3) DEFAULT NULL,
  `categories_status` int(1) DEFAULT '1',
  `date_added` datetime DEFAULT NULL,
  `last_modified` datetime DEFAULT NULL,
  PRIMARY KEY (`categories_id`),
  KEY `idx_categories_parent_id` (`parent_id`)
) ENGINE=MyISAM AUTO_INCREMENT=10 DEFAULT CHARSET=utf8;
/*!40101 SET character_set_client = @saved_cs_client */;

--
-- Dumping data for table `toc_categories`
--

LOCK TABLES `toc_categories` WRITE;
/*!40000 ALTER TABLE `toc_categories` DISABLE KEYS */;
INSERT INTO `toc_categories` VALUES (1,'categories_notebooks.jpg',0,0,1,'2015-09-07 10:12:36',NULL),(2,'categories_desktops.jpg',0,0,1,'2015-09-07 10:12:36',NULL),(3,'categories_monitor.jpg',0,0,1,'2015-09-07 10:12:36',NULL),(4,'categories_printer.jpg',0,0,1,'2015-09-07 10:12:36',NULL),(5,'categories_printer.jpg',4,0,1,'2015-09-07 10:12:36',NULL),(6,'categories_printer.jpg',4,0,1,'2015-09-07 10:12:36',NULL),(7,'categories_printer.jpg',4,0,1,'2015-09-07 10:12:36',NULL),(8,'categories_printer.jpg',4,0,1,'2015-09-07 10:12:36',NULL),(9,'categories_ipod.jpg',0,0,1,'2015-09-07 10:12:36',NULL);
/*!40000 ALTER TABLE `toc_categories` ENABLE KEYS */;
UNLOCK TABLES;

--
-- Table structure for table `toc_categories_description`
--

DROP TABLE IF EXISTS `toc_categories_description`;
/*!40101 SET @saved_cs_client     = @@character_set_client */;
/*!40101 SET character_set_client = utf8 */;
CREATE TABLE `toc_categories_description` (
  `categories_id` int(11) NOT NULL,
  `language_id` int(11) NOT NULL,
  `categories_name` varchar(64) NOT NULL,
  `categories_url` varchar(64) NOT NULL,
  `categories_page_title` varchar(255) NOT NULL,
  `categories_meta_keywords` varchar(255) NOT NULL,
  `categories_meta_description` varchar(255) NOT NULL,
  PRIMARY KEY (`categories_id`,`language_id`),
  KEY `idx_categories_name` (`categories_name`)
) ENGINE=MyISAM DEFAULT CHARSET=utf8;
/*!40101 SET character_set_client = @saved_cs_client */;

--
-- Dumping data for table `toc_categories_description`
--

LOCK TABLES `toc_categories_description` WRITE;
/*!40000 ALTER TABLE `toc_categories_description` DISABLE KEYS */;
INSERT INTO `toc_categories_description` VALUES (1,1,'Laptop','laptop','','',''),(2,1,'Desktops','desktops','','',''),(3,1,'Monitors','monitors','','',''),(4,1,'Printers & Scanners','printers-scanners','','',''),(5,1,'HP','hp','','',''),(6,1,'BROTHER','brother','','',''),(7,1,'EPSON','epson','','',''),(8,1,'CANON','canon','','',''),(9,1,'iPod & Camera','ipod-camera','','','');
/*!40000 ALTER TABLE `toc_categories_description` ENABLE KEYS */;
UNLOCK TABLES;

--
-- Table structure for table `toc_categories_ratings`
--

DROP TABLE IF EXISTS `toc_categories_ratings`;
/*!40101 SET @saved_cs_client     = @@character_set_client */;
/*!40101 SET character_set_client = utf8 */;
CREATE TABLE `toc_categories_ratings` (
  `categories_id` int(11) NOT NULL,
  `ratings_id` int(11) NOT NULL,
  PRIMARY KEY (`categories_id`,`ratings_id`)
) ENGINE=MyISAM DEFAULT CHARSET=utf8;
/*!40101 SET character_set_client = @saved_cs_client */;

--
-- Dumping data for table `toc_categories_ratings`
--

LOCK TABLES `toc_categories_ratings` WRITE;
/*!40000 ALTER TABLE `toc_categories_ratings` DISABLE KEYS */;
/*!40000 ALTER TABLE `toc_categories_ratings` ENABLE KEYS */;
UNLOCK TABLES;

--
-- Table structure for table `toc_configuration`
--

DROP TABLE IF EXISTS `toc_configuration`;
/*!40101 SET @saved_cs_client     = @@character_set_client */;
/*!40101 SET character_set_client = utf8 */;
CREATE TABLE `toc_configuration` (
  `configuration_id` int(11) NOT NULL AUTO_INCREMENT,
  `configuration_title` varchar(64) NOT NULL,
  `configuration_key` varchar(64) NOT NULL,
  `configuration_value` varchar(1024) NOT NULL,
  `configuration_description` varchar(255) NOT NULL,
  `configuration_group_id` int(11) NOT NULL,
  `sort_order` int(5) DEFAULT NULL,
  `last_modified` datetime DEFAULT NULL,
  `date_added` datetime NOT NULL,
  `use_function` varchar(255) DEFAULT NULL,
  `set_function` varchar(255) DEFAULT NULL,
  PRIMARY KEY (`configuration_id`)
) ENGINE=MyISAM AUTO_INCREMENT=228 DEFAULT CHARSET=utf8;
/*!40101 SET character_set_client = @saved_cs_client */;

--
-- Dumping data for table `toc_configuration`
--

LOCK TABLES `toc_configuration` WRITE;
/*!40000 ALTER TABLE `toc_configuration` DISABLE KEYS */;
INSERT INTO `toc_configuration` VALUES (1,'Store Name','STORE_NAME','TestStore','The name of my store',1,1,'2015-09-08 16:20:43','2015-09-07 10:11:04',NULL,NULL),(2,'Store Owner','STORE_OWNER','Diana','The name of my store owner',1,2,'2015-09-08 16:20:43','2015-09-07 10:11:04',NULL,NULL),(3,'E-Mail Address','STORE_OWNER_EMAIL_ADDRESS','diana@test.com','The e-mail address of my store owner',1,3,'2015-09-08 16:20:43','2015-09-07 10:11:04',NULL,NULL),(4,'E-Mail From','EMAIL_FROM','\"Diana\" <diana@test.com>','The e-mail address used in (sent) e-mails',1,4,'2015-09-08 16:20:43','2015-09-07 10:11:04',NULL,NULL),(5,'Country','STORE_COUNTRY','73','The country my store is located in <br><br><b>Note: Please remember to update the store zone.</b>',1,6,'2015-09-08 16:20:43','2015-09-07 10:11:04','osC_Address::getCountryName','osc_cfg_set_countries_pulldown_menu'),(6,'Zone','STORE_ZONE','1072','The zone my store is located in',1,7,'2015-09-08 16:20:43','2015-09-07 10:11:04','osC_Address::getZoneName','osc_cfg_set_zones_pulldown_menu'),(7,'Send Extra Order Emails To','SEND_EXTRA_ORDER_EMAILS_TO','','Send extra order emails to the following email addresses, in this format: Name 1 &lt;email@address1&gt;, Name 2 &lt;email@address2&gt;',1,11,'2015-09-08 16:20:43','2015-09-07 10:11:04',NULL,NULL),(8,'Allow Guest To Tell A Friend','ALLOW_GUEST_TO_TELL_A_FRIEND','-1','Allow guests to tell a friend about a product',1,15,NULL,'2015-09-07 10:11:04','osc_cfg_use_get_boolean_value','osc_cfg_set_boolean_value(array(1, -1))'),(9,'Store Address and Phone','STORE_NAME_ADDRESS','TestStore\nRue de l\'inconnue\n75010 Paris\nFrance','This is the Store Name, Address and Phone used on printable documents and displayed online',1,18,'2015-09-08 16:20:43','2015-09-07 10:11:04',NULL,'osc_cfg_set_textarea_field'),(10,'Tax Decimal Places','TAX_DECIMAL_PLACES','0','Pad the tax value this amount of decimal places',1,20,'2015-09-08 16:20:43','2015-09-07 10:11:04',NULL,NULL),(11,'Display Prices with Tax','DISPLAY_PRICE_WITH_TAX','1','Display prices with tax included (true) or add the tax at the end (false)',1,21,NULL,'2015-09-07 10:11:04','osc_cfg_use_get_boolean_value','osc_cfg_set_boolean_value(array(1, -1))'),(12,'Invoice Start Number','INVOICE_START_NUMBER','10000','Invoices would be numbered according to the starting number + increment value per Step 1.',1,22,'2015-09-08 16:20:43','2015-09-07 10:11:04',NULL,NULL),(13,'Maintenance mode','MAINTENANCE_MODE','-1','Maintenance Mode',1,23,NULL,'2015-09-07 10:11:04','osc_cfg_use_get_boolean_value','osc_cfg_set_boolean_value(array(1, -1))'),(14,'Use TinyMCE Editor','USE_WYSIWYG_TINYMCE_EDITOR','-1','Use TinyMCE Editor',1,24,NULL,'2015-09-07 10:11:04','osc_cfg_use_get_boolean_value','osc_cfg_set_boolean_value(array(1, -1))'),(15,'Display Products in the subcatalogs recursively','DISPLAY_SUBCATALOGS_PRODUCTS','1','Display the products in the subcatalogs recursively!',1,25,NULL,'2015-09-07 10:11:04','osc_cfg_use_get_boolean_value','osc_cfg_set_boolean_value(array(1, -1))'),(16,'Credit Card Owner Name','CC_OWNER_MIN_LENGTH','3','Minimum length of credit card owner name',2,12,NULL,'2015-09-07 10:11:04',NULL,NULL),(17,'Credit Card Number','CC_NUMBER_MIN_LENGTH','10','Minimum length of credit card number',2,13,NULL,'2015-09-07 10:11:04',NULL,NULL),(18,'Review Text','REVIEW_TEXT_MIN_LENGTH','50','Minimum length of review text',2,14,NULL,'2015-09-07 10:11:04',NULL,NULL),(19,'Address Book Entries','MAX_ADDRESS_BOOK_ENTRIES','100','Maximum address book entries a customer is allowed to have',3,1,NULL,'2015-09-07 10:11:04',NULL,NULL),(20,'Search Results','MAX_DISPLAY_SEARCH_RESULTS','20','Amount of products to list',3,2,NULL,'2015-09-07 10:11:04',NULL,NULL),(21,'Categories To List Per Row','MAX_DISPLAY_CATEGORIES_PER_ROW','3','How many categories to list per row',3,13,NULL,'2015-09-07 10:11:04',NULL,NULL),(22,'New Products Listing','MAX_DISPLAY_PRODUCTS_NEW','10','Maximum number of new products to display in new products page',3,14,NULL,'2015-09-07 10:11:04',NULL,NULL),(23,'Order History','MAX_DISPLAY_ORDER_HISTORY','10','Maximum number of orders to display in the order history page',3,18,NULL,'2015-09-07 10:11:04',NULL,NULL),(24,'Heading Image Width','HEADING_IMAGE_WIDTH','57','The pixel width of heading images',4,3,NULL,'2015-09-07 10:11:04',NULL,NULL),(25,'Heading Image Height','HEADING_IMAGE_HEIGHT','40','The pixel height of heading images',4,4,NULL,'2015-09-07 10:11:04',NULL,NULL),(26,'Image Required','IMAGE_REQUIRED','1','Enable to display broken images. Good for development.',4,8,NULL,'2015-09-07 10:11:04','osc_cfg_use_get_boolean_value','osc_cfg_set_boolean_value(array(1, -1))'),(27,'Gender','ACCOUNT_GENDER','1','Ask for or require the customers gender.',5,10,NULL,'2015-09-07 10:11:04','osc_cfg_use_get_boolean_value','osc_cfg_set_boolean_value(array(1, 0, -1))'),(28,'First Name','ACCOUNT_FIRST_NAME','2','Minimum requirement for the customers first name.',5,11,NULL,'2015-09-07 10:11:04',NULL,'osc_cfg_set_boolean_value(array(\'1\', \'2\', \'3\', \'4\', \'5\', \'6\', \'7\', \'8\', \'9\', \'10\'))'),(29,'Last Name','ACCOUNT_LAST_NAME','2','Minimum requirement for the customers last name.',5,12,NULL,'2015-09-07 10:11:04',NULL,'osc_cfg_set_boolean_value(array(\'1\', \'2\', \'3\', \'4\', \'5\', \'6\', \'7\', \'8\', \'9\', \'10\'))'),(30,'Date Of Birth','ACCOUNT_DATE_OF_BIRTH','1','Ask for the customers date of birth.',5,13,NULL,'2015-09-07 10:11:04','osc_cfg_use_get_boolean_value','osc_cfg_set_boolean_value(array(1, -1))'),(31,'E-Mail Address','ACCOUNT_EMAIL_ADDRESS','6','Minimum requirement for the customers e-mail address.',5,14,NULL,'2015-09-07 10:11:04',NULL,'osc_cfg_set_boolean_value(array(\'1\', \'2\', \'3\', \'4\', \'5\', \'6\', \'7\', \'8\', \'9\', \'10\'))'),(32,'Password','ACCOUNT_PASSWORD','5','Minimum requirement for the customers password.',5,15,NULL,'2015-09-07 10:11:04',NULL,'osc_cfg_set_boolean_value(array(\'1\', \'2\', \'3\', \'4\', \'5\', \'6\', \'7\', \'8\', \'9\', \'10\'))'),(33,'Newsletter','ACCOUNT_NEWSLETTER','1','Ask for a newsletter subscription.',5,16,NULL,'2015-09-07 10:11:04','osc_cfg_use_get_boolean_value','osc_cfg_set_boolean_value(array(1, -1))'),(34,'Company Name','ACCOUNT_COMPANY','0','Ask for or require the customers company name.',5,17,NULL,'2015-09-07 10:11:04','osc_cfg_use_get_boolean_value','osc_cfg_set_boolean_value(array(\'10\', \'9\', \'8\', \'7\', \'6\', \'5\', \'4\', \'3\', \'2\', \'1\', 0, -1))'),(35,'Street Address','ACCOUNT_STREET_ADDRESS','5','Minimum requirement for the customers street address.',5,18,NULL,'2015-09-07 10:11:04',NULL,'osc_cfg_set_boolean_value(array(\'1\', \'2\', \'3\', \'4\', \'5\', \'6\', \'7\', \'8\', \'9\', \'10\'))'),(36,'Suburb','ACCOUNT_SUBURB','0','Ask for or require the customers suburb.',5,19,NULL,'2015-09-07 10:11:04','osc_cfg_use_get_boolean_value','osc_cfg_set_boolean_value(array(\'10\', \'9\', \'8\', \'7\', \'6\', \'5\', \'4\', \'3\', \'2\', \'1\', 0, -1))'),(37,'Post Code','ACCOUNT_POST_CODE','0','Minimum requirement for the customers post code.',5,20,NULL,'2015-09-07 10:11:04','osc_cfg_use_get_boolean_value','osc_cfg_set_boolean_value(array(-1, 0, \'1\', \'2\', \'3\', \'4\', \'5\', \'6\', \'7\', \'8\', \'9\', \'10\'))'),(38,'City','ACCOUNT_CITY','4','Minimum requirement for the customers city.',5,21,NULL,'2015-09-07 10:11:04',NULL,'osc_cfg_set_boolean_value(array(\'1\', \'2\', \'3\', \'4\', \'5\', \'6\', \'7\', \'8\', \'9\', \'10\'))'),(39,'State','ACCOUNT_STATE','2','Ask for or require the customers state.',5,22,NULL,'2015-09-07 10:11:04','osc_cfg_use_get_boolean_value','osc_cfg_set_boolean_value(array(\'10\', \'9\', \'8\', \'7\', \'6\', \'5\', \'4\', \'3\', \'2\', \'1\', 0, -1))'),(40,'Country','ACCOUNT_COUNTRY','1','Ask for the customers country.',5,23,NULL,'2015-09-07 10:11:04','osc_cfg_use_get_boolean_value','osc_cfg_set_boolean_value(array(1))'),(41,'Telephone Number','ACCOUNT_TELEPHONE','3','Ask for or require the customers telephone number.',5,24,NULL,'2015-09-07 10:11:04','osc_cfg_use_get_boolean_value','osc_cfg_set_boolean_value(array(\'10\', \'9\', \'8\', \'7\', \'6\', \'5\', \'4\', \'3\', \'2\', \'1\', 0, -1))'),(42,'Fax Number','ACCOUNT_FAX','0','Ask for or require the customers fax number.',5,25,NULL,'2015-09-07 10:11:04','osc_cfg_use_get_boolean_value','osc_cfg_set_boolean_value(array(\'10\', \'9\', \'8\', \'7\', \'6\', \'5\', \'4\', \'3\', \'2\', \'1\', 0, -1))'),(43,'Default Currency','DEFAULT_CURRENCY','USD','Default Currency',6,0,NULL,'2015-09-07 10:11:04',NULL,NULL),(44,'Default Language','DEFAULT_LANGUAGE','en_US','Default Language',6,0,NULL,'2015-09-07 10:11:04',NULL,NULL),(45,'Default Order Status For New Orders','DEFAULT_ORDERS_STATUS_ID','1','When a new order is created, this order status will be assigned to it.',6,0,NULL,'2015-09-07 10:11:04',NULL,NULL),(46,'Default Image Group','DEFAULT_IMAGE_GROUP_ID','2','Default image group.',6,0,NULL,'2015-09-07 10:11:04',NULL,NULL),(47,'Default Template','DEFAULT_TEMPLATE','glass_gray','TomatoCart Glass Gray',6,0,NULL,'2015-09-07 10:11:04',NULL,NULL),(48,'Country of Origin','SHIPPING_ORIGIN_COUNTRY','73','Select the country of origin to be used in shipping quotes.',7,1,'2015-09-08 16:20:43','2015-09-07 10:11:04','osC_Address::getCountryName','osc_cfg_set_countries_pulldown_menu'),(49,'Postal Code','SHIPPING_ORIGIN_ZIP','75010','Enter the Postal Code (ZIP) of the Store to be used in shipping quotes.',7,2,'2015-09-08 16:20:43','2015-09-07 10:11:04',NULL,NULL),(50,'Enter the Maximum Package Weight you will ship','SHIPPING_MAX_WEIGHT','50','Carriers have a max weight limit for a single package. This is a common one for all.',7,3,'2015-09-08 16:20:43','2015-09-07 10:11:04',NULL,NULL),(51,'Package Tare weight.','SHIPPING_BOX_WEIGHT','3','What is the weight of typical packaging of small to medium packages?',7,4,'2015-09-08 16:20:43','2015-09-07 10:11:04',NULL,NULL),(52,'Larger packages - percentage increase.','SHIPPING_BOX_PADDING','10','For 10% enter 10',7,5,'2015-09-08 16:20:43','2015-09-07 10:11:04',NULL,NULL),(53,'Default Shipping Unit','SHIPPING_WEIGHT_UNIT','2','Select the unit of weight to be used for shipping.',7,6,'2015-09-08 16:20:43','2015-09-07 10:11:04','osC_Weight::getTitle','osc_cfg_set_weight_classes_pulldown_menu'),(54,'Default Unit Class','DEFAULT_UNIT_CLASSES','1','Default Unit Class',6,0,NULL,'2015-09-07 10:11:04',NULL,NULL),(55,'Display Product Image','PRODUCT_LIST_IMAGE','1','Do you want to display the Product Image?',8,1,NULL,'2015-09-07 10:11:04',NULL,NULL),(56,'Display Product Manufaturer Name','PRODUCT_LIST_MANUFACTURER','0','Do you want to display the Product Manufacturer Name?',8,2,NULL,'2015-09-07 10:11:04',NULL,NULL),(57,'Display Product SKU','PRODUCT_LIST_SKU','0','Do you want to display the Product SKU?',8,3,NULL,'2015-09-07 10:11:04',NULL,NULL),(58,'Display Product Name','PRODUCT_LIST_NAME','2','Do you want to display the Product Name?',8,4,NULL,'2015-09-07 10:11:04',NULL,NULL),(59,'Display Product Price','PRODUCT_LIST_PRICE','3','Do you want to display the Product Price',8,5,NULL,'2015-09-07 10:11:04',NULL,NULL),(60,'Display Product Quantity','PRODUCT_LIST_QUANTITY','0','Do you want to display the Product Quantity?',8,6,NULL,'2015-09-07 10:11:04',NULL,NULL),(61,'Display Product Weight','PRODUCT_LIST_WEIGHT','0','Do you want to display the Product Weight?',8,7,NULL,'2015-09-07 10:11:04',NULL,NULL),(62,'Display Buy Now column','PRODUCT_LIST_BUY_NOW','4','Do you want to display the Buy Now column?',8,8,NULL,'2015-09-07 10:11:04',NULL,NULL),(63,'Display Category/Manufacturer Filter','PRODUCT_LIST_FILTER','1','Do you want to display the Category/Manufacturer Filter?',8,9,NULL,'2015-09-07 10:11:04','osc_cfg_use_get_boolean_value','osc_cfg_set_boolean_value(array(1, -1))'),(64,'Location of Prev/Next Navigation Bar (1-top, 2-bottom, 3-both)','PREV_NEXT_BAR_LOCATION','2','Sets the location of the Prev/Next Navigation Bar (1-top, 2-bottom, 3-both)',8,10,NULL,'2015-09-07 10:11:04',NULL,NULL),(65,'Check stock level','STOCK_CHECK','1','Check to see if sufficent stock is available',9,1,NULL,'2015-09-07 10:11:04','osc_cfg_use_get_boolean_value','osc_cfg_set_boolean_value(array(1, -1))'),(66,'Subtract stock','STOCK_LIMITED','1','Subtract product in stock by product orders',9,2,NULL,'2015-09-07 10:11:04','osc_cfg_use_get_boolean_value','osc_cfg_set_boolean_value(array(1, -1))'),(67,'Allow Checkout','STOCK_ALLOW_CHECKOUT','1','Allow customer to checkout even if there is insufficient stock',9,3,NULL,'2015-09-07 10:11:04','osc_cfg_use_get_boolean_value','osc_cfg_set_boolean_value(array(1, -1))'),(68,'Mark product out of stock','STOCK_MARK_PRODUCT_OUT_OF_STOCK','***','Display something on screen so customer can see which product has insufficient stock',9,4,NULL,'2015-09-07 10:11:04',NULL,NULL),(69,'Stock Re-order level','STOCK_REORDER_LEVEL','5','Define when stock needs to be re-ordered',9,5,NULL,'2015-09-07 10:11:04',NULL,NULL),(70,'Out of stock email alerts','STOCK_EMAIL_ALERT','1','Define send a email to administrator  if out of stock',9,6,NULL,'2015-09-07 10:11:04','osc_cfg_use_get_boolean_value','osc_cfg_set_boolean_value(array(1, -1))'),(71,'Display Product Quantity','PRODUCT_INFO_QUANTITY','1','Do you want to display the Product Quantity?',10,1,NULL,'2015-09-07 10:11:04','osc_cfg_use_get_boolean_value','osc_cfg_set_boolean_value(array(1, -1))'),(72,'Display Product Minimum Order Quantity','PRODUCT_INFO_MOQ','-1','Do you want to display the Product Minimum Order Quantity?',10,2,NULL,'2015-09-07 10:11:04','osc_cfg_use_get_boolean_value','osc_cfg_set_boolean_value(array(1, -1))'),(73,'Display Product Order Increment','PRODUCT_INFO_ORDER_INCREMENT','-1','Do you want to display the Order Increment?',10,3,NULL,'2015-09-07 10:11:04','osc_cfg_use_get_boolean_value','osc_cfg_set_boolean_value(array(1, -1))'),(74,'Allow gift certificate return','ALLOW_GIFT_CERTIFICATE_RETURN','-1','Do you want to allow customer return gift certificates?',11,3,NULL,'2015-09-07 10:11:04','osc_cfg_use_get_boolean_value','osc_cfg_set_boolean_value(array(1, -1))'),(75,'Allow downloadable return','ALLOW_DOWNLOADABLE_RETURN','-1','Do you want to allow customer return downloadable products?',11,4,NULL,'2015-09-07 10:11:04','osc_cfg_use_get_boolean_value','osc_cfg_set_boolean_value(array(1, -1))'),(76,'Allow return request','ALLOW_RETURN_REQUEST','1','Do you want to allow customer return product?',11,5,NULL,'2015-09-07 10:11:04','osc_cfg_use_get_boolean_value','osc_cfg_set_boolean_value(array(1, -1))'),(77,'Download by redirect','DOWNLOAD_BY_REDIRECT','-1','Use browser redirection for download. Disable on non-Unix systems.',11,1,NULL,'2015-09-07 10:11:04','osc_cfg_use_get_boolean_value','osc_cfg_set_boolean_value(array(1, -1))'),(78,'E-Mail Transport Method','EMAIL_TRANSPORT','sendmail','Defines if this server uses a local connection to sendmail or uses an SMTP connection via TCP/IP. Servers running on Windows and MacOS should change this setting to SMTP.',12,1,'2015-09-08 16:20:43','2015-09-07 10:11:04',NULL,'osc_cfg_set_boolean_value(array(\'sendmail\', \'smtp\'))'),(79,'E-Mail Linefeeds','EMAIL_LINEFEED','LF','Defines the character sequence used to separate mail headers.',12,2,NULL,'2015-09-07 10:11:04',NULL,'osc_cfg_set_boolean_value(array(\'LF\', \'CRLF\'))'),(80,'SMTP Server','SMTP_HOST','','The SMTP E-Mail Server',12,3,NULL,'2015-09-07 10:11:04',NULL,NULL),(81,'SMTP Server Port','SMTP_PORT','25','The SMTP E-Mail Server',12,4,NULL,'2015-09-07 10:11:04',NULL,NULL),(82,'SMTP Username','SMTP_USERNAME','','SMTP Username',12,5,NULL,'2015-09-07 10:11:04',NULL,NULL),(83,'SMTP Password','SMTP_PASSWORD','','SMTP Password',12,6,NULL,'2015-09-07 10:11:04',NULL,NULL),(84,'Use MIME HTML When Sending Emails','EMAIL_USE_HTML','-1','Send e-mails in HTML format',12,7,NULL,'2015-09-07 10:11:04','osc_cfg_use_get_boolean_value','osc_cfg_set_boolean_value(array(1, -1))'),(85,'Verify E-Mail Addresses Through DNS','ENTRY_EMAIL_ADDRESS_CHECK','-1','Verify e-mail address through a DNS server',12,8,NULL,'2015-09-07 10:11:04','osc_cfg_use_get_boolean_value','osc_cfg_set_boolean_value(array(1, -1))'),(86,'Send E-Mails','SEND_EMAILS','False','Send out e-mails',12,9,'2015-09-08 16:20:43','2015-09-07 10:11:04','osc_cfg_use_get_boolean_value','osc_cfg_set_boolean_value(array(1, -1))'),(87,'Confirm Terms and Conditions During Checkout Procedure','DISPLAY_CONDITIONS_ON_CHECKOUT','-1','Show the Terms and Conditions during the checkout procedure which the customer must agree to.',16,1,NULL,'2015-09-07 10:11:04','osc_cfg_use_get_boolean_value','osc_cfg_set_boolean_value(array(1, -1))'),(88,'Confirm Privacy Notice During Account Creation Procedure','DISPLAY_PRIVACY_CONDITIONS','-1','Show the Privacy Notice during the account creation procedure which the customer must agree to.',16,2,NULL,'2015-09-07 10:11:04','osc_cfg_use_get_boolean_value','osc_cfg_set_boolean_value(array(1, -1))'),(89,'Verify With Regular Expressions','CFG_CREDIT_CARDS_VERIFY_WITH_REGEXP','1','Verify credit card numbers with server-side regular expression patterns.',17,0,NULL,'2015-09-07 10:11:04','osc_cfg_use_get_boolean_value','osc_cfg_set_boolean_value(array(1, -1))'),(90,'Verify With Javascript','CFG_CREDIT_CARDS_VERIFY_WITH_JS','1','Verify credit card numbers with javascript based regular expression patterns.',17,1,NULL,'2015-09-07 10:11:04','osc_cfg_use_get_boolean_value','osc_cfg_set_boolean_value(array(1, -1))'),(91,'GZIP','CFG_APP_GZIP','','The program location to gzip.',18,1,NULL,'2015-09-07 10:11:04',NULL,NULL),(92,'GUNZIP','CFG_APP_GUNZIP','','The program location to gunzip.',18,2,NULL,'2015-09-07 10:11:04',NULL,NULL),(93,'ZIP','CFG_APP_ZIP','','The program location to zip.',18,3,NULL,'2015-09-07 10:11:04',NULL,NULL),(94,'UNZIP','CFG_APP_UNZIP','','The program location to unzip.',18,4,NULL,'2015-09-07 10:11:04',NULL,NULL),(95,'cURL','CFG_APP_CURL','','The program location to cURL.',18,5,'2015-09-08 15:41:54','2015-09-07 10:11:04',NULL,NULL),(96,'Activate Captcha','ACTIVATE_CAPTCHA','1','active captcha for contact us page and guest book',19,1,NULL,'2015-09-07 10:11:04','osc_cfg_use_get_boolean_value','osc_cfg_set_boolean_value(array(1, -1))'),(97,'Disallow more than one vote from the same IP address','DISALLOW_MORE_THAN_ONE_VOTE','1','Disallow more than one vote from the same IP address',19,2,NULL,'2015-09-07 10:11:04','osc_cfg_use_get_boolean_value','osc_cfg_set_boolean_value(array(1, -1))'),(98,'Minimum List Size','BOX_BEST_SELLERS_MIN_LIST','3','Minimum amount of products that must be shown in the listing',6,0,NULL,'2015-09-07 10:11:04',NULL,NULL),(99,'Maximum List Size','BOX_BEST_SELLERS_MAX_LIST','10','Maximum amount of products to show in the listing',6,0,NULL,'2015-09-07 10:11:04',NULL,NULL),(100,'Cache Contents','BOX_BEST_SELLERS_CACHE','60','Number of minutes to keep the contents cached (0 = no cache)',6,0,NULL,'2015-09-07 10:11:04',NULL,NULL),(101,'Show Product Count','BOX_CATEGORIES_SHOW_PRODUCT_COUNT','1','Show the amount of products each category has',6,0,NULL,'2015-09-07 10:11:04','osc_cfg_use_get_boolean_value','osc_cfg_set_boolean_value(array(1, -1))'),(102,'Display Drop Down Menu','BOX_CATEGORIES_DISPLAY_DROP_DOWN_MENU','1','Use MenuMatic to display drop down menu',6,1,NULL,'2015-09-07 10:11:04','osc_cfg_use_get_boolean_value','osc_cfg_set_boolean_value(array(1, -1))'),(103,'Drop Down Menu Effect','BOX_CATEGORIES_DROP_DOWN_MENU_EFFECT','slide & fade','Drop Down Menu Effect',6,2,NULL,'2015-09-07 10:11:04','osc_cfg_use_get_boolean_value','osc_cfg_set_boolean_value(array(\'fade\', \'slide\', \'slide & fade\'))'),(104,'Drop Down Menu Duration','BOX_CATEGORIES_DROP_DOWN_MENU_DURATION','600','Drop Down Menu Duration',6,3,NULL,'2015-09-07 10:11:04',NULL,NULL),(105,'Manufacturers List Type','BOX_MANUFACTURERS_LIST_TYPE','Image List','The type of the manufacturers list(ComboBox, Image List).',6,0,NULL,'2015-09-07 10:11:04',NULL,'osc_cfg_set_boolean_value(array(\'ComboBox\', \'Image List\'))'),(106,'Manufacturers List Size','BOX_MANUFACTURERS_LIST_SIZE','1','The size of the manufacturers pull down menu listing.',6,0,NULL,'2015-09-07 10:11:04',NULL,NULL),(107,'Maximum List Size','BOX_ORDER_HISTORY_MAX_LIST','5','Maximum amount of products to show in the listing',6,0,NULL,'2015-09-07 10:11:04',NULL,NULL),(108,'Random Review Selection','BOX_REVIEWS_RANDOM_SELECT','10','Select a random review from this amount of the newest reviews available',6,0,NULL,'2015-09-07 10:11:04',NULL,NULL),(109,'Cache Contents','BOX_REVIEWS_CACHE','1','Number of minutes to keep the contents cached (0 = no cache)',6,0,NULL,'2015-09-07 10:11:04',NULL,NULL),(110,'Random Product Specials Selection','BOX_SPECIALS_RANDOM_SELECT','10','Select a random product on special from this amount of the newest products on specials available',6,0,NULL,'2015-09-07 10:11:04',NULL,NULL),(111,'Cache Contents','BOX_SPECIALS_CACHE','1','Number of minutes to keep the contents cached (0 = no cache)',6,0,NULL,'2015-09-07 10:11:04',NULL,NULL),(112,'Random New Product Selection','BOX_WHATS_NEW_RANDOM_SELECT','10','Select a random new product from this amount of the newest products available',6,0,NULL,'2015-09-07 10:11:04',NULL,NULL),(113,'Cache Contents','BOX_WHATS_NEW_CACHE','1','Number of minutes to keep the contents cached (0 = no cache)',6,0,NULL,'2015-09-07 10:11:04',NULL,NULL),(114,'Maximum Entries To Display','MODULE_CONTENT_NEW_PRODUCTS_MAX_DISPLAY','9','Maximum number of new products to display',6,0,NULL,'2015-09-07 10:11:04',NULL,NULL),(115,'Cache Contents','MODULE_CONTENT_NEW_PRODUCTS_CACHE','60','Number of minutes to keep the contents cached (0 = no cache)',6,0,NULL,'2015-09-07 10:11:04',NULL,NULL),(116,'Minimum Entries To Display','MODULE_CONTENT_ALSO_PURCHASED_MIN_DISPLAY','1','Minimum number of also purchased products to display',6,0,NULL,'2015-09-07 10:11:04',NULL,NULL),(117,'Maximum Entries To Display','MODULE_CONTENT_ALSO_PURCHASED_MAX_DISPLAY','6','Maximum number of also purchased products to display',6,0,NULL,'2015-09-07 10:11:04',NULL,NULL),(118,'Cache Contents','MODULE_CONTENT_ALSO_PURCHASED_PRODUCTS_CACHE','60','Number of minutes to keep the contents cached (0 = no cache)',6,0,NULL,'2015-09-07 10:11:04',NULL,NULL),(119,'Maximum Entries To Display','MODULE_CONTENT_UPCOMING_PRODUCTS_MAX_DISPLAY','10','Maximum number of upcoming products to display',6,0,NULL,'2015-09-07 10:11:04',NULL,NULL),(120,'Cache Contents','MODULE_CONTENT_UPCOMING_PRODUCTS_CACHE','1440','Number of minutes to keep the contents cached (0 = no cache)',6,0,NULL,'2015-09-07 10:11:04',NULL,NULL),(121,'Maximum Entries To Display','MODULE_CONTENT_FEATURE_PRODUCTS_MAX_DISPLAY','9','Maximum number of new products to display',6,0,NULL,'2015-09-07 10:11:04',NULL,NULL),(122,'GZIP Compression Level','SERVICE_OUTPUT_COMPRESSION_GZIP_LEVEL','5','Set the GZIP compression level to this value (0=min, 9=max).',6,0,NULL,'2015-09-07 10:11:05',NULL,'osc_cfg_set_boolean_value(array(\'0\', \'1\', \'2\', \'3\', \'4\', \'5\', \'6\', \'7\', \'8\', \'9\'))'),(123,'Force Cookie Usage','SERVICE_SESSION_FORCE_COOKIE_USAGE','-1','Only start a session when cookies are enabled.',6,0,NULL,'2015-09-07 10:11:05','osc_cfg_use_get_boolean_value','osc_cfg_set_boolean_value(array(1, -1))'),(124,'Block Search Engine Spiders','SERVICE_SESSION_BLOCK_SPIDERS','-1','Block search engine spider robots from starting a session.',6,0,NULL,'2015-09-07 10:11:05','osc_cfg_use_get_boolean_value','osc_cfg_set_boolean_value(array(1, -1))'),(125,'Check SSL Session ID','SERVICE_SESSION_CHECK_SSL_SESSION_ID','-1','Check the SSL_SESSION_ID on every secure HTTPS page request.',6,0,NULL,'2015-09-07 10:11:05','osc_cfg_use_get_boolean_value','osc_cfg_set_boolean_value(array(1, -1))'),(126,'Check User Agent','SERVICE_SESSION_CHECK_USER_AGENT','-1','Check the browser user agent on every page request.',6,0,NULL,'2015-09-07 10:11:05','osc_cfg_use_get_boolean_value','osc_cfg_set_boolean_value(array(1, -1))'),(127,'Check IP Address','SERVICE_SESSION_CHECK_IP_ADDRESS','-1','Check the IP address on every page request.',6,0,NULL,'2015-09-07 10:11:05','osc_cfg_use_get_boolean_value','osc_cfg_set_boolean_value(array(1, -1))'),(128,'Regenerate Session ID','SERVICE_SESSION_REGENERATE_ID','-1','Regenerate the session ID when a customer logs on or creates an account (requires PHP >= 4.1).',6,0,NULL,'2015-09-07 10:11:05','osc_cfg_use_get_boolean_value','osc_cfg_set_boolean_value(array(1, -1))'),(129,'Use Default Language Currency','USE_DEFAULT_LANGUAGE_CURRENCY','-1','Automatically use the currency set with the language (eg, German->Euro).',6,0,NULL,'2015-09-07 10:11:05','osc_cfg_use_get_boolean_value','osc_cfg_set_boolean_value(array(1, -1))'),(130,'Calculate Number Of Products In Each Category','SERVICES_CATEGORY_PATH_CALCULATE_PRODUCT_COUNT','1','Recursively calculate how many products are in each category.',6,0,NULL,'2015-09-07 10:11:05','osc_cfg_use_get_boolean_value','osc_cfg_set_boolean_value(array(1, -1))'),(131,'Detect Search Engine Spider Robots','SERVICE_WHOS_ONLINE_SPIDER_DETECTION','1','Detect search engine spider robots (GoogleBot, Yahoo, etc).',6,0,NULL,'2015-09-07 10:11:05','osc_cfg_use_get_boolean_value','osc_cfg_set_boolean_value(array(1, -1))'),(132,'Special Products','MAX_DISPLAY_SPECIAL_PRODUCTS','9','Maximum number of products on special to display',6,0,NULL,'2015-09-07 10:11:05',NULL,NULL),(133,'New Reviews','MAX_DISPLAY_NEW_REVIEWS','6','Maximum number of new reviews to display',6,0,NULL,'2015-09-07 10:11:05',NULL,NULL),(134,'Review Level','SERVICE_REVIEW_ENABLE_REVIEWS','1','Customer level required to write a review.',6,0,NULL,'2015-09-07 10:11:05',NULL,'osc_cfg_set_boolean_value(array(\'0\', \'1\', \'2\'))'),(135,'Moderate Reviews','SERVICE_REVIEW_ENABLE_MODERATION','-1','Should reviews be approved by store admin.',6,0,NULL,'2015-09-07 10:11:05',NULL,'osc_cfg_set_boolean_value(array(\'-1\', \'0\', \'1\'))'),(136,'Display latest products','SERVICE_RECENTLY_VISITED_SHOW_PRODUCTS','1','Display recently visited products.',6,0,NULL,'2015-09-07 10:11:05','osc_cfg_use_get_boolean_value','osc_cfg_set_boolean_value(array(1, -1))'),(137,'Display product images','SERVICE_RECENTLY_VISITED_SHOW_PRODUCT_IMAGES','1','Display the product image.',6,0,NULL,'2015-09-07 10:11:05','osc_cfg_use_get_boolean_value','osc_cfg_set_boolean_value(array(1, -1))'),(138,'Display product prices','SERVICE_RECENTLY_VISITED_SHOW_PRODUCT_PRICES','1','Display the products price.',6,0,NULL,'2015-09-07 10:11:05','osc_cfg_use_get_boolean_value','osc_cfg_set_boolean_value(array(1, -1))'),(139,'Maximum products to show','SERVICE_RECENTLY_VISITED_MAX_PRODUCTS','5','Maximum number of recently visited products to show',6,0,NULL,'2015-09-07 10:11:05',NULL,NULL),(140,'Display latest categories','SERVICE_RECENTLY_VISITED_SHOW_CATEGORIES','1','Display recently visited categories.',6,0,NULL,'2015-09-07 10:11:05','osc_cfg_use_get_boolean_value','osc_cfg_set_boolean_value(array(1, -1))'),(141,'Maximum categories to show','SERVICE_RECENTLY_VISITED_MAX_CATEGORIES','3','Mazimum number of recently visited categories to show',6,0,NULL,'2015-09-07 10:11:05',NULL,NULL),(142,'Display latest searches','SERVICE_RECENTLY_VISITED_SHOW_SEARCHES','1','Show recent searches.',6,0,NULL,'2015-09-07 10:11:05','osc_cfg_use_get_boolean_value','osc_cfg_set_boolean_value(array(1, -1))'),(143,'Maximum searches to show','SERVICE_RECENTLY_VISITED_MAX_SEARCHES','3','Mazimum number of recent searches to display',6,0,NULL,'2015-09-07 10:11:05',NULL,NULL),(144,'Service Modules','MODULE_SERVICES_INSTALLED','output_compression;session;language;currencies;core;whos_online;simple_counter;category_path;recently_visited;breadcrumb;specials;reviews','Installed services modules',6,0,NULL,'2015-09-07 10:11:05',NULL,NULL),(145,'Enable Cash On Delivery Module','MODULE_PAYMENT_COD_STATUS','-1','Do you want to accept Cash On Delivery payments?',6,0,NULL,'2015-09-07 10:11:05','osc_cfg_use_get_boolean_value','osc_cfg_set_boolean_value(array(1, -1))'),(146,'Payment Zone','MODULE_PAYMENT_COD_ZONE','0','If a zone is selected, only enable this payment method for that zone.',6,0,NULL,'2015-09-07 10:11:05','osc_cfg_use_get_zone_class_title','osc_cfg_set_zone_classes_pull_down_menu'),(147,'Sort order of display.','MODULE_PAYMENT_COD_SORT_ORDER','0','Sort order of display. Lowest is displayed first.',6,0,NULL,'2015-09-07 10:11:05',NULL,NULL),(148,'Set Order Status','MODULE_PAYMENT_COD_ORDER_STATUS_ID','0','Set the status of orders made with this payment module to this value',6,0,NULL,'2015-09-07 10:11:05','osc_cfg_use_get_order_status_title','osc_cfg_set_order_statuses_pull_down_menu'),(149,'Enable Flat Shipping','MODULE_SHIPPING_FLAT_STATUS','True','Do you want to offer flat rate shipping?',6,0,NULL,'2015-09-07 10:11:05',NULL,'osc_cfg_set_boolean_value(array(\'True\', \'False\'))'),(150,'Shipping Cost','MODULE_SHIPPING_FLAT_COST','5.00','The shipping cost for all orders using this shipping method.',6,0,NULL,'2015-09-07 10:11:05',NULL,NULL),(151,'Tax Class','MODULE_SHIPPING_FLAT_TAX_CLASS','0','Use the following tax class on the shipping fee.',6,0,NULL,'2015-09-07 10:11:05','osc_cfg_use_get_tax_class_title','osc_cfg_set_tax_classes_pull_down_menu'),(152,'Shipping Zone','MODULE_SHIPPING_FLAT_ZONE','0','If a zone is selected, only enable this shipping method for that zone.',6,0,NULL,'2015-09-07 10:11:05','osc_cfg_use_get_zone_class_title','osc_cfg_set_zone_classes_pull_down_menu'),(153,'Sort Order','MODULE_SHIPPING_FLAT_SORT_ORDER','0','Sort order of display.',6,0,NULL,'2015-09-07 10:11:05',NULL,NULL),(154,'Display Sub-Total','MODULE_ORDER_TOTAL_SUBTOTAL_STATUS','true','Do you want to display the order sub-total cost?',6,1,NULL,'2015-09-07 10:11:05',NULL,'osc_cfg_set_boolean_value(array(\'true\', \'false\'))'),(155,'Sort Order','MODULE_ORDER_TOTAL_SUBTOTAL_SORT_ORDER','10','Sort order of display.',6,2,NULL,'2015-09-07 10:11:05',NULL,NULL),(156,'Display Shipping','MODULE_ORDER_TOTAL_SHIPPING_STATUS','true','Do you want to display the order shipping cost?',6,1,NULL,'2015-09-07 10:11:05',NULL,'osc_cfg_set_boolean_value(array(\'true\', \'false\'))'),(157,'Sort Order','MODULE_ORDER_TOTAL_SHIPPING_SORT_ORDER','20','Sort order of display.',6,2,NULL,'2015-09-07 10:11:05',NULL,NULL),(158,'Display Tax','MODULE_ORDER_TOTAL_TAX_STATUS','true','Do you want to display the order tax value?',6,1,NULL,'2015-09-07 10:11:05',NULL,'osc_cfg_set_boolean_value(array(\'true\', \'false\'))'),(159,'Sort Order','MODULE_ORDER_TOTAL_TAX_SORT_ORDER','50','Sort order of display.',6,2,NULL,'2015-09-07 10:11:05',NULL,NULL),(160,'Display Total','MODULE_ORDER_TOTAL_TOTAL_STATUS','true','Do you want to display the total order value?',6,1,NULL,'2015-09-07 10:11:05',NULL,'osc_cfg_set_boolean_value(array(\'true\', \'false\'))'),(161,'Sort Order','MODULE_ORDER_TOTAL_TOTAL_SORT_ORDER','80','Sort order of display.',6,2,NULL,'2015-09-07 10:11:05',NULL,NULL),(162,'Display Coupon','MODULE_ORDER_TOTAL_COUPON_STATUS','true','Do you want to enable coupon?',6,1,NULL,'2015-09-07 10:11:05',NULL,'osc_cfg_set_boolean_value(array(\'true\', \'false\'))'),(163,'Sort Order','MODULE_ORDER_TOTAL_COUPON_SORT_ORDER','40','Sort order of display.',6,2,NULL,'2015-09-07 10:11:05',NULL,NULL),(164,'Enable Gift Certificate','MODULE_ORDER_TOTAL_GIFT_CERTIFICATE_STATUS','true','Do you want to enable gift certificate?',6,1,NULL,'2015-09-07 10:11:05',NULL,'osc_cfg_set_boolean_value(array(\'true\', \'false\'))'),(165,'Sort Order','MODULE_ORDER_TOTAL_GIFT_CERTIFICATE_SORT_ORDER','70','Sort order of display.',6,2,NULL,'2015-09-07 10:11:05',NULL,NULL),(166,'Enable Store Credit','MODULE_ORDER_TOTAL_STORE_CREDIT_STATUS','true','Do you want to enable store credit?',6,1,NULL,'2015-09-07 10:11:05',NULL,'osc_cfg_set_boolean_value(array(\'true\', \'false\'))'),(167,'Sort Order','MODULE_ORDER_TOTAL_STORE_CREDIT_SORT_ORDER','65','Sort order of display.',6,2,NULL,'2015-09-07 10:11:05',NULL,NULL),(168,'Display Wrapping','MODULE_ORDER_TOTAL_GIFT_WRAPPING_STATUS','true','Do you want to enable gift wrapping?',6,1,NULL,'2015-09-07 10:11:05',NULL,'osc_cfg_set_boolean_value(array(\'true\', \'false\'))'),(169,'Sort Order','MODULE_ORDER_TOTAL_GIFT_WRAPPING_SORT_ORDER','25','Sort order of display.',6,2,NULL,'2015-09-07 10:11:05',NULL,NULL),(170,'Gift Wrapping Price','MODULE_ORDER_TOTAL_GIFT_WRAPPING_PRICE','10','The price for the gift wrapping.',6,2,NULL,'2015-09-07 10:11:05',NULL,NULL),(171,'Gift Wrapping Tax','MODULE_ORDER_TOTAL_GIFT_WRAPPING_TAX','0','Use the following tax class on the gift wrapping.',6,7,NULL,'2015-09-07 10:11:05','osc_cfg_use_get_tax_class_title','osc_cfg_set_tax_classes_pull_down_menu'),(172,'Interval (ms)','MODULE_CONTENT_SLIDE_SHOW_INTERVAL','3000','slide show interval',6,0,NULL,'2015-09-07 10:12:36',NULL,NULL),(173,'Duration (ms)','MODULE_CONTENT_SLIDE_SHOW_DURATION','1000','slide show duration',6,0,NULL,'2015-09-07 10:12:36',NULL,NULL),(174,'Image height (px)','MODULE_CONTENT_SLIDE_SHOW_HEIGHT','210','Image height',6,0,NULL,'2015-09-07 10:12:36',NULL,NULL),(175,'Image width (px)','MODULE_CONTENT_SLIDE_SHOW_WIDTH','960','Image width',6,0,NULL,'2015-09-07 10:12:36',NULL,NULL),(176,'Display Slide info','MODULE_CONTENT_SLIDE_SHOW_DISPLAY_INFO','False','Display Slide Info',6,0,NULL,'2015-09-07 10:12:36',NULL,'osc_cfg_set_boolean_value(array(\'True\', \'False\'))'),(177,'Slide show mode [vertical, horizontal]','MODULE_CONTENT_SLIDE_SHOW_MODE','horizontal','Slideshow Mode',6,0,NULL,'2015-09-07 10:12:36',NULL,'osc_cfg_set_boolean_value(array(\'horizontal\', \'vertical\'))'),(178,'Maximum List Size','BOX_ARTICLES_CATEGORIES_MAX_LIST','10','Maximum amount of article categories to show in the listing',6,0,NULL,'2015-09-07 10:12:36',NULL,NULL),(179,'British Pounds','BOX_SHOP_BY_PRICE_GBP','300;600;900;1200','British Pounds price interval (Price seperated by \";\")',6,0,NULL,'2015-09-07 10:12:36',NULL,NULL),(180,'Euro','BOX_SHOP_BY_PRICE_EUR','400;800;1200;1600','Euro price interval (Price seperated by \";\")',6,0,NULL,'2015-09-07 10:12:36',NULL,NULL),(181,'US Dollar','BOX_SHOP_BY_PRICE_USD','600;1200;1800;2400','US Dollar price interval (Price seperated by \";\")',6,0,NULL,'2015-09-07 10:12:36',NULL,NULL),(182,'Cache Contents','BOX_POPULAR_SEARCH_TERM_CACHE','60','Number of minutes to keep the contents cached (0 = no cache)',6,0,NULL,'2015-09-07 10:12:36',NULL,NULL),(183,'Enable PayPal Express Checkout','MODULE_PAYMENT_PAYPAL_EXPRESS_STATUS','1','Do you want to accept PayPal EXPRESS Checkout payments?',6,0,NULL,'2015-09-07 10:15:22','osc_cfg_use_get_boolean_value','osc_cfg_set_boolean_value(array(1, -1))'),(184,'Seller Account','MODULE_PAYMENT_PAYPAL_EXPRESS_SELLER_ACCOUNT','','The email address of the seller account if no API credentials has been setup.',6,0,NULL,'2015-09-07 10:15:22',NULL,NULL),(185,'API Username','MODULE_PAYMENT_PAYPAL_EXPRESS_API_USERNAME','adrien.examplecom-facilitator_api1.gmail.com','The username to use for the PayPal API service.',6,0,NULL,'2015-09-07 10:15:22',NULL,NULL),(186,'API Password','MODULE_PAYMENT_PAYPAL_EXPRESS_API_PASSWORD','7AFZNVHL28KMWXCJ','The password to use for the PayPal API service.',6,0,NULL,'2015-09-07 10:15:22',NULL,NULL),(187,'API Signature','MODULE_PAYMENT_PAYPAL_EXPRESS_API_SIGNATURE','AFcWxV21C7fd0v3bYYYRCpSSRl31AHMF8y1JADBMHAKY8ZFuYMP8ve8s','The signature to use for the PayPal API service.',6,0,NULL,'2015-09-07 10:15:22',NULL,NULL),(188,'Transaction Server','MODULE_PAYMENT_PAYPAL_EXPRESS_TRANSACTION_SERVER','Sandbox','Use the live or testing (sandbox) gateway server to process transactions?',6,0,NULL,'2015-09-07 10:15:22',NULL,'osc_cfg_set_boolean_value(array(\'Live\',\'Sandbox\'))'),(189,'Transaction Method','MODULE_PAYMENT_PAYPAL_EXPRESS_TRANSACTION_METHOD','Sale','The processing method to use for each transaction.',6,0,NULL,'2015-09-07 10:15:22',NULL,'osc_cfg_set_boolean_value(array(\'Athorization\',\'Sale\'))'),(190,'PayPal Checkout Image','MODULE_PAYMENT_PAYPAL_EXPRESS_CHECKOUT_IMAGE','Dynamic','Use static or dynamic Express Checkout image buttons. Dynamic images are used with PayPal campaigns.',6,0,NULL,'2015-09-07 10:15:22',NULL,'osc_cfg_set_boolean_value(array(\'Static\',\'Dynamic\'))'),(191,'Payment Zone','MODULE_PAYMENT_PAYPAL_EXPRESS_ZONE','0','If a zone is selected, only enable this payment method for that zone.',6,0,NULL,'2015-09-07 10:15:22','osc_cfg_use_get_zone_class_title','osc_cfg_set_zone_classes_pull_down_menu'),(192,'Set Order Status','MODULE_PAYMENT_PAYPAL_EXPRESS_ORDER_STATUS_ID','5','Set the status of orders made with this payment module to this value',6,0,NULL,'2015-09-07 10:15:22','osc_cfg_use_get_order_status_title','osc_cfg_set_order_statuses_pull_down_menu'),(193,'PayPal Transactions Order Status Level','MODULE_PAYMENT_PAYPAL_EXPRESS_TRANSACTIONS_ORDER_STATUS_ID','9','Include PayPal transaction information in this order status level',6,0,NULL,'2015-09-07 10:15:22','osc_cfg_use_get_order_status_title','osc_cfg_set_order_statuses_pull_down_menu'),(194,'Sort order of display.','MODULE_PAYMENT_PAYPAL_EXPRESS_SORT_ORDER','0','Sort order of display. Lowest is displayed first.',6,0,NULL,'2015-09-07 10:15:22',NULL,NULL),(195,'cURL Program Location','MODULE_PAYMENT_PAYPAL_EXPRESS_CURL','C:/curl/','The location of the cURL Program Location.',6,0,NULL,'2015-09-07 10:15:22',NULL,NULL),(196,'* Enable PayPal Website Payments Standard','MODULE_PAYMENT_PAYPAL_STANDARD_STATUS','-1','Do you want to accept PayPal Website Payments Standard payments?',6,0,NULL,'2015-09-07 10:15:47',NULL,'osc_cfg_set_boolean_value(array(1, -1))'),(197,'* PayPal E-Mail Address','MODULE_PAYMENT_PAYPAL_STANDARD_ID','adrien.examplecom@gmail.com','The seller e-mail address to use for accepting PayPal payments.',6,0,NULL,'2015-09-07 10:15:47',NULL,NULL),(198,'Sort order of display.','MODULE_PAYMENT_PAYPAL_STANDARD_SORT_ORDER','0','Sort order of display. Lowest is displayed first.',6,0,NULL,'2015-09-07 10:15:47',NULL,NULL),(199,'Payment Zone','MODULE_PAYMENT_PAYPAL_STANDARD_ZONE','0','If a zone is selected, only enable this payment method for that zone.',6,0,NULL,'2015-09-07 10:15:47','osc_cfg_use_get_zone_class_title','osc_cfg_set_zone_classes_pull_down_menu'),(200,'* Set Processing Order Status','MODULE_PAYMENT_PAYPAL_STANDARD_PROCESSING_ORDER_STATUS_ID','2','When the customer is returned to the Checkout Complete page from papal, this order status should be used',6,0,NULL,'2015-09-07 10:15:47','osc_cfg_use_get_order_status_title','osc_cfg_set_order_statuses_pull_down_menu'),(201,'* Set PayPal Acknowledged Order Status','MODULE_PAYMENT_PAYPAL_STANDARD_ORDER_STATUS_ID','5','When the paypal payments is successfully made, this order status should be used',6,0,NULL,'2015-09-07 10:15:47','osc_cfg_use_get_order_status_title','osc_cfg_set_order_statuses_pull_down_menu'),(202,'* Gateway Server','MODULE_PAYMENT_PAYPAL_STANDARD_GATEWAY_SERVER','Sandbox','Use the testing (sandbox) or live gateway server for transactions?',6,0,NULL,'2015-09-07 10:15:47',NULL,'osc_cfg_set_boolean_value(array(\'Live\', \'Sandbox\'))'),(203,'Transfer Cart Line Items','MODULE_PAYMENT_PAYPAL_STANDARD_TRANSFER_CART','1','Do you want to transfer the details about the items in the cart to paypal?',6,0,NULL,'2015-09-07 10:15:47',NULL,'osc_cfg_set_boolean_value(array(1, -1))'),(204,'Transaction Method','MODULE_PAYMENT_PAYPAL_STANDARD_TRANSACTION_METHOD','Sale','The processing method to use for each transaction.',6,0,NULL,'2015-09-07 10:15:47',NULL,'osc_cfg_set_boolean_value(array(\'Authorization\', \'Sale\'))'),(205,'Page Style','MODULE_PAYMENT_PAYPAL_STANDARD_PAGE_STYLE','','The page style to use for the transaction procedure (defined at your PayPal Profile page)',6,0,NULL,'2015-09-07 10:15:47',NULL,NULL),(206,'Debug E-Mail Address','MODULE_PAYMENT_PAYPAL_STANDARD_DEBUG_EMAIL','','All parameters of an Invalid IPN notification will be sent to this email address if one is entered.',6,0,NULL,'2015-09-07 10:15:47',NULL,NULL),(207,'Enable PayPal Direct Module','MODULE_PAYMENT_PAYPAL_DIRECT_STATUS','-1','Do you want to accept PayPal Direct payments?',6,0,NULL,'2015-09-07 10:16:12','osc_cfg_use_get_boolean_value','osc_cfg_set_boolean_value(array(1, -1))'),(208,'API Username','MODULE_PAYMENT_PAYPAL_DIRECT_API_USERNAME','adrien.examplecom_api1.gmail.com','The username to use for the PayPal Web Services API.',6,0,NULL,'2015-09-07 10:16:12',NULL,NULL),(209,'API Password','MODULE_PAYMENT_PAYPAL_DIRECT_API_PASSWORD','3G5M4SX97BDFHL5N','The password to use for the PayPal Web Services API.',6,0,NULL,'2015-09-07 10:16:12',NULL,NULL),(210,'API Signature','MODULE_PAYMENT_PAYPAL_DIRECT_API_SIGNATURE','AFcWxV21C7fd0v3bYYYRCpSSRl31AaaKKPNqEoHvFgNUs2ii1tOB6v4d','The location of the PayPal Direct Signature for the PayPal Web Services API.',6,0,NULL,'2015-09-07 10:16:12',NULL,NULL),(211,'Transaction Server','MODULE_PAYMENT_PAYPAL_DIRECT_SERVER','Sandbox','The server to perform transactions in.',6,0,NULL,'2015-09-07 10:16:12',NULL,'osc_cfg_set_boolean_value(array(\'Production\',\'Sandbox\'))'),(212,'Transaction Method','MODULE_PAYMENT_PAYPAL_DIRECT_METHOD','Sale','The method to perform transactions in.',6,0,NULL,'2015-09-07 10:16:12',NULL,'osc_cfg_set_boolean_value(array(\'Athorization\',\'Sale\'))'),(213,'Sort order of display.','MODULE_PAYMENT_PAYPAL_DIRECT_SORT_ORDER','0','Sort order of display. Lowest is displayed first.',6,0,NULL,'2015-09-07 10:16:12',NULL,NULL),(214,'Payment Zone','MODULE_PAYMENT_PAYPAL_DIRECT_ZONE','0','If a zone is selected, only enable this payment method for that zone.',6,0,NULL,'2015-09-07 10:16:12','osc_cfg_use_get_zone_class_title','osc_cfg_set_zone_classes_pull_down_menu'),(215,'Set Order Status','MODULE_PAYMENT_PAYPAL_DIRECT_ORDER_STATUS_ID','5','Set the status of orders made with this payment module to this value',6,0,NULL,'2015-09-07 10:16:12','osc_cfg_use_get_order_status_title','osc_cfg_set_order_statuses_pull_down_menu'),(216,'cURL Program Location','MODULE_PAYMENT_PAYPAL_DIRECT_cURL_Program_Location','C:\\curl','The location of the cURL Program Location.',6,4,NULL,'2015-09-07 10:16:12',NULL,NULL);
/*!40000 ALTER TABLE `toc_configuration` ENABLE KEYS */;
UNLOCK TABLES;

--
-- Table structure for table `toc_configuration_group`
--

DROP TABLE IF EXISTS `toc_configuration_group`;
/*!40101 SET @saved_cs_client     = @@character_set_client */;
/*!40101 SET character_set_client = utf8 */;
CREATE TABLE `toc_configuration_group` (
  `configuration_group_id` int(11) NOT NULL AUTO_INCREMENT,
  `configuration_group_title` varchar(64) NOT NULL,
  `configuration_group_description` varchar(255) NOT NULL,
  `sort_order` int(5) DEFAULT NULL,
  `visible` int(1) DEFAULT '1',
  PRIMARY KEY (`configuration_group_id`)
) ENGINE=MyISAM AUTO_INCREMENT=20 DEFAULT CHARSET=utf8;
/*!40101 SET character_set_client = @saved_cs_client */;

--
-- Dumping data for table `toc_configuration_group`
--

LOCK TABLES `toc_configuration_group` WRITE;
/*!40000 ALTER TABLE `toc_configuration_group` DISABLE KEYS */;
INSERT INTO `toc_configuration_group` VALUES (1,'My Store','General information about my store',1,1),(2,'Minimum Values','The minimum values for functions / data',2,1),(3,'Maximum Values','The maximum values for functions / data',3,1),(4,'Images','Image parameters',4,1),(5,'Customer Details','Customer account configuration',5,1),(6,'Module Options','Hidden from configuration',6,0),(7,'Shipping/Packaging','Shipping options available at my store',7,1),(8,'Product Listing','Product Listing    configuration options',8,1),(9,'Stock','Stock configuration options',9,1),(10,'Product Details','Product info page configuration',10,1),(11,'Order Settings','Order Settings',11,1),(12,'E-Mail Options','General setting for E-Mail transport and HTML E-Mails',12,1),(16,'Regulations','Regulation options',16,1),(17,'Credit Cards','Credit card options',17,1),(18,'Program Locations','Locations to certain programs on the server.',18,1),(19,'Content Management System','Content Management System Configuration',19,1);
/*!40000 ALTER TABLE `toc_configuration_group` ENABLE KEYS */;
UNLOCK TABLES;

--
-- Table structure for table `toc_counter`
--

DROP TABLE IF EXISTS `toc_counter`;
/*!40101 SET @saved_cs_client     = @@character_set_client */;
/*!40101 SET character_set_client = utf8 */;
CREATE TABLE `toc_counter` (
  `startdate` datetime DEFAULT NULL,
  `counter` int(11) DEFAULT NULL
) ENGINE=MyISAM DEFAULT CHARSET=utf8;
/*!40101 SET character_set_client = @saved_cs_client */;

--
-- Dumping data for table `toc_counter`
--

LOCK TABLES `toc_counter` WRITE;
/*!40000 ALTER TABLE `toc_counter` DISABLE KEYS */;
INSERT INTO `toc_counter` VALUES ('2015-09-07 10:23:44',12831);
/*!40000 ALTER TABLE `toc_counter` ENABLE KEYS */;
UNLOCK TABLES;

--
-- Table structure for table `toc_countries`
--

DROP TABLE IF EXISTS `toc_countries`;
/*!40101 SET @saved_cs_client     = @@character_set_client */;
/*!40101 SET character_set_client = utf8 */;
CREATE TABLE `toc_countries` (
  `countries_id` int(11) NOT NULL AUTO_INCREMENT,
  `countries_name` varchar(64) NOT NULL,
  `countries_iso_code_2` char(2) NOT NULL,
  `countries_iso_code_3` char(3) NOT NULL,
  `address_format` varchar(255) DEFAULT NULL,
  PRIMARY KEY (`countries_id`),
  KEY `IDX_COUNTRIES_NAME` (`countries_name`)
) ENGINE=MyISAM AUTO_INCREMENT=240 DEFAULT CHARSET=utf8;
/*!40101 SET character_set_client = @saved_cs_client */;

--
-- Dumping data for table `toc_countries`
--

LOCK TABLES `toc_countries` WRITE;
/*!40000 ALTER TABLE `toc_countries` DISABLE KEYS */;
INSERT INTO `toc_countries` VALUES (1,'Afghanistan','AF','AFG',''),(2,'Albania','AL','ALB',''),(3,'Algeria','DZ','DZA',''),(4,'American Samoa','AS','ASM',''),(5,'Andorra','AD','AND',''),(6,'Angola','AO','AGO',''),(7,'Anguilla','AI','AIA',''),(8,'Antarctica','AQ','ATA',''),(9,'Antigua and Barbuda','AG','ATG',''),(10,'Argentina','AR','ARG',':name\n:street_address\n:postcode :city\n:country'),(11,'Armenia','AM','ARM',''),(12,'Aruba','AW','ABW',''),(13,'Australia','AU','AUS',':name\n:street_address\n:suburb :state_code :postcode\n:country'),(14,'Austria','AT','AUT',':name\n:street_address\nA-:postcode :city\n:country'),(15,'Azerbaijan','AZ','AZE',''),(16,'Bahamas','BS','BHS',''),(17,'Bahrain','BH','BHR',''),(18,'Bangladesh','BD','BGD',''),(19,'Barbados','BB','BRB',''),(20,'Belarus','BY','BLR',''),(21,'Belgium','BE','BEL',':name\n:street_address\nB-:postcode :city\n:country'),(22,'Belize','BZ','BLZ',''),(23,'Benin','BJ','BEN',''),(24,'Bermuda','BM','BMU',''),(25,'Bhutan','BT','BTN',''),(26,'Bolivia','BO','BOL',''),(27,'Bosnia and Herzegowina','BA','BIH',''),(28,'Botswana','BW','BWA',''),(29,'Bouvet Island','BV','BVT',''),(30,'Brazil','BR','BRA',':name\n:street_address\n:state\n:postcode\n:country'),(31,'British Indian Ocean Territory','IO','IOT',''),(32,'Brunei Darussalam','BN','BRN',''),(33,'Bulgaria','BG','BGR',''),(34,'Burkina Faso','BF','BFA',''),(35,'Burundi','BI','BDI',''),(36,'Cambodia','KH','KHM',''),(37,'Cameroon','CM','CMR',''),(38,'Canada','CA','CAN',':name\n:street_address\n:city :state_code :postcode\n:country'),(39,'Cape Verde','CV','CPV',''),(40,'Cayman Islands','KY','CYM',''),(41,'Central African Republic','CF','CAF',''),(42,'Chad','TD','TCD',''),(43,'Chile','CL','CHL',':name\n:street_address\n:city\n:country'),(44,'China','CN','CHN',':name\n:street_address\n:postcode :city\n:country'),(45,'Christmas Island','CX','CXR',''),(46,'Cocos (Keeling) Islands','CC','CCK',''),(47,'Colombia','CO','COL',''),(48,'Comoros','KM','COM',''),(49,'Congo','CG','COG',''),(50,'Cook Islands','CK','COK',''),(51,'Costa Rica','CR','CRI',''),(52,'Cote D\'Ivoire','CI','CIV',''),(53,'Croatia','HR','HRV',''),(54,'Cuba','CU','CUB',''),(55,'Cyprus','CY','CYP',''),(56,'Czech Republic','CZ','CZE',''),(57,'Denmark','DK','DNK',':name\n:street_address\nDK-:postcode :city\n:country'),(58,'Djibouti','DJ','DJI',''),(59,'Dominica','DM','DMA',''),(60,'Dominican Republic','DO','DOM',''),(61,'East Timor','TP','TMP',''),(62,'Ecuador','EC','ECU',''),(63,'Egypt','EG','EGY',''),(64,'El Salvador','SV','SLV',''),(65,'Equatorial Guinea','GQ','GNQ',''),(66,'Eritrea','ER','ERI',''),(67,'Estonia','EE','EST',''),(68,'Ethiopia','ET','ETH',''),(69,'Falkland Islands (Malvinas)','FK','FLK',''),(70,'Faroe Islands','FO','FRO',''),(71,'Fiji','FJ','FJI',''),(72,'Finland','FI','FIN',':name\n:street_address\nFIN-:postcode :city\n:country'),(73,'France','FR','FRA',':name\n:street_address\n:postcode :city\n:country'),(74,'France, Metropolitan','FX','FXX',':name\n:street_address\n:postcode :city\n:country'),(75,'French Guiana','GF','GUF',':name\n:street_address\n:postcode :city\n:country'),(76,'French Polynesia','PF','PYF',':name\n:street_address\n:postcode :city\n:country'),(77,'French Southern Territories','TF','ATF',':name\n:street_address\n:postcode :city\n:country'),(78,'Gabon','GA','GAB',''),(79,'Gambia','GM','GMB',''),(80,'Georgia','GE','GEO',''),(81,'Germany','DE','DEU',':name\n:street_address\nD-:postcode :city\n:country'),(82,'Ghana','GH','GHA',''),(83,'Gibraltar','GI','GIB',''),(84,'Greece','GR','GRC',''),(85,'Greenland','GL','GRL',':name\n:street_address\nDK-:postcode :city\n:country'),(86,'Grenada','GD','GRD',''),(87,'Guadeloupe','GP','GLP',''),(88,'Guam','GU','GUM',''),(89,'Guatemala','GT','GTM',''),(90,'Guinea','GN','GIN',''),(91,'Guinea-Bissau','GW','GNB',''),(92,'Guyana','GY','GUY',''),(93,'Haiti','HT','HTI',''),(94,'Heard and McDonald Islands','HM','HMD',''),(95,'Honduras','HN','HND',''),(96,'Hong Kong','HK','HKG',':name\n:street_address\n:city\n:country'),(97,'Hungary','HU','HUN',''),(98,'Iceland','IS','ISL',':name\n:street_address\nIS:postcode :city\n:country'),(99,'India','IN','IND',':name\n:street_address\n:city-:postcode\n:country'),(100,'Indonesia','ID','IDN',':name\n:street_address\n:city :postcode\n:country'),(101,'Iran','IR','IRN',''),(102,'Iraq','IQ','IRQ',''),(103,'Ireland','IE','IRL',':name\n:street_address\nIE-:city\n:country'),(104,'Israel','IL','ISR',':name\n:street_address\n:postcode :city\n:country'),(105,'Italy','IT','ITA',':name\n:street_address\n:postcode-:city :state_code\n:country'),(106,'Jamaica','JM','JAM',''),(107,'Japan','JP','JPN',':name\n:street_address, :suburb\n:city :postcode\n:country'),(108,'Jordan','JO','JOR',''),(109,'Kazakhstan','KZ','KAZ',''),(110,'Kenya','KE','KEN',''),(111,'Kiribati','KI','KIR',''),(112,'Korea, North','KP','PRK',''),(113,'Korea, South','KR','KOR',''),(114,'Kuwait','KW','KWT',''),(115,'Kyrgyzstan','KG','KGZ',''),(116,'Laos','LA','LAO',''),(117,'Latvia','LV','LVA',''),(118,'Lebanon','LB','LBN',''),(119,'Lesotho','LS','LSO',''),(120,'Liberia','LR','LBR',''),(121,'Libyan Arab Jamahiriya','LY','LBY',''),(122,'Liechtenstein','LI','LIE',''),(123,'Lithuania','LT','LTU',''),(124,'Luxembourg','LU','LUX',':name\n:street_address\nL-:postcode :city\n:country'),(125,'Macau','MO','MAC',''),(126,'Macedonia','MK','MKD',''),(127,'Madagascar','MG','MDG',''),(128,'Malawi','MW','MWI',''),(129,'Malaysia','MY','MYS',''),(130,'Maldives','MV','MDV',''),(131,'Mali','ML','MLI',''),(132,'Malta','MT','MLT',''),(133,'Marshall Islands','MH','MHL',''),(134,'Martinique','MQ','MTQ',''),(135,'Mauritania','MR','MRT',''),(136,'Mauritius','MU','MUS',''),(137,'Mayotte','YT','MYT',''),(138,'Mexico','MX','MEX',':name\n:street_address\n:postcode :city, :state_code\n:country'),(139,'Micronesia','FM','FSM',''),(140,'Moldova','MD','MDA',''),(141,'Monaco','MC','MCO',''),(142,'Mongolia','MN','MNG',''),(143,'Montserrat','MS','MSR',''),(144,'Morocco','MA','MAR',''),(145,'Mozambique','MZ','MOZ',''),(146,'Myanmar','MM','MMR',''),(147,'Namibia','NA','NAM',''),(148,'Nauru','NR','NRU',''),(149,'Nepal','NP','NPL',''),(150,'Netherlands','NL','NLD',':name\n:street_address\n:postcode :city\n:country'),(151,'Netherlands Antilles','AN','ANT',':name\n:street_address\n:postcode :city\n:country'),(152,'New Caledonia','NC','NCL',''),(153,'New Zealand','NZ','NZL',':name\n:street_address\n:suburb\n:city :postcode\n:country'),(154,'Nicaragua','NI','NIC',''),(155,'Niger','NE','NER',''),(156,'Nigeria','NG','NGA',''),(157,'Niue','NU','NIU',''),(158,'Norfolk Island','NF','NFK',''),(159,'Northern Mariana Islands','MP','MNP',''),(160,'Norway','NO','NOR',':name\n:street_address\nNO-:postcode :city\n:country'),(161,'Oman','OM','OMN',''),(162,'Pakistan','PK','PAK',''),(163,'Palau','PW','PLW',''),(164,'Panama','PA','PAN',''),(165,'Papua New Guinea','PG','PNG',''),(166,'Paraguay','PY','PRY',''),(167,'Peru','PE','PER',''),(168,'Philippines','PH','PHL',''),(169,'Pitcairn','PN','PCN',''),(170,'Poland','PL','POL',':name\n:street_address\n:postcode :city\n:country'),(171,'Portugal','PT','PRT',':name\n:street_address\n:postcode :city\n:country'),(172,'Puerto Rico','PR','PRI',''),(173,'Qatar','QA','QAT',''),(174,'Reunion','RE','REU',''),(175,'Romania','RO','ROM',''),(176,'Russia','RU','RUS',':name\n:street_address\n:postcode :city\n:country'),(177,'Rwanda','RW','RWA',''),(178,'Saint Kitts and Nevis','KN','KNA',''),(179,'Saint Lucia','LC','LCA',''),(180,'Saint Vincent and the Grenadines','VC','VCT',''),(181,'Samoa','WS','WSM',''),(182,'San Marino','SM','SMR',''),(183,'Sao Tome and Principe','ST','STP',''),(184,'Saudi Arabia','SA','SAU',''),(185,'Senegal','SN','SEN',''),(186,'Seychelles','SC','SYC',''),(187,'Sierra Leone','SL','SLE',''),(188,'Singapore','SG','SGP',':name\n:street_address\n:city :postcode\n:country'),(189,'Slovakia','SK','SVK',''),(190,'Slovenia','SI','SVN',''),(191,'Solomon Islands','SB','SLB',''),(192,'Somalia','SO','SOM',''),(193,'South Africa','ZA','ZAF',':name\n:street_address\n:suburb\n:city\n:postcode :country'),(194,'South Georgia and the South Sandwich Islands','GS','SGS',''),(195,'Spain','ES','ESP',':name\n:street_address\n:postcode :city\n:country'),(196,'Sri Lanka','LK','LKA',''),(197,'St. Helena','SH','SHN',''),(198,'St. Pierre and Miquelon','PM','SPM',''),(199,'Sudan','SD','SDN',''),(200,'Suriname','SR','SUR',''),(201,'Svalbard and Jan Mayen Islands','SJ','SJM',''),(202,'Swaziland','SZ','SWZ',''),(203,'Sweden','SE','SWE',':name\n:street_address\n:postcode :city\n:country'),(204,'Switzerland','CH','CHE',':name\n:street_address\n:postcode :city\n:country'),(205,'Syrian Arab Republic','SY','SYR',''),(206,'Taiwan','TW','TWN',':name\n:street_address\n:city :postcode\n:country'),(207,'Tajikistan','TJ','TJK',''),(208,'Tanzania','TZ','TZA',''),(209,'Thailand','TH','THA',''),(210,'Togo','TG','TGO',''),(211,'Tokelau','TK','TKL',''),(212,'Tonga','TO','TON',''),(213,'Trinidad and Tobago','TT','TTO',''),(214,'Tunisia','TN','TUN',''),(215,'Turkey','TR','TUR',''),(216,'Turkmenistan','TM','TKM',''),(217,'Turks and Caicos Islands','TC','TCA',''),(218,'Tuvalu','TV','TUV',''),(219,'Uganda','UG','UGA',''),(220,'Ukraine','UA','UKR',''),(221,'United Arab Emirates','AE','ARE',''),(222,'United Kingdom','GB','GBR',':name\n:street_address\n:city\n:postcode\n:country'),(223,'United States of America','US','USA',':name\n:street_address\n:city :state_code :postcode\n:country'),(224,'United States Minor Outlying Islands','UM','UMI',''),(225,'Uruguay','UY','URY',''),(226,'Uzbekistan','UZ','UZB',''),(227,'Vanuatu','VU','VUT',''),(228,'Vatican City State (Holy See)','VA','VAT',''),(229,'Venezuela','VE','VEN',''),(230,'Vietnam','VN','VNM',''),(231,'Virgin Islands (British)','VG','VGB',''),(232,'Virgin Islands (U.S.)','VI','VIR',''),(233,'Wallis and Futuna Islands','WF','WLF',''),(234,'Western Sahara','EH','ESH',''),(235,'Yemen','YE','YEM',''),(236,'Yugoslavia','YU','YUG',''),(237,'Zaire','ZR','ZAR',''),(238,'Zambia','ZM','ZMB',''),(239,'Zimbabwe','ZW','ZWE','');
/*!40000 ALTER TABLE `toc_countries` ENABLE KEYS */;
UNLOCK TABLES;

--
-- Table structure for table `toc_coupons`
--

DROP TABLE IF EXISTS `toc_coupons`;
/*!40101 SET @saved_cs_client     = @@character_set_client */;
/*!40101 SET character_set_client = utf8 */;
CREATE TABLE `toc_coupons` (
  `coupons_id` int(11) NOT NULL AUTO_INCREMENT,
  `coupons_type` int(1) NOT NULL,
  `coupons_status` tinyint(1) NOT NULL,
  `coupons_include_tax` tinyint(1) NOT NULL,
  `coupons_include_shipping` tinyint(1) NOT NULL,
  `coupons_code` varchar(32) NOT NULL,
  `coupons_amount` decimal(8,4) NOT NULL,
  `coupons_minimum_order` decimal(8,4) NOT NULL,
  `uses_per_coupon` int(11) NOT NULL,
  `uses_per_customer` int(11) NOT NULL,
  `start_date` datetime DEFAULT NULL,
  `expires_date` datetime DEFAULT NULL,
  `coupons_date_created` datetime DEFAULT NULL,
  `coupons_date_modified` datetime DEFAULT NULL,
  PRIMARY KEY (`coupons_id`)
) ENGINE=MyISAM DEFAULT CHARSET=utf8;
/*!40101 SET character_set_client = @saved_cs_client */;

--
-- Dumping data for table `toc_coupons`
--

LOCK TABLES `toc_coupons` WRITE;
/*!40000 ALTER TABLE `toc_coupons` DISABLE KEYS */;
/*!40000 ALTER TABLE `toc_coupons` ENABLE KEYS */;
UNLOCK TABLES;

--
-- Table structure for table `toc_coupons_description`
--

DROP TABLE IF EXISTS `toc_coupons_description`;
/*!40101 SET @saved_cs_client     = @@character_set_client */;
/*!40101 SET character_set_client = utf8 */;
CREATE TABLE `toc_coupons_description` (
  `coupons_id` int(11) NOT NULL,
  `language_id` int(11) NOT NULL,
  `coupons_name` varchar(32) NOT NULL,
  `coupons_description` text NOT NULL,
  PRIMARY KEY (`coupons_id`,`language_id`)
) ENGINE=MyISAM DEFAULT CHARSET=utf8;
/*!40101 SET character_set_client = @saved_cs_client */;

--
-- Dumping data for table `toc_coupons_description`
--

LOCK TABLES `toc_coupons_description` WRITE;
/*!40000 ALTER TABLE `toc_coupons_description` DISABLE KEYS */;
/*!40000 ALTER TABLE `toc_coupons_description` ENABLE KEYS */;
UNLOCK TABLES;

--
-- Table structure for table `toc_coupons_redeem_history`
--

DROP TABLE IF EXISTS `toc_coupons_redeem_history`;
/*!40101 SET @saved_cs_client     = @@character_set_client */;
/*!40101 SET character_set_client = utf8 */;
CREATE TABLE `toc_coupons_redeem_history` (
  `coupons_redeem_history_id` int(11) NOT NULL AUTO_INCREMENT,
  `coupons_id` int(11) NOT NULL,
  `customers_id` int(11) NOT NULL,
  `orders_id` int(11) NOT NULL,
  `redeem_amount` decimal(15,4) NOT NULL,
  `redeem_date` datetime DEFAULT NULL,
  `redeem_ip_address` varchar(15) NOT NULL,
  PRIMARY KEY (`coupons_redeem_history_id`)
) ENGINE=MyISAM DEFAULT CHARSET=utf8;
/*!40101 SET character_set_client = @saved_cs_client */;

--
-- Dumping data for table `toc_coupons_redeem_history`
--

LOCK TABLES `toc_coupons_redeem_history` WRITE;
/*!40000 ALTER TABLE `toc_coupons_redeem_history` DISABLE KEYS */;
/*!40000 ALTER TABLE `toc_coupons_redeem_history` ENABLE KEYS */;
UNLOCK TABLES;

--
-- Table structure for table `toc_coupons_to_categories`
--

DROP TABLE IF EXISTS `toc_coupons_to_categories`;
/*!40101 SET @saved_cs_client     = @@character_set_client */;
/*!40101 SET character_set_client = utf8 */;
CREATE TABLE `toc_coupons_to_categories` (
  `coupons_id` int(11) NOT NULL,
  `categories_id` int(11) NOT NULL,
  PRIMARY KEY (`coupons_id`,`categories_id`)
) ENGINE=MyISAM DEFAULT CHARSET=utf8;
/*!40101 SET character_set_client = @saved_cs_client */;

--
-- Dumping data for table `toc_coupons_to_categories`
--

LOCK TABLES `toc_coupons_to_categories` WRITE;
/*!40000 ALTER TABLE `toc_coupons_to_categories` DISABLE KEYS */;
/*!40000 ALTER TABLE `toc_coupons_to_categories` ENABLE KEYS */;
UNLOCK TABLES;

--
-- Table structure for table `toc_coupons_to_products`
--

DROP TABLE IF EXISTS `toc_coupons_to_products`;
/*!40101 SET @saved_cs_client     = @@character_set_client */;
/*!40101 SET character_set_client = utf8 */;
CREATE TABLE `toc_coupons_to_products` (
  `coupons_id` int(11) NOT NULL,
  `products_id` int(11) NOT NULL,
  PRIMARY KEY (`coupons_id`,`products_id`)
) ENGINE=MyISAM DEFAULT CHARSET=utf8;
/*!40101 SET character_set_client = @saved_cs_client */;

--
-- Dumping data for table `toc_coupons_to_products`
--

LOCK TABLES `toc_coupons_to_products` WRITE;
/*!40000 ALTER TABLE `toc_coupons_to_products` DISABLE KEYS */;
/*!40000 ALTER TABLE `toc_coupons_to_products` ENABLE KEYS */;
UNLOCK TABLES;

--
-- Table structure for table `toc_credit_cards`
--

DROP TABLE IF EXISTS `toc_credit_cards`;
/*!40101 SET @saved_cs_client     = @@character_set_client */;
/*!40101 SET character_set_client = utf8 */;
CREATE TABLE `toc_credit_cards` (
  `id` int(11) NOT NULL AUTO_INCREMENT,
  `credit_card_name` varchar(32) NOT NULL,
  `pattern` varchar(64) NOT NULL,
  `credit_card_status` char(1) NOT NULL,
  `sort_order` int(11) DEFAULT '0',
  PRIMARY KEY (`id`)
) ENGINE=MyISAM AUTO_INCREMENT=14 DEFAULT CHARSET=utf8;
/*!40101 SET character_set_client = @saved_cs_client */;

--
-- Dumping data for table `toc_credit_cards`
--

LOCK TABLES `toc_credit_cards` WRITE;
/*!40000 ALTER TABLE `toc_credit_cards` DISABLE KEYS */;
INSERT INTO `toc_credit_cards` VALUES (1,'American Express','/^(34|37)\\d{13}$/','0',0),(2,'Diners Club','/^(30|36|38)\\d{12}$/','0',0),(3,'JCB','/^((2131|1800)\\d{11}|3[0135]\\d{14})$/','0',0),(4,'MasterCard','/^5[1-5]\\d{14}$/','1',0),(5,'Visa','/^4\\d{12}(\\d{3})?$/','1',0),(6,'Discover Card','/^6011\\d{12}$/','0',0),(7,'Solo','/^(63|67)\\d{14}(\\d{2,3})?$/','0',0),(8,'Switch','/^(49|56|63|67)\\d{14}(\\d{2,3})?$/','0',0),(9,'Australian Bankcard','/^5610\\d{12}$/','0',0),(10,'enRoute','/^(2014|2149)\\d{11}$/','0',0),(11,'Laser','/^6304\\d{12}(\\d{2,3})?$/','0',0),(12,'Maestro','/^(50|56|57|58|6)/','0',0),(13,'Saferpay Test Card','/^9451123100000004$/','0',0);
/*!40000 ALTER TABLE `toc_credit_cards` ENABLE KEYS */;
UNLOCK TABLES;

--
-- Table structure for table `toc_currencies`
--

DROP TABLE IF EXISTS `toc_currencies`;
/*!40101 SET @saved_cs_client     = @@character_set_client */;
/*!40101 SET character_set_client = utf8 */;
CREATE TABLE `toc_currencies` (
  `currencies_id` int(11) NOT NULL AUTO_INCREMENT,
  `title` varchar(32) NOT NULL,
  `code` char(3) NOT NULL,
  `symbol_left` varchar(12) DEFAULT NULL,
  `symbol_right` varchar(12) DEFAULT NULL,
  `decimal_places` char(1) DEFAULT NULL,
  `value` float(13,8) DEFAULT NULL,
  `last_updated` datetime DEFAULT NULL,
  PRIMARY KEY (`currencies_id`)
) ENGINE=MyISAM AUTO_INCREMENT=4 DEFAULT CHARSET=utf8;
/*!40101 SET character_set_client = @saved_cs_client */;

--
-- Dumping data for table `toc_currencies`
--

LOCK TABLES `toc_currencies` WRITE;
/*!40000 ALTER TABLE `toc_currencies` DISABLE KEYS */;
INSERT INTO `toc_currencies` VALUES (1,'US Dollar','USD','$','','2',1.00000000,'2015-09-07 10:11:04'),(2,'Euro','EUR','','','2',0.73457497,'2015-09-07 10:11:04'),(3,'British Pounds','GBP','','','2',0.65841001,'2015-09-07 10:11:04');
/*!40000 ALTER TABLE `toc_currencies` ENABLE KEYS */;
UNLOCK TABLES;

--
-- Table structure for table `toc_customers`
--

DROP TABLE IF EXISTS `toc_customers`;
/*!40101 SET @saved_cs_client     = @@character_set_client */;
/*!40101 SET character_set_client = utf8 */;
CREATE TABLE `toc_customers` (
  `customers_id` int(11) NOT NULL AUTO_INCREMENT,
  `customers_groups_id` int(11) DEFAULT NULL,
  `customers_gender` char(1) DEFAULT NULL,
  `customers_firstname` varchar(32) NOT NULL,
  `customers_lastname` varchar(32) NOT NULL,
  `customers_dob` datetime DEFAULT NULL,
  `customers_email_address` varchar(96) NOT NULL,
  `customers_default_address_id` int(11) DEFAULT NULL,
  `customers_telephone` varchar(32) DEFAULT NULL,
  `customers_fax` varchar(32) DEFAULT NULL,
  `customers_password` varchar(40) DEFAULT NULL,
  `customers_newsletter` char(1) DEFAULT NULL,
  `customers_status` int(1) DEFAULT '0',
  `customers_ip_address` varchar(15) DEFAULT NULL,
  `customers_credits` decimal(15,4) DEFAULT '0.0000',
  `date_last_logon` datetime DEFAULT NULL,
  `number_of_logons` int(5) DEFAULT NULL,
  `date_account_created` datetime DEFAULT NULL,
  `date_account_last_modified` datetime DEFAULT NULL,
  `global_product_notifications` int(1) DEFAULT '0',
  `abandoned_cart_last_contact_date` datetime DEFAULT NULL,
  PRIMARY KEY (`customers_id`)
) ENGINE=MyISAM AUTO_INCREMENT=9 DEFAULT CHARSET=utf8;
/*!40101 SET character_set_client = @saved_cs_client */;

--
-- Dumping data for table `toc_customers`
--

LOCK TABLES `toc_customers` WRITE;
/*!40000 ALTER TABLE `toc_customers` DISABLE KEYS */;
INSERT INTO `toc_customers` VALUES (1,NULL,'m','John','Test','1950-01-01 00:00:00','adrien.tn10@gmail.com',3,NULL,NULL,'7ee29e307b287f8e892793dadc319bae:42','',1,'127.0.0.1',0.0000,NULL,0,'2015-09-07 10:25:23','2015-09-07 10:37:18',0,NULL),(2,NULL,'m','Adrien','Test','1944-01-01 00:00:00','toto@toto.to',4,NULL,NULL,'0308a9d4199bb91082229c719d0a4fe6:70','',1,'10.55.132.140',0.0000,'2015-09-08 12:19:25',4,'2015-09-07 17:50:27',NULL,0,NULL),(3,NULL,'f','Alice','Victim','1970-01-01 00:00:00','alice@victim.com',5,NULL,NULL,'75626882814f92a5633cbde7c011ea47:86','',1,'127.0.0.1',0.0000,'2015-11-03 11:01:03',595,'2015-09-08 12:52:31',NULL,0,NULL),(4,NULL,'m','John','Test','1951-01-01 00:00:00','john@victim.com',NULL,NULL,NULL,'9683c572617d2d62274a731bff304d07:18','',1,'10.55.132.140',0.0000,NULL,0,'2015-10-02 16:49:50',NULL,0,NULL),(5,NULL,'m','Bob','Test','1982-04-02 00:00:00','bob@test.com',NULL,NULL,NULL,'7db004ccea7af99f9c2044ff3e96382b:0b','',1,'10.55.132.140',0.0000,'2015-10-21 14:43:08',1,'2015-10-21 14:42:55',NULL,0,NULL),(6,NULL,'f','Alice','Victim','1947-01-01 00:00:00','alice@test.com',NULL,NULL,NULL,'39287c54017fe605cecd531aa209eac7:e6','',1,'10.55.132.140',0.0000,NULL,0,'2015-10-21 14:43:43',NULL,0,NULL),(7,NULL,'m','User1','One','1971-01-01 00:00:00','user1@example.com',6,NULL,NULL,'ad60f1f9508928c5126ea7293ddcf5b3:90','',1,'10.55.132.140',0.0000,'2015-11-03 17:22:29',4,'2015-10-23 09:26:39',NULL,0,NULL),(8,NULL,'m','User2','Two','1961-06-04 00:00:00','user2@example.com',7,NULL,NULL,'2891802be6bb7316c92c2045e8275412:4f','',1,'10.55.132.140',0.0000,'2015-10-23 09:32:00',1,'2015-10-23 09:27:09',NULL,0,NULL);
/*!40000 ALTER TABLE `toc_customers` ENABLE KEYS */;
UNLOCK TABLES;

--
-- Table structure for table `toc_customers_basket`
--

DROP TABLE IF EXISTS `toc_customers_basket`;
/*!40101 SET @saved_cs_client     = @@character_set_client */;
/*!40101 SET character_set_client = utf8 */;
CREATE TABLE `toc_customers_basket` (
  `customers_basket_id` int(11) NOT NULL AUTO_INCREMENT,
  `customers_id` int(11) NOT NULL,
  `products_id` tinytext NOT NULL,
  `customers_basket_quantity` int(11) NOT NULL,
  `gift_certificates_data` text,
  `customizations` text,
  `final_price` decimal(15,4) NOT NULL,
  `customers_basket_date_added` datetime DEFAULT NULL,
  PRIMARY KEY (`customers_basket_id`)
) ENGINE=MyISAM AUTO_INCREMENT=355 DEFAULT CHARSET=utf8;
/*!40101 SET character_set_client = @saved_cs_client */;

--
-- Dumping data for table `toc_customers_basket`
--

LOCK TABLES `toc_customers_basket` WRITE;
/*!40000 ALTER TABLE `toc_customers_basket` DISABLE KEYS */;
INSERT INTO `toc_customers_basket` VALUES (3,1,'15',1,NULL,NULL,0.0000,'2015-09-07 10:40:29'),(6,2,'18',1,NULL,NULL,0.0000,'2015-09-08 12:34:20'),(353,7,'17',1,NULL,NULL,0.0000,'2015-10-23 10:30:13');
/*!40000 ALTER TABLE `toc_customers_basket` ENABLE KEYS */;
UNLOCK TABLES;

--
-- Table structure for table `toc_customers_credits_history`
--

DROP TABLE IF EXISTS `toc_customers_credits_history`;
/*!40101 SET @saved_cs_client     = @@character_set_client */;
/*!40101 SET character_set_client = utf8 */;
CREATE TABLE `toc_customers_credits_history` (
  `customers_credits_history_id` int(11) NOT NULL AUTO_INCREMENT,
  `customers_id` int(11) NOT NULL,
  `orders_id` int(11) DEFAULT NULL,
  `action_type` tinyint(1) NOT NULL,
  `date_added` datetime NOT NULL,
  `amount` decimal(15,4) NOT NULL,
  `comments` text NOT NULL,
  PRIMARY KEY (`customers_credits_history_id`)
) ENGINE=MyISAM DEFAULT CHARSET=utf8;
/*!40101 SET character_set_client = @saved_cs_client */;

--
-- Dumping data for table `toc_customers_credits_history`
--

LOCK TABLES `toc_customers_credits_history` WRITE;
/*!40000 ALTER TABLE `toc_customers_credits_history` DISABLE KEYS */;
/*!40000 ALTER TABLE `toc_customers_credits_history` ENABLE KEYS */;
UNLOCK TABLES;

--
-- Table structure for table `toc_customers_groups`
--

DROP TABLE IF EXISTS `toc_customers_groups`;
/*!40101 SET @saved_cs_client     = @@character_set_client */;
/*!40101 SET character_set_client = utf8 */;
CREATE TABLE `toc_customers_groups` (
  `customers_groups_id` int(11) NOT NULL AUTO_INCREMENT,
  `customers_groups_discount` int(11) NOT NULL,
  `is_default` tinyint(1) NOT NULL,
  PRIMARY KEY (`customers_groups_id`)
) ENGINE=MyISAM DEFAULT CHARSET=utf8;
/*!40101 SET character_set_client = @saved_cs_client */;

--
-- Dumping data for table `toc_customers_groups`
--

LOCK TABLES `toc_customers_groups` WRITE;
/*!40000 ALTER TABLE `toc_customers_groups` DISABLE KEYS */;
/*!40000 ALTER TABLE `toc_customers_groups` ENABLE KEYS */;
UNLOCK TABLES;

--
-- Table structure for table `toc_customers_groups_description`
--

DROP TABLE IF EXISTS `toc_customers_groups_description`;
/*!40101 SET @saved_cs_client     = @@character_set_client */;
/*!40101 SET character_set_client = utf8 */;
CREATE TABLE `toc_customers_groups_description` (
  `customers_groups_id` int(11) NOT NULL,
  `language_id` int(11) NOT NULL,
  `customers_groups_name` varchar(255) NOT NULL,
  PRIMARY KEY (`customers_groups_id`,`language_id`)
) ENGINE=MyISAM DEFAULT CHARSET=utf8;
/*!40101 SET character_set_client = @saved_cs_client */;

--
-- Dumping data for table `toc_customers_groups_description`
--

LOCK TABLES `toc_customers_groups_description` WRITE;
/*!40000 ALTER TABLE `toc_customers_groups_description` DISABLE KEYS */;
/*!40000 ALTER TABLE `toc_customers_groups_description` ENABLE KEYS */;
UNLOCK TABLES;

--
-- Table structure for table `toc_customers_ratings`
--

DROP TABLE IF EXISTS `toc_customers_ratings`;
/*!40101 SET @saved_cs_client     = @@character_set_client */;
/*!40101 SET character_set_client = utf8 */;
CREATE TABLE `toc_customers_ratings` (
  `customers_ratings_id` int(11) NOT NULL AUTO_INCREMENT,
  `customers_id` int(11) NOT NULL,
  `reviews_id` int(11) NOT NULL,
  `ratings_id` int(11) NOT NULL,
  `ratings_value` int(1) NOT NULL DEFAULT '0',
  PRIMARY KEY (`customers_ratings_id`)
) ENGINE=MyISAM DEFAULT CHARSET=utf8;
/*!40101 SET character_set_client = @saved_cs_client */;

--
-- Dumping data for table `toc_customers_ratings`
--

LOCK TABLES `toc_customers_ratings` WRITE;
/*!40000 ALTER TABLE `toc_customers_ratings` DISABLE KEYS */;
/*!40000 ALTER TABLE `toc_customers_ratings` ENABLE KEYS */;
UNLOCK TABLES;

--
-- Table structure for table `toc_customization_fields`
--

DROP TABLE IF EXISTS `toc_customization_fields`;
/*!40101 SET @saved_cs_client     = @@character_set_client */;
/*!40101 SET character_set_client = utf8 */;
CREATE TABLE `toc_customization_fields` (
  `customization_fields_id` int(11) NOT NULL AUTO_INCREMENT,
  `products_id` int(11) NOT NULL,
  `type` tinyint(1) NOT NULL,
  `is_required` tinyint(1) NOT NULL,
  PRIMARY KEY (`customization_fields_id`)
) ENGINE=MyISAM DEFAULT CHARSET=utf8;
/*!40101 SET character_set_client = @saved_cs_client */;

--
-- Dumping data for table `toc_customization_fields`
--

LOCK TABLES `toc_customization_fields` WRITE;
/*!40000 ALTER TABLE `toc_customization_fields` DISABLE KEYS */;
/*!40000 ALTER TABLE `toc_customization_fields` ENABLE KEYS */;
UNLOCK TABLES;

--
-- Table structure for table `toc_customization_fields_description`
--

DROP TABLE IF EXISTS `toc_customization_fields_description`;
/*!40101 SET @saved_cs_client     = @@character_set_client */;
/*!40101 SET character_set_client = utf8 */;
CREATE TABLE `toc_customization_fields_description` (
  `customization_fields_id` int(11) NOT NULL,
  `languages_id` int(11) NOT NULL,
  `name` varchar(64) NOT NULL,
  PRIMARY KEY (`customization_fields_id`,`languages_id`)
) ENGINE=MyISAM DEFAULT CHARSET=utf8;
/*!40101 SET character_set_client = @saved_cs_client */;

--
-- Dumping data for table `toc_customization_fields_description`
--

LOCK TABLES `toc_customization_fields_description` WRITE;
/*!40000 ALTER TABLE `toc_customization_fields_description` DISABLE KEYS */;
/*!40000 ALTER TABLE `toc_customization_fields_description` ENABLE KEYS */;
UNLOCK TABLES;

--
-- Table structure for table `toc_departments`
--

DROP TABLE IF EXISTS `toc_departments`;
/*!40101 SET @saved_cs_client     = @@character_set_client */;
/*!40101 SET character_set_client = utf8 */;
CREATE TABLE `toc_departments` (
  `departments_id` int(11) NOT NULL AUTO_INCREMENT,
  `departments_email_address` varchar(96) NOT NULL,
  PRIMARY KEY (`departments_id`)
) ENGINE=MyISAM DEFAULT CHARSET=utf8;
/*!40101 SET character_set_client = @saved_cs_client */;

--
-- Dumping data for table `toc_departments`
--

LOCK TABLES `toc_departments` WRITE;
/*!40000 ALTER TABLE `toc_departments` DISABLE KEYS */;
/*!40000 ALTER TABLE `toc_departments` ENABLE KEYS */;
UNLOCK TABLES;

--
-- Table structure for table `toc_departments_description`
--

DROP TABLE IF EXISTS `toc_departments_description`;
/*!40101 SET @saved_cs_client     = @@character_set_client */;
/*!40101 SET character_set_client = utf8 */;
CREATE TABLE `toc_departments_description` (
  `departments_id` int(11) NOT NULL AUTO_INCREMENT,
  `languages_id` int(11) NOT NULL,
  `departments_title` varchar(64) NOT NULL DEFAULT '',
  `departments_description` varchar(255) NOT NULL DEFAULT '',
  PRIMARY KEY (`departments_id`,`languages_id`)
) ENGINE=MyISAM DEFAULT CHARSET=utf8;
/*!40101 SET character_set_client = @saved_cs_client */;

--
-- Dumping data for table `toc_departments_description`
--

LOCK TABLES `toc_departments_description` WRITE;
/*!40000 ALTER TABLE `toc_departments_description` DISABLE KEYS */;
/*!40000 ALTER TABLE `toc_departments_description` ENABLE KEYS */;
UNLOCK TABLES;

--
-- Table structure for table `toc_email_accounts`
--

DROP TABLE IF EXISTS `toc_email_accounts`;
/*!40101 SET @saved_cs_client     = @@character_set_client */;
/*!40101 SET character_set_client = utf8 */;
CREATE TABLE `toc_email_accounts` (
  `accounts_id` int(11) NOT NULL AUTO_INCREMENT,
  `user_id` int(11) NOT NULL,
  `accounts_name` varchar(100) NOT NULL,
  `accounts_email` varchar(100) NOT NULL,
  `signature` text,
  `type` varchar(4) DEFAULT NULL,
  `host` varchar(100) DEFAULT NULL,
  `port` int(11) NOT NULL,
  `use_ssl` tinyint(1) NOT NULL DEFAULT '0',
  `novalidate_cert` tinyint(1) NOT NULL DEFAULT '0',
  `username` varchar(50) NOT NULL,
  `password` varchar(64) NOT NULL,
  `mbroot` varchar(30) DEFAULT NULL,
  `sent` varchar(100) DEFAULT NULL,
  `drafts` varchar(100) DEFAULT NULL,
  `trash` varchar(100) DEFAULT NULL,
  `spam` varchar(100) DEFAULT NULL,
  `save_copy_on_server` tinyint(1) DEFAULT '0',
  `examine_headers` tinyint(1) NOT NULL DEFAULT '0',
  `use_system_mailer` tinyint(1) NOT NULL DEFAULT '0',
  `smtp_host` varchar(100) DEFAULT NULL,
  `smtp_port` int(11) DEFAULT NULL,
  `smtp_encryption` char(3) DEFAULT NULL,
  `smtp_username` varchar(50) DEFAULT NULL,
  `smtp_password` varchar(50) DEFAULT NULL,
  PRIMARY KEY (`accounts_id`),
  KEY `user_id` (`user_id`)
) ENGINE=MyISAM DEFAULT CHARSET=utf8;
/*!40101 SET character_set_client = @saved_cs_client */;

--
-- Dumping data for table `toc_email_accounts`
--

LOCK TABLES `toc_email_accounts` WRITE;
/*!40000 ALTER TABLE `toc_email_accounts` DISABLE KEYS */;
/*!40000 ALTER TABLE `toc_email_accounts` ENABLE KEYS */;
UNLOCK TABLES;

--
-- Table structure for table `toc_email_folders`
--

DROP TABLE IF EXISTS `toc_email_folders`;
/*!40101 SET @saved_cs_client     = @@character_set_client */;
/*!40101 SET character_set_client = utf8 */;
CREATE TABLE `toc_email_folders` (
  `folders_id` int(11) NOT NULL AUTO_INCREMENT,
  `accounts_id` int(11) NOT NULL,
  `folders_name` varchar(100) DEFAULT NULL,
  `folders_flag` int(4) NOT NULL DEFAULT '0',
  `subscribed` tinyint(1) NOT NULL DEFAULT '0',
  `parent_id` int(11) NOT NULL DEFAULT '0',
  `delimiter` char(1) NOT NULL DEFAULT '',
  `attributes` int(11) NOT NULL DEFAULT '0',
  `sort_order` tinyint(4) NOT NULL DEFAULT '0',
  `auto_check` tinyint(1) NOT NULL DEFAULT '0',
  PRIMARY KEY (`folders_id`),
  KEY `accounts_id` (`accounts_id`)
) ENGINE=MyISAM DEFAULT CHARSET=utf8;
/*!40101 SET character_set_client = @saved_cs_client */;

--
-- Dumping data for table `toc_email_folders`
--

LOCK TABLES `toc_email_folders` WRITE;
/*!40000 ALTER TABLE `toc_email_folders` DISABLE KEYS */;
/*!40000 ALTER TABLE `toc_email_folders` ENABLE KEYS */;
UNLOCK TABLES;

--
-- Table structure for table `toc_email_messages`
--

DROP TABLE IF EXISTS `toc_email_messages`;
/*!40101 SET @saved_cs_client     = @@character_set_client */;
/*!40101 SET character_set_client = utf8 */;
CREATE TABLE `toc_email_messages` (
  `id` int(11) NOT NULL AUTO_INCREMENT,
  `accounts_id` int(11) NOT NULL,
  `folders_id` int(11) NOT NULL,
  `uid` varchar(255) NOT NULL,
  `messages_id` varchar(255) NOT NULL,
  `subject` varchar(100) DEFAULT NULL,
  `from_address` varchar(100) DEFAULT NULL,
  `to_address` varchar(100) DEFAULT NULL,
  `reply_to` varchar(100) DEFAULT NULL,
  `udate` int(11) NOT NULL,
  `size` int(11) NOT NULL,
  `attachments` tinyint(1) NOT NULL,
  `priority` tinyint(1) NOT NULL,
  `new` tinyint(1) NOT NULL,
  `content_type` varchar(100) NOT NULL,
  `content_transfer_encoding` varchar(100) NOT NULL,
  `fetch_timestamp` int(11) NOT NULL,
  `messages_flag` int(1) NOT NULL DEFAULT '0',
  PRIMARY KEY (`id`),
  KEY `folders_id` (`folders_id`)
) ENGINE=MyISAM DEFAULT CHARSET=utf8;
/*!40101 SET character_set_client = @saved_cs_client */;

--
-- Dumping data for table `toc_email_messages`
--

LOCK TABLES `toc_email_messages` WRITE;
/*!40000 ALTER TABLE `toc_email_messages` DISABLE KEYS */;
/*!40000 ALTER TABLE `toc_email_messages` ENABLE KEYS */;
UNLOCK TABLES;

--
-- Table structure for table `toc_email_templates`
--

DROP TABLE IF EXISTS `toc_email_templates`;
/*!40101 SET @saved_cs_client     = @@character_set_client */;
/*!40101 SET character_set_client = utf8 */;
CREATE TABLE `toc_email_templates` (
  `email_templates_id` int(11) NOT NULL AUTO_INCREMENT,
  `email_templates_name` varchar(100) NOT NULL,
  `email_templates_status` tinyint(1) NOT NULL,
  PRIMARY KEY (`email_templates_id`)
) ENGINE=MyISAM AUTO_INCREMENT=17 DEFAULT CHARSET=utf8;
/*!40101 SET character_set_client = @saved_cs_client */;

--
-- Dumping data for table `toc_email_templates`
--

LOCK TABLES `toc_email_templates` WRITE;
/*!40000 ALTER TABLE `toc_email_templates` DISABLE KEYS */;
INSERT INTO `toc_email_templates` VALUES (1,'create_account_email',1),(2,'password_forgotten',1),(3,'tell_a_friend',1),(4,'new_order_created',1),(5,'admin_order_status_updated',1),(6,'admin_create_account_email',1),(7,'abandoned_cart_inquiry',1),(8,'send_coupon',1),(9,'admin_customer_credits_change_notification',1),(10,'share_wishlist',1),(11,'active_gift_certificate',1),(12,'active_downloadable_product',1),(13,'admin_create_order_credit_slip',1),(14,'admin_create_order_store_credit',1),(15,'admin_password_forgotten',1),(16,'out_of_stock_alerts',1);
/*!40000 ALTER TABLE `toc_email_templates` ENABLE KEYS */;
UNLOCK TABLES;

--
-- Table structure for table `toc_email_templates_description`
--

DROP TABLE IF EXISTS `toc_email_templates_description`;
/*!40101 SET @saved_cs_client     = @@character_set_client */;
/*!40101 SET character_set_client = utf8 */;
CREATE TABLE `toc_email_templates_description` (
  `email_templates_id` int(11) NOT NULL,
  `language_id` int(11) NOT NULL,
  `email_title` varchar(255) NOT NULL,
  `email_content` text NOT NULL,
  PRIMARY KEY (`email_templates_id`,`language_id`)
) ENGINE=MyISAM DEFAULT CHARSET=utf8;
/*!40101 SET character_set_client = @saved_cs_client */;

--
-- Dumping data for table `toc_email_templates_description`
--

LOCK TABLES `toc_email_templates_description` WRITE;
/*!40000 ALTER TABLE `toc_email_templates_description` DISABLE KEYS */;
INSERT INTO `toc_email_templates_description` VALUES (1,1,'Welcome to %%store_name%%','<p>%%greeting_text%%</p><br /><br /><p>We welcome you to %%store_name%%!</p><br /><br /><p>You can now take part in the various services we have offer for you. Some of these services include:</p><br /><br /><ul><br /><li>Permanent Cart - Any products added to your online cart remain there until you remove them, or check them out.<br /><li>Address Book - We can now deliver your products to another address other than yours! This is perfect to send birthday gifts direct to the birthday-person themselves.<br /><li>Order History - View your history of purchases that you have made with us.<br /><li>Products Reviews - Share your opinions on products with our other customers.<br /></ul><br /><p>For help with any of our online services, please email the store-owner: %%store_owner_email_address%%.</p><br /><br />Note: This email address was given to us by one of our customers. If you did not signup to be a member, please send an email to the store owner.'),(2,1,'Password Reminder to TomatoCart','A new password was requested from %%customer_ip_address%%.<br /><br />Your new password to %%store_name%% is:<br /><br />%%customer_password%%<br /><br />For help with any of our online services, please email the store-owner: %%store_owner_email_address%%.<br /><br />Note: If you did not request this action via our password forgotten page, please notify the store owner as soon as possible.'),(3,1,'Your friend %%from_name%% has recommended this great product from %%store_name%%','Hi %%to_name%%!<br /><br />Your friend, %%from_name%%, thought that you would be interested in %%product_name%% from %%store_name%%.<br /><br />%%message%%<br /><br />To view the product click on the link below or copy and paste the link into your web browser:<br /><br />%%product_link%%<br /><br />Regards,<br /><br />%%store_name%% <br />%%store_address%%'),(4,1,'Order Process','TomatoCart<br />------------------------------------------------------<br />Order Number: %%order_number%%<br />Detailed Invoice: %%invoice_link%%<br />Date Ordered: %%date_ordered%%<br /><br />%%order_details%%<br /><br />Delivery Address<br />------------------------------------------------------<br />%%delivery_address%%<br /><br />Billing Address<br />------------------------------------------------------<br />%%billing_address%%<br /><br />Order Status: %%order_status%%<br />------------------------------------------------------<br />%%order_comments%%'),(5,1,'Order Update (%%store_name%%)','%%store_name%%<br />------------------------------------------------------<br />Order Number: %%order_number%%<br />Detailed Invoice: %%invoice_link%%<br />Date Ordered: %%date_ordered%%<br /><br />Order Comment<br />------------------------------------------------------<br />%%order_comment%%<br /><br />Order Status<br />------------------------------------------------------<br />New Status: %%new_order_status%%<br /><br />Please reply to this e-mail if you have any questions regarding this order.'),(6,1,'Welcome to %%store_name%%','%%greeting_text%%<br /><br />We welcome you to %%store_name%%.<br /><br />You can now take part in the various services we have to offer you. Some of these services include:<br /><br />* Permanent Shopping Cart - Any products added to your online shopping cart remain there until you purchase or remove them<br />* Address Book - Products can be delivered to any addresses you define in your address book! This is perfect to send gifts directly to the customers.<br />* Order History - The previous orders you have made can be viewed online.<br />* Product Reviews -  Share opinions about products with other customers.<br /><br />For help with any of our online services please email us at: %%store_owner_email_address%%<br />Please note: This account has been created for you by the store owner. <br /><br />Please use your e-mail address with the following password as your login account: %%password%%'),(7,1,'Inquiry from %%store_name%%','%%greeting_text%%<br /><br />We noticed that during a visit to our store you placed the following item(s) in your shopping cart, but did not complete the transaction.<br /><br />Shopping Cart Contents:<br /><br />%%shopping_cart_contents%%<br /><br />Comment:<br /><br />%%comment%%<br /><br />We are always interested in knowing what happened and if there was a reason that you decided not to purchase at this time. If you could be so kind as to let us know if you had any issues or concerns, we would appreciate it. <br /><br />We are asking for feedback from you and others as to how we can help make your experience at %%store_name%% better.<br /><br />PLEASE NOTE:<br /><br />If you believe you completed your purchase and are wondering why it was not delivered, this email is an indication that your order was NOT completed, and that you have NOT been charged! Please return to the store in order to complete your order.<br /><br />Our apologies if you already completed your purchase, we try not to send these messages in those cases, but sometimes it is hard for us to tell depending on individual circumstances.<br /><br />Again, thank you for your time and consideration in helping us improve the %%store_name%%.<br /><br />Sincerely,<br />%%store_name%%'),(8,1,'You have received a coupon from %%store_name%%','%%greeting_text%%<br /><br />You have received a coupon from %%store_name%%. You can redeem this coupon during checkout. Just enter the code in the box provided, and click on the redeem button.<br /><br />The coupon code is: %%coupon_code%%<br /><br />Don\'t lose the coupon code, make sure to keep the code safe so you can benefit from this special offer.<br /><br />%%addtional_message%%'),(9,1,'You have receive a store credit from administrator','%%greeting_text%% <p> The administrator has updated your store credits. Now you have %%customer_credits%% credits in your account. </p>'),(10,1,'Your friend %%from_name%% want to share his wishlist from %%store_name%%','Hi!<br /><br />Your friend %%from_name%% want to share his wishlist from %%store_name%%.<br /><br />%%message%%<br /><br />To view the wishlist click on the link below or copy and paste the link into your web browser:<br /><br />%%wishlist_url%%<br /><br />Regards,<br /><br />%%store_name%% <br />%%store_address%%'),(11,1,'You have received a gift certificate from %%recipient_name%%','Dear %%recipient_name%%,<br /><br />You have received a gift certificate from %%sender_name%%. You can redeem this gift certificate during checkout. Just enter the code in the box provided, and click on the redeem button.<br /><br />The gift certificate amount is %%gift_certificate_amount%% and  the gift certificate code is: %%gift_certificate_code%%<br /><br />Don\'t lose the gift certificate code and make sure to keep the code safe.<br /><br /><b>%%gift_certificate_message%%</b><br /><br />Regards,<br /><br />%%store_name%% <br />%%store_owner_email_address%%'),(12,1,'The download link for %%downloadable_products%% is actived','Dear %%customer_name%%,<br /><br />The download link for the products you purchased from store %%store_name%%: <br /><br />%%downloadable_products%%<br /><br />is actived.<br /><br />Please go to the orders area of \"My Account\" and download the products.<br /><br />%%download_link%%<br /><br />Regards,<br /><br />%%store_name%% <br />%%store_owner_email_address%%'),(13,1,'A new credit slip is created for returned products','Dear %%customer_name%%,<br /><br />A new credit slip is created for following returned products:<br /><br /> %%returned_products%% <br /><br />from order %%order_number%%. The slip number is %%slip_number%% and the total amount is %%total_amount%%. You can print out the credit slip in the \"My Acount\" area. <br /><br />Regards,<br /><br />%%store_name%% <br />%%store_owner_email_address%%'),(14,1,'New store credit is created for returned products','Dear %%customer_name%%,<br /><br />New store credit is created for following returned products:<br /><br /> %%returned_products%% <br /><br />from order %%order_number%%. The total amount is %%total_amount%% and the store credit is made to your billing account so that it can be used for future purchases. <br /><br />Regards,<br /><br />%%store_name%% <br />%%store_owner_email_address%%'),(15,1,'Administrator Password Reminder to TomatoCart','A new password was requested from %%admin_ip_address%%.<br /><br />Your new password is:<br /><br />%%admin_password%%<br /><br />Regards,<br /><br />%%store_name%% <br />%%store_owner_email_address%%'),(16,1,'Product out of Stock','TomatoCart<br>---------------------------------------------------<br>%%products_name%% %%products_variants%% is out of stock.<br>---------------------------------------------------<br>Remaining stock: %%products_quantity%%. You are advised to turn <br>to the Products section in the admin panel to replenish the inventory.');
/*!40000 ALTER TABLE `toc_email_templates_description` ENABLE KEYS */;
UNLOCK TABLES;

--
-- Table structure for table `toc_faqs`
--

DROP TABLE IF EXISTS `toc_faqs`;
/*!40101 SET @saved_cs_client     = @@character_set_client */;
/*!40101 SET character_set_client = utf8 */;
CREATE TABLE `toc_faqs` (
  `faqs_id` int(11) NOT NULL AUTO_INCREMENT,
  `faqs_status` tinyint(1) NOT NULL,
  `faqs_order` int(10) NOT NULL,
  `faqs_date_added` datetime NOT NULL,
  `faqs_last_modified` datetime NOT NULL,
  PRIMARY KEY (`faqs_id`)
) ENGINE=MyISAM DEFAULT CHARSET=utf8;
/*!40101 SET character_set_client = @saved_cs_client */;

--
-- Dumping data for table `toc_faqs`
--

LOCK TABLES `toc_faqs` WRITE;
/*!40000 ALTER TABLE `toc_faqs` DISABLE KEYS */;
/*!40000 ALTER TABLE `toc_faqs` ENABLE KEYS */;
UNLOCK TABLES;

--
-- Table structure for table `toc_faqs_description`
--

DROP TABLE IF EXISTS `toc_faqs_description`;
/*!40101 SET @saved_cs_client     = @@character_set_client */;
/*!40101 SET character_set_client = utf8 */;
CREATE TABLE `toc_faqs_description` (
  `faqs_id` int(11) NOT NULL,
  `language_id` int(11) NOT NULL,
  `faqs_question` varchar(255) NOT NULL,
  `faqs_url` varchar(255) NOT NULL,
  `faqs_answer` text NOT NULL,
  PRIMARY KEY (`faqs_id`,`language_id`)
) ENGINE=MyISAM DEFAULT CHARSET=utf8;
/*!40101 SET character_set_client = @saved_cs_client */;

--
-- Dumping data for table `toc_faqs_description`
--

LOCK TABLES `toc_faqs_description` WRITE;
/*!40000 ALTER TABLE `toc_faqs_description` DISABLE KEYS */;
/*!40000 ALTER TABLE `toc_faqs_description` ENABLE KEYS */;
UNLOCK TABLES;

--
-- Table structure for table `toc_geo_zones`
--

DROP TABLE IF EXISTS `toc_geo_zones`;
/*!40101 SET @saved_cs_client     = @@character_set_client */;
/*!40101 SET character_set_client = utf8 */;
CREATE TABLE `toc_geo_zones` (
  `geo_zone_id` int(11) NOT NULL AUTO_INCREMENT,
  `geo_zone_name` varchar(32) NOT NULL,
  `geo_zone_description` varchar(255) NOT NULL,
  `last_modified` datetime DEFAULT NULL,
  `date_added` datetime NOT NULL,
  PRIMARY KEY (`geo_zone_id`)
) ENGINE=MyISAM AUTO_INCREMENT=2 DEFAULT CHARSET=utf8;
/*!40101 SET character_set_client = @saved_cs_client */;

--
-- Dumping data for table `toc_geo_zones`
--

LOCK TABLES `toc_geo_zones` WRITE;
/*!40000 ALTER TABLE `toc_geo_zones` DISABLE KEYS */;
INSERT INTO `toc_geo_zones` VALUES (1,'Florida','Florida local sales tax zone',NULL,'2015-09-07 10:11:04');
/*!40000 ALTER TABLE `toc_geo_zones` ENABLE KEYS */;
UNLOCK TABLES;

--
-- Table structure for table `toc_gift_certificates`
--

DROP TABLE IF EXISTS `toc_gift_certificates`;
/*!40101 SET @saved_cs_client     = @@character_set_client */;
/*!40101 SET character_set_client = utf8 */;
CREATE TABLE `toc_gift_certificates` (
  `gift_certificates_id` int(11) NOT NULL AUTO_INCREMENT,
  `orders_id` int(11) NOT NULL,
  `orders_products_id` int(11) NOT NULL,
  `gift_certificates_type` int(5) NOT NULL,
  `status` tinyint(1) NOT NULL,
  `amount` decimal(15,4) NOT NULL,
  `gift_certificates_code` varchar(32) NOT NULL,
  `senders_name` varchar(64) NOT NULL,
  `senders_email` varchar(96) NOT NULL,
  `recipients_name` varchar(64) NOT NULL,
  `recipients_email` varchar(96) NOT NULL,
  `messages` text NOT NULL,
  PRIMARY KEY (`gift_certificates_id`)
) ENGINE=MyISAM DEFAULT CHARSET=utf8;
/*!40101 SET character_set_client = @saved_cs_client */;

--
-- Dumping data for table `toc_gift_certificates`
--

LOCK TABLES `toc_gift_certificates` WRITE;
/*!40000 ALTER TABLE `toc_gift_certificates` DISABLE KEYS */;
/*!40000 ALTER TABLE `toc_gift_certificates` ENABLE KEYS */;
UNLOCK TABLES;

--
-- Table structure for table `toc_gift_certificates_redeem_history`
--

DROP TABLE IF EXISTS `toc_gift_certificates_redeem_history`;
/*!40101 SET @saved_cs_client     = @@character_set_client */;
/*!40101 SET character_set_client = utf8 */;
CREATE TABLE `toc_gift_certificates_redeem_history` (
  `gift_certificates_redeem_history_id` int(11) NOT NULL AUTO_INCREMENT,
  `gift_certificates_id` int(11) NOT NULL,
  `customers_id` int(11) NOT NULL,
  `orders_id` int(11) NOT NULL,
  `redeem_date` datetime NOT NULL,
  `redeem_amount` decimal(15,4) NOT NULL,
  `redeem_ip_address` varchar(15) NOT NULL,
  PRIMARY KEY (`gift_certificates_redeem_history_id`)
) ENGINE=MyISAM DEFAULT CHARSET=utf8;
/*!40101 SET character_set_client = @saved_cs_client */;

--
-- Dumping data for table `toc_gift_certificates_redeem_history`
--

LOCK TABLES `toc_gift_certificates_redeem_history` WRITE;
/*!40000 ALTER TABLE `toc_gift_certificates_redeem_history` DISABLE KEYS */;
/*!40000 ALTER TABLE `toc_gift_certificates_redeem_history` ENABLE KEYS */;
UNLOCK TABLES;

--
-- Table structure for table `toc_guest_books`
--

DROP TABLE IF EXISTS `toc_guest_books`;
/*!40101 SET @saved_cs_client     = @@character_set_client */;
/*!40101 SET character_set_client = utf8 */;
CREATE TABLE `toc_guest_books` (
  `guest_books_id` int(11) NOT NULL AUTO_INCREMENT,
  `title` varchar(255) NOT NULL,
  `email` varchar(255) NOT NULL,
  `url` varchar(255) NOT NULL,
  `guest_books_status` tinyint(1) NOT NULL,
  `languages_id` int(11) NOT NULL,
  `content` text NOT NULL,
  `date_added` datetime DEFAULT NULL,
  PRIMARY KEY (`guest_books_id`)
) ENGINE=MyISAM DEFAULT CHARSET=utf8;
/*!40101 SET character_set_client = @saved_cs_client */;

--
-- Dumping data for table `toc_guest_books`
--

LOCK TABLES `toc_guest_books` WRITE;
/*!40000 ALTER TABLE `toc_guest_books` DISABLE KEYS */;
/*!40000 ALTER TABLE `toc_guest_books` ENABLE KEYS */;
UNLOCK TABLES;

--
-- Table structure for table `toc_languages`
--

DROP TABLE IF EXISTS `toc_languages`;
/*!40101 SET @saved_cs_client     = @@character_set_client */;
/*!40101 SET character_set_client = utf8 */;
CREATE TABLE `toc_languages` (
  `languages_id` int(11) NOT NULL AUTO_INCREMENT,
  `name` varchar(32) NOT NULL,
  `code` char(5) NOT NULL,
  `locale` varchar(255) NOT NULL,
  `charset` varchar(32) NOT NULL,
  `date_format_short` varchar(32) NOT NULL,
  `date_format_long` varchar(32) NOT NULL,
  `time_format` varchar(32) NOT NULL,
  `text_direction` varchar(12) NOT NULL,
  `currencies_id` int(11) NOT NULL,
  `numeric_separator_decimal` varchar(12) NOT NULL,
  `numeric_separator_thousands` varchar(12) NOT NULL,
  `parent_id` int(11) DEFAULT '0',
  `sort_order` int(3) DEFAULT NULL,
  PRIMARY KEY (`languages_id`)
) ENGINE=MyISAM AUTO_INCREMENT=2 DEFAULT CHARSET=utf8;
/*!40101 SET character_set_client = @saved_cs_client */;

--
-- Dumping data for table `toc_languages`
--

LOCK TABLES `toc_languages` WRITE;
/*!40000 ALTER TABLE `toc_languages` DISABLE KEYS */;
INSERT INTO `toc_languages` VALUES (1,'English','en_US','en_US.UTF-8,en_US,english','utf-8','%m/%d/%Y','%A %d %B, %Y','%H:%M:%S','ltr',1,'.',',',0,1);
/*!40000 ALTER TABLE `toc_languages` ENABLE KEYS */;
UNLOCK TABLES;

--
-- Table structure for table `toc_languages_definitions`
--

DROP TABLE IF EXISTS `toc_languages_definitions`;
/*!40101 SET @saved_cs_client     = @@character_set_client */;
/*!40101 SET character_set_client = utf8 */;
CREATE TABLE `toc_languages_definitions` (
  `id` int(11) NOT NULL AUTO_INCREMENT,
  `languages_id` int(11) NOT NULL,
  `content_group` varchar(32) NOT NULL,
  `definition_key` varchar(255) NOT NULL,
  `definition_value` text NOT NULL,
  PRIMARY KEY (`id`),
  KEY `IDX_LANGUAGES_DEFINITIONS_LANGUAGES` (`languages_id`),
  KEY `IDX_LANGUAGES_DEFINITIONS` (`languages_id`,`content_group`),
  KEY `IDX_LANGUAGES_DEFINITIONS_GROUPS` (`content_group`)
) ENGINE=MyISAM AUTO_INCREMENT=1080 DEFAULT CHARSET=utf8;
/*!40101 SET character_set_client = @saved_cs_client */;

--
-- Dumping data for table `toc_languages_definitions`
--

LOCK TABLES `toc_languages_definitions` WRITE;
/*!40000 ALTER TABLE `toc_languages_definitions` DISABLE KEYS */;
INSERT INTO `toc_languages_definitions` VALUES (1,1,'general','home','Home'),(2,1,'general','specials','Specials'),(3,1,'general','special_products','Special Products'),(4,1,'general','new_products','New Products'),(5,1,'general','feature_products','Feature Products'),(6,1,'general','contact_us','Contact Us'),(7,1,'general','guest_book','Guest Book'),(8,1,'general','my_account','My Account'),(9,1,'general','my_wishlist','My Wishlist'),(10,1,'general','login','Login'),(11,1,'general','logoff','Logoff'),(12,1,'general','create_account','Create Account'),(13,1,'general','cart_contents','Cart Contents'),(14,1,'general','save_cart_status_success','status of the blockcart module updated in the cookie'),(15,1,'general','no_cart_status_setted','ERROR: No status setted'),(16,1,'general','error_no_shipping_flat_url','Track Information is currently not available. Please contact us for more information or email us at info@tomatocart.com'),(17,1,'general','table_heading_carrier','Carrier :'),(18,1,'general','table_heading_track_number','Track Number :'),(19,1,'general','table_heading_track','Track :'),(20,1,'general','table_heading_error','Error :'),(21,1,'general','button_track_your_order','Track your order'),(22,1,'general','heading_title_order_track_infomation','Track Infomation'),(23,1,'general','save_cart_status_error','ERROR: bad status setted. Only collapse or expand status of the blockcart module are available.'),(24,1,'general','field_guestbook_title_error','ERROR: Please specify the message title.'),(25,1,'general','field_guestbook_email_error','ERROR: Please specify the correct email address.'),(26,1,'general','field_guestbook_content_error','ERROR: Please specify the content.'),(27,1,'general','field_guestbook_verify_code_error','ERROR: Please specify the correct verify code.'),(28,1,'general','field_guestbook_no_records','There isn\'t any guestbook yet.'),(29,1,'general','success_guestbook_saved','The message has been successfully saved.'),(30,1,'general','verification_info_note','Enter the code in the Box bellow.'),(31,1,'general','checkout','Checkout'),(32,1,'general','breadcrumb_top','Top'),(33,1,'general','breadcrumb_shop','Online Shop'),(34,1,'general','bookmark','Bookmark'),(35,1,'general','text_items','item(s)'),(36,1,'general','sign_in','Sign In'),(37,1,'general','sign_out','Sign Out'),(38,1,'general','gender_male','Male'),(39,1,'general','gender_female','Female'),(40,1,'general','close','Close'),(41,1,'general','pull_down_default','--Please Select--'),(42,1,'general','admin_logout','Administrator Logout'),(43,1,'general','field_username','Username:'),(44,1,'general','field_password','Password:'),(45,1,'general','button_login','Login'),(46,1,'general','introduction_maintenance_mode_text','We apologize for any inconvenience, this website is down for maintenance, please come back latter!'),(47,1,'general','error_admin_login_no_match','There was no match for username and/or password. Please try again.'),(48,1,'general','js_error','Errors have occured during the process of your form.\\n\\nPlease make the following corrections:\\n\\n'),(49,1,'general','js_error_already_submitted','This form has already been submitted. Please press Ok and wait for this process to be completed.'),(50,1,'general','error_download_max_num_of_days','You have reached the maximum download days.'),(51,1,'general','error_download_max_num_of_times','You have reached the maximum download times.'),(52,1,'general','error_download_file_not_exist','The requested file does not exist.'),(53,1,'general','products','Products'),(54,1,'general','shipping','Shipping'),(55,1,'general','total','Total'),(56,1,'general','product','Product'),(57,1,'general','No products','No products'),(58,1,'general','form_required_information','* Required information'),(59,1,'general','result_set_current_page','Page %s of %d'),(60,1,'general','result_set_number_of_products','Displaying <b>%d</b> to <b>%d</b> (of <b>%d</b> products)'),(61,1,'general','result_set_number_of_orders','Displaying <b>%d</b> to <b>%d</b> (of <b>%d</b> orders)'),(62,1,'general','result_set_number_of_orders_returns','Displaying <b>%d</b> to <b>%d</b> (of <b>%d</b> returned orders)'),(63,1,'general','result_set_number_of_reviews','Displaying <b>%d</b> to <b>%d</b> (of <b>%d</b> reviews)'),(64,1,'general','result_set_number_of_articles','Displaying <b>%d</b> to <b>%d</b> (of <b>%d</b> articles)'),(65,1,'general','result_set_previous_page','[&lt;&lt;&nbsp;Prev]'),(66,1,'general','result_set_next_page','[Next&nbsp;&gt;&gt;]'),(67,1,'general','button_add_address','Add Address'),(68,1,'general','button_back','Back'),(69,1,'general','button_buy_now','Buy Now'),(70,1,'general','button_write_message','Write Message'),(71,1,'general','button_read_more','Read More'),(72,1,'general','button_add','Add'),(73,1,'general','button_clear','Clear'),(74,1,'general','button_compare_now','Compare Now'),(75,1,'general','add_to_wishlist','Add To Wishlist'),(76,1,'general','add_to_compare','Add To Compare'),(77,1,'general','print','Print'),(78,1,'general','button_change_address','Change Address'),(79,1,'general','button_checkout','Checkout'),(80,1,'general','button_confirm_order','Confirm Order'),(81,1,'general','button_continue','Continue'),(82,1,'general','submit_reviews','Submit Reviews'),(83,1,'general','button_delete','Delete'),(84,1,'general','button_edit','Edit'),(85,1,'general','button_view','View'),(86,1,'general','button_print','Print'),(87,1,'general','button_sign_in','Sign In'),(88,1,'general','button_add_to_cart','Add to Shopping Cart'),(89,1,'general','button_reviews','Reviews'),(90,1,'general','button_search','Search'),(91,1,'general','button_update_cart','Update Shopping Cart'),(92,1,'general','button_continue_shopping','Continue Shopping'),(93,1,'general','button_write_review','Write Review'),(94,1,'general','button_result','Result'),(95,1,'general','button_vote','Vote'),(96,1,'general','icon_in_cart','Add to Shopping Cart'),(97,1,'general','tax_rate_unknown','Tax rate unknown'),(98,1,'general','footer','Copyright &copy; %s <a href=\"%s\">%s</a><br />Powered by <a href=\"http://www.tomatocart.com\" target=\"_blank\">TomatoCart</a>'),(99,1,'index','rss_heading','RSS Feeds'),(100,1,'index','rss_categories','Categories'),(101,1,'index','index_heading','Welcome to %s!'),(102,1,'index','index_text','This is a default setup of the TomatoCart e-commerce shopping cart solution, products shown are for demonstrational purposes, <b>any products purchased will not be delivered nor will the customer be billed</b>. Any information seen on these products is to be treated as fictional.'),(103,1,'general','listing_image_heading','Image'),(104,1,'general','listing_sku_heading','SKU'),(105,1,'general','listing_products_heading','Products'),(106,1,'general','listing_manufacturer_heading','Manufacturer'),(107,1,'general','listing_quantity_heading','Quantity'),(108,1,'general','listing_price_heading','Price'),(109,1,'general','listing_weight_heading','Weight'),(110,1,'general','listing_buy_now_heading','Buy Now'),(111,1,'general','products_attributes_filter','Product Attributes'),(112,1,'general','section_heading_products_attachments','Attachments'),(113,1,'general','section_heading_products_accessories','Accessories'),(114,1,'general','no_products_in_category','There are no products available in this category.'),(115,1,'general','filter_show','Show:'),(116,1,'general','filter_all_categories','All Categories'),(117,1,'general','close_panel','Close Panel'),(118,1,'general','hello_guest','Hello Guest!'),(119,1,'general','register','Register'),(120,1,'general','welcome','Welcome'),(121,1,'general','filter_all_manufacturers','All Manufacturers'),(122,1,'index','greeting_guest','Welcome! <a href=\"%s\">Sign in</a> and see <a href=\"%s\">what\'s new</a> since your last visit.'),(123,1,'index','greeting_customer','Welcome back %s! Take a look at <a href=\"%s\">what is new</a> since your last visit!'),(124,1,'general','listing_sort_ascendingly','Sort by %s ascendingly'),(125,1,'general','listing_sort_descendingly','Sort by %s descendingly'),(126,1,'general','wishlist_title','My Wishlist'),(127,1,'account','share_your_wishlist_title','Share Your Wishlist'),(128,1,'account','field_share_wishlist_customer_name','Your Name:'),(129,1,'account','field_share_wishlist_customer_email','Your E-Mail Address:'),(130,1,'account','field_share_wishlist_emails','Emails: (seperated by comma)'),(131,1,'account','field_share_wishlist_message','Message:'),(132,1,'account','field_share_wishlist_customer_name_error','Please specify your Name.'),(133,1,'account','field_share_wishlist_customer_email_error','Please specify your E-Mail address.'),(134,1,'account','field_share_wishlist_emails_error','Please specify your friends\' E-Mail address.'),(135,1,'account','field_share_wishlist_message_error','Please specify the message.'),(136,1,'account','listing_comments_heading','Comments'),(137,1,'account','listing_date_added_heading','Date Added'),(138,1,'account','success_wishlist_entry_deleted','The selected product has been successfully removed from your wishlistbook.'),(139,1,'account','success_wishlist_entry_updated','Your wishlist has been successfully updated.'),(140,1,'account','success_share_wishlist_email_sent','Your wishlist has been successfully sent to your friends.'),(141,1,'account','wishlist_empty','There is no product in your wishlist.'),(142,1,'account','breadcrumb_sign_in','Sign In'),(143,1,'account','breadcrumb_sign_out','Sign Out'),(144,1,'account','breadcrumb_my_account','My Account'),(145,1,'account','breadcrumb_edit_account','Edit Account'),(146,1,'account','breadcrumb_edit_password','Change Password'),(147,1,'account','breadcrumb_my_orders','Orders'),(148,1,'account','breadcrumb_order_information','Order #%s'),(149,1,'account','breadcrumb_newsletters','Newsletters'),(150,1,'account','breadcrumb_notifications','Notifications'),(151,1,'account','breadcrumb_address_book','Address Book'),(152,1,'account','breadcrumb_wishlist','My Wishlist'),(153,1,'account','breadcrumb_address_book_add_entry','Add Entry'),(154,1,'account','breadcrumb_address_book_edit_entry','Edit Entry'),(155,1,'account','breadcrumb_address_book_delete_entry','Delete Entry'),(156,1,'account','breadcrumb_create_account','Create an Account'),(157,1,'account','breadcrumb_password_forgotten','Password Forgotten'),(158,1,'account','sign_in_heading','Welcome, Please Sign In'),(159,1,'account','sign_out_heading','Sign Out From Your Account'),(160,1,'account','wishlist_heading','My Wishlist'),(161,1,'account','account_heading','My Account'),(162,1,'account','account_edit_heading','My Account Information'),(163,1,'account','account_password_heading','My Account Password'),(164,1,'account','orders_heading','My Orders'),(165,1,'account','order_information_heading','Order #%s'),(166,1,'account','return_slip_heading_title','Return Slip'),(167,1,'account','operation_heading_return_id','Return Number:'),(168,1,'account','operation_heading_return_date','Return Date:'),(169,1,'account','operation_heading_order_id','Order Number:'),(170,1,'account','operation_heading_order_date','Order Date:'),(171,1,'account','operation_heading_comments','Comment:'),(172,1,'account','heading_products_name','Product Name'),(173,1,'account','heading_products_quantity','Qty.'),(174,1,'account','operation_heading_reminder','Reminder:'),(175,1,'account','return_slip_reminder','- The products must be returned in their original packaging without damage or wear. <br /> - Please print out this return slip and include it into the return package. <br /> - We reserve the right to refuse the package if the conditions listed above are not respected.'),(176,1,'account','credit_slip_heading_title','Credit Slip'),(177,1,'account','pdf_order_heading_title','Order'),(178,1,'account','pdf_invoice_heading_title','Invoice'),(179,1,'account','operation_heading_invoice_number','Invoice Number:'),(180,1,'account','operation_heading_invoice_date','Invoice Date:'),(181,1,'account','operation_heading_credit_slip_id','Credit Slip Number:'),(182,1,'account','operation_heading_credit_slip_date','Date Created:'),(183,1,'account','heading_products_price','Price'),(184,1,'account','heading_products_total','Total'),(185,1,'account','refund_sub_total','Sub Total:'),(186,1,'account','refund_shipping','Shipping:'),(187,1,'account','refund_handling','Handling Fee:'),(188,1,'account','refund_total','Refund Total'),(189,1,'account','credit_slips_heading','Credit Slips'),(190,1,'account','credit_slip_number','Credit Slip Number:'),(191,1,'account','date_added','Date Added:'),(192,1,'account','orders_returns_heading','Return Requests'),(193,1,'account','orders_returns_information_heading','Return item(s) for order #%s'),(194,1,'account','field_return_comments','Comment for return item(s):'),(195,1,'account','error_quantity_for_return_product','Please choose the quantity for %s.'),(196,1,'account','error_return_comments_empty','Please specify the comments for return item(s).'),(197,1,'account','error_return_items_empty','Please choose at least one product to return.'),(198,1,'account','no_products_available_for_return','There is not products available for return.'),(199,1,'account','order_return_number','Order return ID:'),(200,1,'account','order_return_date_added','Date Added:'),(201,1,'account','order_return_products','Products:'),(202,1,'account','order_return_comments','Comment:'),(203,1,'account','newsletters_heading','My Newsletter Subscriptions'),(204,1,'account','notifications_heading','My Product Notifications'),(205,1,'account','address_book_heading','My Address Book'),(206,1,'account','address_book_add_entry_heading','New Address Book Entry'),(207,1,'account','address_book_edit_entry_heading','Edit Address Book Entry'),(208,1,'account','address_book_delete_entry_heading','Remove Address Book Entry'),(209,1,'account','create_account_heading','Create an Account'),(210,1,'account','create_account_success_heading','Your Account Has Been Created!'),(211,1,'account','login_new_customer_heading','New Customer'),(212,1,'account','login_new_customer_text','I am a new customer and do not yet have an account here.<br /><br />By creating an account you will be able to take advantage of this store by shopping faster, be kept up to date on the status of an order, and keep track of the orders you have made.'),(213,1,'account','login_returning_customer_heading','Returning Customer'),(214,1,'account','login_returning_customer_text','I am a returning customer and already have an account here.'),(215,1,'account','login_returning_customer_password_forgotten','Password forgotten? <a href=\"%s\">Click here</a>.'),(216,1,'account','error_login_no_match','There was no match for the e-mail address and/or password. Please try again.'),(217,1,'account','error_login_status_disabled','Your account is deactivated, please contact administrator.'),(218,1,'account','guest','Not a member'),(219,1,'account','lost_password','Lost the password'),(220,1,'account','register_success','Register successfully!'),(221,1,'checkout','date_added_to_shopping_cart','Date Added: %s'),(222,1,'account','sign_out_text','You have sign out successfully from your account. Your shopping cart has been saved and will be restored the next time you sign on again.<br /><br />It is now safe to leave this site.'),(223,1,'account','my_account_title','My Account'),(224,1,'info','guestbook_heading','Guest Book'),(225,1,'info','breadcrumb_guestbook','Guest Book'),(226,1,'info','guestbook_new_heading','New Message'),(227,1,'info','field_title','Title:'),(228,1,'info','field_email','Email:'),(229,1,'info','field_url','URL:'),(230,1,'info','field_content','Content:'),(231,1,'info','field_image_verification','Image Verification:'),(232,1,'info','information_title','Information'),(233,1,'info','info_article_categories_heading','Articles'),(234,1,'info','info_faqs_heading','FAQs'),(235,1,'info','info_not_found_heading','Information not found'),(236,1,'info','info_not_found','Information not found!'),(237,1,'info','no_article_in_this_category','There are no articles in this category yet!'),(238,1,'account','my_account_information','View or change my account information.'),(239,1,'account','my_account_address_book','View or change entries in my address book.'),(240,1,'account','my_account_password','Change my account password.'),(241,1,'account','my_wishlist_title','My Wishlist'),(242,1,'account','my_wishlist_view','View the products in my wishlist.'),(243,1,'account','my_orders_title','My Orders'),(244,1,'account','my_orders_return_view','View the returned requests I have made.'),(245,1,'account','no_orders_returns_made_yet','There are no return requests!'),(246,1,'account','credit_slips','Print Credit Slips'),(247,1,'account','orders_id','Orders Number:'),(248,1,'account','no_credit_slips','There are no credit slips!'),(249,1,'account','result_set_number_of_credit_slips','Displaying <b>%d</b> to <b>%d</b> (of <b>%d</b> credit slips)'),(250,1,'account','my_credit_slips_view','View my credit slips.'),(251,1,'account','my_orders_view','View the orders I have made.'),(252,1,'account','my_notifications_title','My Notifications'),(253,1,'account','my_notifications_newsletters','Subscribe and unsubscribe from newsletters.'),(254,1,'account','my_notifications_products','View and change my product notifications list.'),(255,1,'account','my_password_title','My Password'),(256,1,'account','order_number','Order Number:'),(257,1,'account','order_status','Order Status:'),(258,1,'account','return_status','Status:'),(259,1,'account','order_date','Order Date:'),(260,1,'account','order_shipped_to','Shipped To:'),(261,1,'account','order_billed_to','Billed To:'),(262,1,'account','order_products','Products:'),(263,1,'account','order_cost','Order Cost:'),(264,1,'account','no_orders_made_yet','You have not made any purchases yet.'),(265,1,'account','order_number_heading','Order #%s'),(266,1,'account','order_date_heading','Order Date:'),(267,1,'account','order_total_heading','Order Total:'),(268,1,'account','download_file','Download File'),(269,1,'account','gift_wrapping_message_heading','Gift Wrapping Message'),(270,1,'account','order_history_heading','Order History'),(271,1,'account','download_heading','Download links'),(272,1,'account','download_link_expires','Link expires: %s'),(273,1,'account','download_counter_remaining','downloads remaining'),(274,1,'account','newsletter_subscriptions_heading','My Newletter Subscriptions'),(275,1,'account','newsletter_general','General Newletter'),(276,1,'account','newsletter_general_description','Including store news, new products, special offers, and other promotional announcements.'),(277,1,'account','newsletter_product_notifications','My Product Notifications'),(278,1,'account','newsletter_product_notifications_description','The product notification list allows you to stay up to date on products you find of interest.<br /><br />To be up to date on all product changes, select <b>Global Product Notifications</b>.'),(279,1,'account','newsletter_product_notifications_global','Global Product Notifications'),(280,1,'account','newsletter_product_notifications_global_description','Recieve notifications on all available products.'),(281,1,'account','newsletter_product_notifications_products','Product Notifications'),(282,1,'account','newsletter_product_notifications_products_description','To remove a product notification, clear the products checkbox and click on Continue.'),(283,1,'account','newsletter_product_notifications_products_none','There are currently no products marked to be notified on.<br /><br />To add products to your product notification list, click on the notification link available on the detailed product information page.'),(284,1,'account','primary_address_title','Primary Address'),(285,1,'account','primary_address_description','This address is used as the pre-selected shipping and billing address for orders placed on this store.<br /><br />This address is also used as the base for product and service tax calculations.'),(286,1,'account','address_book_title','Address Book Entries'),(287,1,'account','primary_address_marker','(primary address)'),(288,1,'account','address_book_maximum_entries','<font color=\"#ff0000\"><b>NOTE:</b></font> A maximum of %s address book entries allowed.'),(289,1,'account','address_book_delete_address_title','Delete Address'),(290,1,'account','address_book_delete_address_description','Are you sure you would like to delete the selected address from your address book?'),(291,1,'account','address_book_new_address_title','New Address'),(292,1,'account','selected_address_title','Selected Address'),(293,1,'account','set_as_primary','Set as primary address.'),(294,1,'account','create_account_terms_heading','Privacy Statement'),(295,1,'account','create_account_terms_description','Please acknowledge you agree with our privacy statement by ticking the following box. The privacy statement can be read <a href=\"%s\">here</a>.'),(296,1,'account','create_account_terms_confirm','I have read and agreed to your privacy statement.'),(297,1,'account','password_forgotten_heading','Password Forgotten'),(298,1,'account','password_forgotten','If you\'ve forgotten your password, enter your e-mail address below and we\'ll send you an e-mail message containing your new password.'),(299,1,'account','email_create_account_subject','Welcome to %s'),(300,1,'account','email_create_account_body','We welcome you to %s!\n\nYou can now take part in the various services we have on offer for you. Some of these services include:\n\n<li>Permanent Cart - Any products added to your online cart remain there until you remove them, or check them out.\n<li>Address Book - We can now deliver your products to another address other than yours! This is perfect to send birthday gifts direct to the birthday-person themselves.\n<li>Order History - View your history of purchases that you have made with us.\n<li>Products Reviews - Share your opinions on products with our other customers.\n\nFor help with any of our online services, please email the store-owner: %s.\n\nNote: This email address was given to us by one of our customers. If you did not signup to be a member, please send an email to the store owner.'),(301,1,'general','email_addressing_gender_male','Dear Mr. %s,'),(302,1,'general','email_addressing_gender_female','Dear Ms. %s,'),(303,1,'general','email_addressing_gender_unknown','Dear %s,'),(304,1,'account','email_password_reminder_subject','Password Reminder to %s'),(305,1,'account','email_password_reminder_body','A new password was requested from %s.\n\nYour new password to %s is:\n\n%s\n\nFor help with any of our online services, please email the store-owner: %s.\n\nNote: If you did not request this action via our password forgotten page, please notify the store owner as soon as possible.'),(306,1,'account','success_account_created','Congratulations! Your new account has been successfully created! You can now take advantage of member privileges to enhance your online shopping experience with us. If you have any questions about the operation of this online shop, please email the <a href=\"%s\">store owner</a>.<br /><br />A confirmation has been sent to the provided email address. If you have not received it within the hour, please contact us.'),(307,1,'account','success_account_updated','Your account has been successfully updated!'),(308,1,'account','success_password_updated','Your account password has been successfully updated!'),(309,1,'account','success_newsletter_updated','Your newsletter subscriptions have been successfully updated!'),(310,1,'account','success_notifications_updated','Your product notifications have been successfully updated!'),(311,1,'account','success_address_book_entry_deleted','The selected address has been successfully removed from your address book.'),(312,1,'account','success_address_book_entry_updated','Your address book has been successfully updated.'),(313,1,'account','success_password_forgotten_sent','Success: A new password has been sent to your e-mail address.'),(314,1,'account','warning_primary_address_deletion','The primary address cannot be deleted. Please set another address as the primary address and try again.'),(315,1,'account','error_current_password_not_matching','Your current password does not match our records. Please try again.'),(316,1,'account','error_address_book_entry_non_existing','The address book entry does not exist.'),(317,1,'account','error_address_book_full','Your address book is full. Please delete an unneeded address to save a new one.'),(318,1,'account','error_password_forgotten_no_email_address_found','Error: The E-Mail Address was not found in our records, please try again.'),(319,1,'account','email_address','E-Mail Address:'),(320,1,'general','warning_install_directory_exists','Installation directory exists at: %s. Please remove this directory for security reasons.'),(321,1,'general','warning_config_file_writeable','I am able to write to the configuration file: %s. This is a potential security risk - please set the right user permissions on this file.'),(322,1,'general','warning_session_directory_non_existent','The sessions directory does not exist: %s. Sessions will not work until this directory is created.'),(323,1,'general','warning_session_directory_not_writeable','I am not able to write to the sessions directory: %s. Sessions will not work until the right user permissions are set.'),(324,1,'general','warning_session_auto_start','session.auto_start is enabled - please disable this php feature in php.ini and restart the web server.'),(325,1,'general','warning_download_directory_non_existent','The downloadable products directory does not exist: %s. Downloadable products will not work until this directory is valid.'),(326,1,'checkout','breadcrumb_checkout','Checkout'),(327,1,'checkout','alternative_checkout_methods','- OR -'),(328,1,'checkout','shipping','Shipping'),(329,1,'checkout','choose_billing_address','Please select the preferred billing address.'),(330,1,'checkout','create_new_billing_address','Create New Billing Address'),(331,1,'checkout','ship_to_this_address','Ship To This Address'),(332,1,'checkout','choose_shipping_address','Please select the preferred shipping address.'),(333,1,'checkout','create_new_shipping_address','Create New Shipping Address'),(334,1,'checkout','breadcrumb_checkout_shopping_cart','Shopping Cart'),(335,1,'checkout','breadcrumb_checkout_shipping','Shipping Method'),(336,1,'checkout','breadcrumb_checkout_shipping_address','Shipping Address'),(337,1,'checkout','breadcrumb_checkout_payment','Payment Method'),(338,1,'checkout','breadcrumb_checkout_payment_address','Payment Address'),(339,1,'checkout','error_shopping_cart_order_total_zero','The shoppingcart\'s order total is already zero, you do not have to use store credit to pay this order.'),(340,1,'checkout','breadcrumb_checkout_confirmation','Confirmation'),(341,1,'checkout','breadcrumb_checkout_success','Success!'),(342,1,'general','error_minimum_order_quantity','The minimum order quantity of %s is %s.'),(343,1,'general','error_maximum_order_quantity','The maximum order quantity of %s is %s.'),(344,1,'general','error_gift_certificate_quantity_must_be_one','Error: The gift certificate quantity should be no larger than one.'),(345,1,'general','error_order_increment','The order increment of %s is %s.'),(346,1,'checkout','senders_name','Sender Name'),(347,1,'checkout','senders_email','Sender Email'),(348,1,'checkout','recipients_name','Recipient Name'),(349,1,'checkout','recipients_email','Recipient Email'),(350,1,'checkout','shopping_cart_heading','Shopping Cart'),(351,1,'checkout','shipping_method_heading','Shipping Method'),(352,1,'checkout','checkout_method','Checkout Method'),(353,1,'checkout','checkout_billing_information','Billing Information'),(354,1,'checkout','checkout_shipping_information','Shipping Information'),(355,1,'checkout','checkout_shipping_method','Shipping Method'),(356,1,'checkout','checkout_payment_information','Payment Information'),(357,1,'checkout','checkout_order_review','Order Review'),(358,1,'checkout','shipping_address_heading','Shipping Address'),(359,1,'checkout','payment_method_heading','Payment Method'),(360,1,'checkout','payment_address_heading','Payment Address'),(361,1,'checkout','confirmation_heading','Confirmation'),(362,1,'checkout','coupons_redeem_heading','Redeem Coupon'),(363,1,'checkout','coupons_redeem_information_title','Please specify the coupon code.'),(364,1,'checkout','fields_coupons_redeem_code','Coupon Code:'),(365,1,'checkout','gift_certificates_redeem_heading','Redeem Gift Certificate'),(366,1,'checkout','gift_certificates_redeem_information_title','Please specify the gift certificate code.'),(367,1,'checkout','fields_gift_certificates_redeem_code','Gift Certificate Code:'),(368,1,'checkout','success_heading','Your Order Has Been Processed!'),(369,1,'checkout','shipping_address_title','Shipping Address'),(370,1,'checkout','choose_shipping_destination','Please choose from your address book where you would like the items to be delivered to.'),(371,1,'checkout','selected_shipping_destination','This is the currently selected shipping address where the items in this order will be delivered to.'),(372,1,'checkout','current_shipping_address_title','Shipping Address:'),(373,1,'checkout','please_select','Please Select'),(374,1,'checkout','shipping_method_title','Shipping Method'),(375,1,'checkout','choose_shipping_method','Please select the preferred shipping method to use on this order.'),(376,1,'checkout','only_one_shipping_method_available','This is currently the only shipping method available to use on this order.'),(377,1,'checkout','add_comment_to_order_title','Add A Note To This Order'),(378,1,'checkout','address_book_entries_title','Address Book Entries'),(379,1,'checkout','select_another_shipping_destination','Please select the preferred shipping address if the items in this order are to be delivered elsewhere.'),(380,1,'checkout','select_another_billing_destination','Please select the preferred billing address if the invoice to this order is to be delivered elsewhere.'),(381,1,'checkout','new_shipping_address_title','New Shipping Address'),(382,1,'checkout','new_shipping_address','Please use the following form to create a new shipping address to use for this order.'),(383,1,'checkout','new_billing_address_title','New Billing Address'),(384,1,'checkout','create_new_billing_address_title','Create a new billing address'),(385,1,'checkout','create_new_shipping_address_title','Create a new shipping address'),(386,1,'checkout','use_billing_address_title','Use billing address'),(387,1,'checkout','estimate_shipping','Estimate Shipping'),(388,1,'checkout','introduce_estimate_shipping','Enter your destination to get a shipping estimate.'),(389,1,'checkout','get_a_quote','Get a Quote'),(390,1,'checkout','update_total','Update Total'),(391,1,'checkout','ship_to_this_address','Ship to this address'),(392,1,'checkout','new_billing_address','Please use the following form to create a new billing address to use for this order.'),(393,1,'checkout','billing_address_title','Billing Address'),(394,1,'checkout','selected_billing_destination','This is the currently selected billing address where the invoice to this order will be delivered to.'),(395,1,'checkout','choose_billing_destination','Please choose from your address book where you would like the invoice to be sent to.'),(396,1,'checkout','current_billing_address_title','Billing Address:'),(397,1,'checkout','continue_checkout_procedure_title','Continue Checkout Procedure'),(398,1,'checkout','continue_checkout_procedure_to_shipping','to select the preferred shipping method.'),(399,1,'checkout','continue_checkout_procedure_to_payment','to select the preferred payment method.'),(400,1,'checkout','continue_checkout_procedure_to_confirmation','to confirm this order.'),(401,1,'checkout','shopping_cart_empty','Your Shopping Cart is empty!'),(402,1,'checkout','subtotal_title','Sub-Total:'),(403,1,'checkout','total_title','Total:'),(404,1,'checkout','products_out_of_stock_checkout_not_possible','Products marked with %s don\'t exist in desired quantity in our stock.<br />Please change the quantity of the marked products.'),(405,1,'checkout','products_out_of_stock_checkout_possible','Products marked with %s don\'t exist in desired quantity in our stock.<br />You can buy them anyway and check the quantity we have in stock for immediate delivery in the checkout process.'),(406,1,'checkout','order_conditions_title','Terms and Conditions'),(407,1,'checkout','order_conditions_description','Please acknowledge the terms and conditions bound to this order by ticking the following box. The terms and conditions can be read <a href=\"%s\"><u>here</u></a>.'),(408,1,'checkout','order_conditions_acknowledge','I have read and agreed to the terms and conditions bound to this order.'),(409,1,'checkout','payment_method_title','Payment Method'),(410,1,'checkout','choose_payment_method','Please select the preferred payment method to use on this order.'),(411,1,'checkout','only_one_payment_method_available','This is currently the only payment method available to use on this order.'),(412,1,'checkout','pay_with_store_credit_title','Pay with Store Credit (%s)'),(413,1,'checkout','error_coupon_not_exist','The coupon code does not exist.'),(414,1,'checkout','error_coupon_not_valid','Please specify a valid coupon.'),(415,1,'checkout','error_coupon_invalid_date','The coupon has expired.'),(416,1,'checkout','error_coupon_exceed_uses_per_coupon','The coupon has reach the maximum number of usages.'),(417,1,'checkout','error_coupon_exceed_uses_per_customer','The coupon has reach the maximum number of customers.'),(418,1,'checkout','error_coupon_no_match_products','The coupon can not apply to any of the products in the shopping cart.'),(419,1,'checkout','error_coupon_minimum_order_quantity','The cart total is less than the coupon\'s minimum order total.'),(420,1,'checkout','error_shopping_cart_total_zero','The cart total is already zero, you do not have to use the gift certificate.'),(421,1,'checkout','error_gift_certificate_exist','The gift certificate does exist.'),(422,1,'checkout','error_invalid_gift_certificate','Please specify a valid gift certificate.'),(423,1,'checkout','button_coupon_redeem','Redeem Coupon'),(424,1,'checkout','button_gift_certificate_redeem','Redeem Gift Certificate'),(425,1,'order','order_delivery_address_title','Delivery Address'),(426,1,'order','order_shipping_method_title','Shipping Method'),(427,1,'order','order_shipping_tracking_no_title','Tracking No.'),(428,1,'order','order_products_title','Products'),(429,1,'order','order_tax_title','Tax'),(430,1,'order','order_total_title','Total'),(431,1,'order','order_billing_address_title','Billing Address'),(432,1,'order','order_payment_method_title','Payment Method'),(433,1,'order','order_payment_information_title','Payment Information'),(434,1,'order','order_comments_title','Comments Added To Your Order'),(435,1,'order','order_text_edit_title','(edit)'),(436,1,'checkout','store_credit_title','Store Credit'),(437,1,'checkout','store_credit_order_number','Order: #%s'),(438,1,'checkout','email_order_subject','Order Process'),(439,1,'checkout','email_order_order_number','Order Number: %s'),(440,1,'checkout','email_order_invoice_url','Detailed Invoice: %s'),(441,1,'checkout','email_order_date_ordered','Date Ordered: %s'),(442,1,'checkout','email_order_status','Order Status: %s'),(443,1,'checkout','email_order_products','Products'),(444,1,'checkout','email_order_delivery_address','Delivery Address'),(445,1,'checkout','email_order_billing_address','Billing Address'),(446,1,'checkout','email_order_payment_method','Payment Method'),(447,1,'checkout','email_order_separator','------------------------------------------------------'),(448,1,'checkout','order_processed_successfully','Your order has been successfully processed! Your products will arrive at their destination within 2-5 working days.'),(449,1,'checkout','add_selection_to_product_notifications','Please notify me of updates to the products I have selected below:'),(450,1,'checkout','view_order_history','You can view your order history by going to the <a href=\"%s\">My Account</a> page and by clicking on <a href=\"%s\">History</a>.'),(451,1,'checkout','contact_store_owner','Please direct any questions you have to the <a href=\"%s\">store owner</a>.'),(452,1,'checkout','thanks_for_shopping_with_us','Thanks for shopping with us online!'),(453,1,'general','download_footer','You can also download your products at a later time at %s'),(454,1,'info','breadcrumb_information','Information'),(455,1,'info','breadcrumb_conditions','Conditions'),(456,1,'info','breadcrumb_contact','Contact'),(457,1,'info','breadcrumb_privacy','Privacy'),(458,1,'info','breadcrumb_shipping','Shipping'),(459,1,'info','breadcrumb_sitemap','Sitemap'),(460,1,'info','breadcrumb_cookie_usage','Cookie Usage'),(461,1,'info','breadcrumb_ssl_check','Security Check'),(462,1,'info','info_heading','Information and Help'),(463,1,'info','info_conditions_heading','Terms and Conditions'),(464,1,'info','info_contact_heading','Contact'),(465,1,'info','contact_departments_title','Department:'),(466,1,'info','info_privacy_heading','Privacy Notice'),(467,1,'info','contact_telephone_title','Telephone:'),(468,1,'info','info_shipping_heading','Shipping and Returns'),(469,1,'info','info_sitemap_heading','Sitemap'),(470,1,'info','info_cookie_usage_heading','Cookie Usage'),(471,1,'info','info_ssl_check_heading','Security Check'),(472,1,'info','conditions','Put here the required information.'),(473,1,'info','contact_code_title','Image Verification:'),(474,1,'info','captcha_image_title','CAPTCHA Image'),(475,1,'info','contact_code_notice_title','Enter the code in the Box bellow:'),(476,1,'info','contact','Put here the required information.'),(477,1,'info','privacy','Put here the required information.'),(478,1,'info','shipping','Put here the required information.'),(479,1,'info','cookie_usage','We have detected that your browser does not support cookies, or has set cookies to be disabled.<br /><br />To continue shopping online, we encourage you to enable cookies on your browser.<br /><br />For <b>Internet Explorer</b> browsers, please follow these instructions:<br /><ol><li>Click on the Tools menubar, and select Internet Options</li><li>Select the Security tab, and reset the security level to Medium</li></ol>We have taken this measurement of security for your benefit, and apologize upfront if any inconveniences are caused.<br /><br />Please contact the store owner if you have any questions relating to this requirement, or to continue purchasing products offline.'),(480,1,'info','ssl_check','We have detected that your browser has generated a different SSL Session ID used throughout our secure pages.<br /><br />For security measures you will need to logon to your account again to continue shopping online.<br /><br />Certain older browsers do not have the capability of generating a secure SSL Session ID automatically which we require. If you use such a browser, we recommend switching to another browser such as <a href=\"http://www.microsoft.com/ie/\" target=\"_blank\">Microsoft Internet Explorer</a>, <a href=\"http://www.mozilla.com/firefox/\" target=\"_blank\">Firefox</a>, or <a href=\"http://www.opera.com\" target=\"_blank\">Opera</a> to continue your online shopping experience.<br /><br />We have taken this measurement of security for your benefit, and apologize upfront if any inconveniences are caused.<br /><br />Please contact the store owner if you have any questions relating to this requirement, or to continue purchasing products offline.'),(481,1,'info','contact_title','Contact Information'),(482,1,'info','contact_store_address_title','Store Address'),(483,1,'info','contact_name_title','Full Name:'),(484,1,'info','contact_email_address_title','Email Address:'),(485,1,'info','contact_enquiry_title','Enquiry:'),(486,1,'info','contact_email_sent_successfully','Your enquiry has been successfully sent to the store owner.'),(487,1,'info','contact_email_subject','Contact Enquiry'),(488,1,'info','enter_captcha_code','Enter Captcha Code:'),(489,1,'info','refresh_captcha_image_title','Refresh Image'),(490,1,'info','sitemap_account','My Account'),(491,1,'info','sitemap_account_edit','Account Information'),(492,1,'info','sitemap_address_book','Address Book'),(493,1,'info','sitemap_account_history','Order History'),(494,1,'info','sitemap_account_notifications','Newsletter Subscriptions'),(495,1,'info','sitemap_shopping_cart','Shopping Cart'),(496,1,'info','sitemap_checkout_shipping','Checkout'),(497,1,'info','sitemap_advanced_search','Advanced Search'),(498,1,'info','sitemap_products_new','New Products'),(499,1,'info','sitemap_specials','Specials'),(500,1,'info','sitemap_reviews','Reviews'),(501,1,'info','cookie_usage_box_heading','Cookie Privacy and Security'),(502,1,'info','cookie_usage_box_contents','Cookies must be enabled to purchase online on this store to embrace privacy and security related issues regarding your visit to this site.<br /><br />By enabling cookie support on your browser, the communication between you and this site is strengthened to be certain it is you who are making transactions on your own behalf, and to prevent leakage of your privacy information.'),(503,1,'info','ssl_check_box_heading','Privacy and Security'),(504,1,'info','ssl_check_box_contents','We validate the SSL Session ID automatically generated by your browser on every secure page request made to this server.<br /><br />This validation assures that it is you who is navigating on this site with your account and not somebody else.'),(505,1,'products','table_heading_weight','Weight'),(506,1,'products','table_heading_quantity','Quantity'),(507,1,'products','table_heading_discount','Discount'),(508,1,'products','table_heading_price','Price'),(509,1,'products','section_heading_attributes','Product Attributes'),(510,1,'products','table_heading_sku','SKU'),(511,1,'products','section_heading_variants','Product Variants'),(512,1,'products','section_heading_customizations','Customizations'),(513,1,'products','section_heading_reviews','Reviews'),(514,1,'products','section_heading_quantity_discount','Quantity Discount'),(515,1,'products','breadcrumb_new_products','New Products'),(516,1,'products','breadcrumb_specials','Specials'),(517,1,'products','breadcrumb_reviews','Reviews'),(518,1,'products','breadcrumb_reviews_new','New Review'),(519,1,'products','breadcrumb_tell_a_friend','Tell A Friend'),(520,1,'products','product_not_found_heading','Product Not Found'),(521,1,'products','no_new_products','There are currently no products available.'),(522,1,'products','new_products_heading','New Products'),(523,1,'products','compare_products_heading','Compare Products'),(524,1,'products','specials_heading','Specials'),(525,1,'products','reviews_heading','Reviews'),(526,1,'products','product_not_found','Product not found!'),(527,1,'products','number_of_product_reviews','Current Reviews:'),(528,1,'products','including_tax','incl. tax'),(529,1,'products','in_stock','In Stock'),(530,1,'products','out_of_stock','Out Of Stock'),(531,1,'products','not_available','Not Available'),(532,1,'products','field_sku','SKU:'),(533,1,'products','field_availability','Availability:'),(534,1,'products','field_quantity','Quantity:'),(535,1,'products','field_moq','Minimum Order Qty:'),(536,1,'products','field_order_increment','Order Increment:'),(537,1,'products','field_sample_url','Sample File:'),(538,1,'products','field_gift_certificate_amount','Amount:'),(539,1,'products','field_senders_name','Sender Name:'),(540,1,'products','field_senders_email','Sender Email:'),(541,1,'products','field_recipients_name','Recipient Name:'),(542,1,'products','field_recipients_email','Recipient Email:'),(543,1,'products','fields_gift_certificate_message','Message:'),(544,1,'products','field_short_quantity','Qty:'),(545,1,'products','field_products_name','Product Name:'),(546,1,'products','field_products_price','Product Price:'),(547,1,'products','field_products_weight','Product Weight:'),(548,1,'products','field_products_sku','Product SKU:'),(549,1,'products','field_products_manufacturer','Manufacturer:'),(550,1,'products','field_products_description','Product Description:'),(551,1,'products','error_sender_name_empty','Please specify the send name.'),(552,1,'products','error_sender_email_empty','Please specify the send Email.'),(553,1,'products','error_recipient_name_empty','Please specify the recipient name.'),(554,1,'products','error_recipient_email_empty','Please specify the recipient Email.'),(555,1,'products','error_message_empty','Please specify the message.'),(556,1,'products','error_message_open_gift_certificate_amount','Please specify a correct value for the gift certificate amount.'),(557,1,'products','error_customization_field_must_be_specified','Please specify a value for the customization field: %s.'),(558,1,'products','error_gift_certificate_data_missing','Please specify the data for the gift certificate.'),(559,1,'products','error_customization_fields_missing','Please specify the value for customization fields before adding the product to shopping cart.'),(560,1,'products','go_to_external_products_webpage','For more information, please visit this products <a href=\"%s\" target=\"_blank\">webpage</a>.'),(561,1,'products','date_availability','<font color=\"#ff0000\">This product will be in stock on %s.</font>'),(562,1,'products','section_heading_products_description','Description'),(563,1,'products','product_attributes','Available Options:'),(564,1,'products','enlarge_image','Click to enlarge'),(565,1,'products','date_added','Date Added:'),(566,1,'products','manufacturer','Manufacturer:'),(567,1,'products','price','Price:'),(568,1,'products','login_to_write_review','Please <a href=\"%s\"><b>click here</b></a> to login to your account to write review.'),(569,1,'products','average_rating','Average Rating:'),(570,1,'products','login_to_write_review','Please login to write review.'),(571,1,'products','no_review','There are no reviews for this product.'),(572,1,'products','heading_write_review','WRITE REVIEWS'),(573,1,'products','introduction_rating','How do you rate this product?'),(574,1,'products','1_star','1star'),(575,1,'products','2_star','2star'),(576,1,'products','3_star','3star'),(577,1,'products','4_star','4star'),(578,1,'products','5_star','5star'),(579,1,'products','rating_of_5_stars','%s of 5 Stars!'),(580,1,'products','no_reviews_available','No reviews found.'),(581,1,'products','new_review_title','New Review'),(582,1,'products','field_review_rating','Rating:'),(583,1,'products','field_review','Review'),(584,1,'products','field_review_from','From:'),(585,1,'products','introduction_rating','Please give your ratings with this product:'),(586,1,'products','login_to_write','Please login to write your reviews.'),(587,1,'products','review_lowest_rating_title','Bad'),(588,1,'products','review_highest_rating_title','Good'),(589,1,'products','customer_details_title','Your Details'),(590,1,'products','friend_details_title','Your Friends Details'),(591,1,'products','tell_a_friend_message','Your Message'),(592,1,'products','field_tell_a_friend_customer_name','Your Name:'),(593,1,'products','field_tell_a_friend_customer_email_address','Your E-Mail Address:'),(594,1,'products','field_tell_a_friend_friends_name','Your Friends Name:'),(595,1,'products','field_tell_a_friend_friends_email_address','Your Friends E-Mail Address:'),(596,1,'products','email_tell_a_friend_subject','Your friend %s has recommended this great product from %s'),(597,1,'products','email_tell_a_friend_intro','Hi %s!\n\nYour friend, %s, thought that you would be interested in %s from %s.'),(598,1,'products','email_tell_a_friend_link','To view the product click on the link below or copy and paste the link into your web browser:\n\n%s'),(599,1,'products','email_tell_a_friend_signature','Regards,\n\n%s'),(600,1,'products','success_review_new','Thank you for your review! It has been received and is now active!'),(601,1,'products','success_review_moderation','Thank you for your review! It has been received and is pending for approval.'),(602,1,'products','success_tell_a_friend_email_sent','Your email about %s has been successfully sent to %s.'),(603,1,'products','error_tell_a_friend_friends_name_empty','Error: Your friends name must not be empty.'),(604,1,'products','error_tell_a_friend_invalid_friends_email_address','Error: Your friends e-mail address must be a valid e-mail address.'),(605,1,'products','error_tell_a_friend_customers_name_empty','Error: Your name must not be empty.'),(606,1,'products','error_tell_a_friend_invalid_customers_email_address','Error: Your e-mail address must be a valid e-mail address.'),(607,1,'search','breadcrumb_search','Search'),(608,1,'search','breadcrumb_search_results','Results'),(609,1,'search','search_heading','Search'),(610,1,'search','advanced_search_heading','Advanced Search'),(611,1,'search','search_results_heading','Search Results'),(612,1,'search','search_criteria_title','Search Criteria'),(613,1,'search','field_search_categories','Categories:'),(614,1,'search','field_search_recursive','Include Subcategories'),(615,1,'search','field_search_manufacturers','Manufacturers:'),(616,1,'search','field_search_price_from','Price From:'),(617,1,'search','field_search_price_to','Price To:'),(618,1,'search','field_search_date_from','Date From:'),(619,1,'search','field_search_date_to','Date To:'),(620,1,'search','search_help_tips','Search Help'),(621,1,'search','search_help_heading','Search Help'),(622,1,'search','search_help','Keywords may be separated by AND and/or OR statements for greater control of the search results.<br /><br />For example, <u>Microsoft AND mouse</u> would generate a result set that contain both words. However, for <u>mouse OR keyboard</u>, the result set returned would contain both or either words.<br /><br />Exact matches can be searched for by enclosing keywords in double-quotes.<br /><br />For example, <u>\"notebook computer\"</u> would generate a result set which match the exact string.<br /><br />Brackets can be used for further control on the result set.<br /><br />For example, <u>Microsoft and (keyboard or mouse or \"visual basic\")</u>.'),(623,1,'general','close_window','Close Window'),(624,1,'search','error_search_at_least_one_input','At least one of the fields in the search form must be entered.'),(625,1,'search','error_search_invalid_from_date','Invalid From Date.'),(626,1,'search','error_search_invalid_to_date','Invalid To Date.'),(627,1,'search','error_search_to_date_less_than_from_date','To Date must be greater than or equal to From Date.'),(628,1,'search','error_search_price_from_not_numeric','Price From must be a number.'),(629,1,'search','error_search_price_to_not_numeric','Price To must be a number.'),(630,1,'search','error_search_price_to_less_than_price_from','Price To must be greater than or equal to Price From.'),(631,1,'search','error_search_invalid_keywords','Invalid keywords.'),(632,1,'products','js_review_text','* The Review Text must have at least %s characters.'),(633,1,'products','js_review_rating','* You must rate the product for your review.'),(634,1,'products','js_customization_file_size','The filesize must small than %s .'),(635,1,'checkout','js_no_payment_module_selected','* Please select a payment method for your order.'),(636,1,'checkout','error_no_payment_module_selected','Please select a payment method for your order.'),(637,1,'checkout','error_conditions_not_accepted','Please confirm the terms and conditions bound to this order by ticking the box below.'),(638,1,'account','error_privacy_statement_not_accepted','Please confirm the privacy statement by ticking the box below.'),(639,1,'general','field_customer_gender','Gender:'),(640,1,'general','field_customer_gender_error','Please select your Gender.'),(641,1,'general','field_customer_first_name','First Name:'),(642,1,'general','field_customer_first_name_error','Your First Name must contain a minimum of %s characters.'),(643,1,'general','field_customer_last_name','Last Name:'),(644,1,'general','field_customer_last_name_error','Your Last Name must contain a minimum of %s characters.'),(645,1,'general','field_customer_date_of_birth','Date of Birth:'),(646,1,'general','field_customer_date_of_birth_error','Your Date of Birth must be set correctly.'),(647,1,'general','field_customer_email_address','E-Mail Address:'),(648,1,'general','field_customer_group','Customer Group:'),(649,1,'general','field_customer_store_credit','Store Credit:'),(650,1,'general','field_customer_email_address_error','Your E-Mail Address must contain a minimum of %s characters.'),(651,1,'general','field_customer_email_address_check_error','Your E-Mail Address does not appear to be valid - please make any necessary corrections.'),(652,1,'general','field_customer_email_address_exists_error','Your E-Mail Address already exists in our records - please log in with the e-mail address or create an account with a different address.'),(653,1,'general','field_customer_company','Company Name:'),(654,1,'general','field_customer_company_error','Your Company Name must contain a minimum of %s characters.'),(655,1,'general','field_customer_street_address','Street Address:'),(656,1,'general','field_customer_street_address_error','Your Street Address must contain a minimum of %s characters.'),(657,1,'general','field_customer_suburb','Suburb:'),(658,1,'general','field_customer_suburb_error','Your Suburb must contain a minimum of %s characters.'),(659,1,'general','field_customer_post_code','Post Code:'),(660,1,'general','field_customer_post_code_error','Your Post Code must contain a minimum of %s characters.'),(661,1,'general','field_customer_city','City:'),(662,1,'general','field_customer_city_error','Your City must contain a minimum of %s characters.'),(663,1,'general','field_customer_state','State/Province:'),(664,1,'general','field_customer_state_error','Your State must contain a minimum of %s characters.'),(665,1,'general','field_customer_state_select_pull_down_error','Please select a state from the States pull down menu.'),(666,1,'general','field_customer_country','Country:'),(667,1,'general','field_customer_country_error','You must select a country from the Countries pull down menu.'),(668,1,'general','field_customer_telephone_number','Telephone Number:'),(669,1,'general','field_customer_telephone_number_error','Your Telephone Number must contain a minimum of %s characters.'),(670,1,'general','field_customer_fax_number','Fax Number:'),(671,1,'general','field_customer_fax_number_error','Your Fax Number must contain a minium of %s characters.'),(672,1,'general','field_customer_newsletter','Newsletter:'),(673,1,'general','field_customer_password','Password:'),(674,1,'general','field_customer_password_error','Your Password must contain a minimum of %s characters.'),(675,1,'general','field_customer_password_mismatch_with_confirmation','The Password Confirmation must match your Password.'),(676,1,'general','field_customer_password_confirmation','Password Confirmation:'),(677,1,'general','field_customer_password_current','Current Password:'),(678,1,'general','field_customer_password_current_error','Your Password must contain a minimum of %s characters.'),(679,1,'general','field_customer_password_new','New Password:'),(680,1,'general','field_customer_password_new_error','Your new Password must contain a minimum of %s characters.'),(681,1,'general','field_customer_password_new_mismatch_with_confirmation_error','The Password Confirmation must match your new Password.'),(682,1,'products','reviewed_by','Review by %s'),(683,1,'products','review_rating','Rating: %s [%s]'),(684,1,'products','no_review','There are no reviews for this product.'),(685,1,'products','field_posted_on','Posted on'),(686,1,'products','heading_write_review','Write Your Own Reviews'),(687,1,'products','review_date_added','Date Added: %s'),(688,1,'general','credit_card_number_error','The credit card number entered is invalid.<br />Please check the number and try again.'),(689,1,'general','maximum_file_upload_size','(Max: %s)'),(690,1,'general','field_concat_captcha_check_error','ERROR: Please specify the correct captcha text'),(691,1,'general','field_customer_name_error','ERROR: Please specify the name'),(692,1,'general','field_customer_concat_email_error','ERROR: Please specify the correct customer e-mail'),(693,1,'general','field_departments_email_error','ERROR: Please specify the correct department e-mail address'),(694,1,'general','field_customer_name_required','ERROR: Please specify the name'),(695,1,'general','field_enquiry_error','ERROR: Please specify the enquiry'),(696,1,'general','field_telephone_error','ERROR: Please specify the telephone'),(697,1,'modules-boxes','box_articles_categories_heading','Article Categories'),(698,1,'modules-boxes','box_best_sellers_heading','Best Sellers'),(699,1,'modules-boxes','box_categories_heading','Categories'),(700,1,'modules-boxes','box_ordering_steps_heading','Ordering Steps'),(701,1,'modules-boxes','box_ordering_steps_delivery','Shipping Information'),(702,1,'modules-boxes','box_ordering_steps_payment','Payment Information'),(703,1,'modules-boxes','box_ordering_steps_confirmation','Confirmation'),(704,1,'modules-boxes','box_ordering_steps_complete','Finished!'),(705,1,'modules-boxes','box_compare_products_heading','Compare Products'),(706,1,'modules-boxes','box_currencies_heading','Currencies'),(707,1,'modules-boxes','box_faqs_heading','FAQs'),(708,1,'modules-boxes','box_guest_book_heading','Guest Book'),(709,1,'modules-boxes','box_information_heading','Information'),(710,1,'modules-boxes','box_information_privacy','Privacy Notice'),(711,1,'modules-boxes','box_information_conditions','Conditions of Use'),(712,1,'modules-boxes','box_information_shipping','Shipping and Returns'),(713,1,'modules-boxes','box_information_contact','Contact Us'),(714,1,'modules-boxes','box_information_sitemap','Sitemap'),(715,1,'modules-boxes','box_languages_heading','Languages'),(716,1,'modules-boxes','box_lastest_news_heading','Lastest News'),(717,1,'modules-boxes','box_manufacturer_info_heading','Manufacturer Info'),(718,1,'modules-boxes','box_manufacturer_info_website','Visit %s\'s website'),(719,1,'modules-boxes','box_manufacturer_info_products','View all products'),(720,1,'modules-boxes','box_manufacturers_heading','Manufacturers'),(721,1,'modules-boxes','box_order_history_heading','Order History'),(722,1,'modules-boxes','box_polls_heading','Polls'),(723,1,'modules-boxes','box_polls_one_vote_per_ip_error','Error: Only one vote per IP is allowed for a poll.'),(724,1,'modules-boxes','box_polls_votes','votes'),(725,1,'modules-boxes','box_popular_search_terms_tag_cloud_heading','Popular Search Terms'),(726,1,'modules-boxes','box_product_notifications_heading','Product Notifications'),(727,1,'modules-boxes','box_product_notifications_add','Notify me of updates to %s'),(728,1,'modules-boxes','box_product_notifications_remove','Remove my notifications to %s'),(729,1,'modules-boxes','box_products_scroller_heading','Products Scroller'),(730,1,'modules-content','products_scroller_new_products_title','New Products'),(731,1,'modules-content','products_scroller_special_products_title','Special Products'),(732,1,'modules-content','products_scroller_best_sellers_title','Best Sellers'),(733,1,'modules-boxes','box_reviews_heading','Reviews'),(734,1,'modules-boxes','box_reviews_write','Write a review on this product!'),(735,1,'modules-boxes','box_reviews_stars_rating','%s of 5 Stars!'),(736,1,'modules-boxes','box_search_heading','Search'),(737,1,'modules-boxes','box_search_text','(try our <a href=\"%s\">advanced search</a>)'),(738,1,'modules-boxes','box_shop_by_price_heading','Shop By Price'),(739,1,'modules-boxes','box_shopping_cart_heading','Shopping Cart'),(740,1,'modules-boxes','box_shopping_cart_empty','0 items'),(741,1,'modules-boxes','box_shopping_cart_subtotal','Sub-Total:'),(742,1,'modules-boxes','box_specials_heading','Specials'),(743,1,'modules-boxes','box_tell_a_friend_heading','Tell a Friend'),(744,1,'modules-boxes','box_tell_a_friend_text','Tell someone you know about this product.'),(745,1,'modules-boxes','box_templates_heading','Templates'),(746,1,'modules-boxes','box_whats_new_heading','New Products'),(747,1,'modules-content','customers_also_purchased_title','Customers Who Purchased This Product Also Purchased'),(748,1,'modules-content','feature_products_title','Feature Products'),(749,1,'modules-content','box_guestbook_heading','Guest Book'),(750,1,'modules-content','box_list_guest_book_heading','All Guest Books'),(751,1,'modules-content','box_guest_book_info_heading','Guest Book Info'),(752,1,'modules-content','image_menu_show_title','Image Menu'),(753,1,'modules-content','new_products_title','New Products'),(754,1,'modules-content','products_slider_title','Products Slider'),(755,1,'modules-content','products_slider_new_products_title','New Products'),(756,1,'modules-content','products_slider_special_products_title','Special Products'),(757,1,'modules-content','products_slider_best_sellers_title','Best Sellers'),(758,1,'modules-content','recently_visited_title','Your Recent History'),(759,1,'modules-content','recently_visited_products_title','Recently Visited Products'),(760,1,'modules-content','recently_visited_categories_title','Recent Categories'),(761,1,'modules-content','recently_visited_searches_title','Recent Searches'),(762,1,'modules-content','recently_visited_item_in_category','in %s'),(763,1,'modules-content','slide_show_title','Slideshow'),(764,1,'modules-content','upcoming_products_title','Upcoming Products'),(765,1,'modules-content','xsell_products_title','Cross Sell Products'),(766,1,'modules-order_total','order_total_cod_title','Cash on Delivery Fee'),(767,1,'modules-order_total','order_total_cod_description','Cash on Delivery Fee'),(768,1,'modules-order_total','order_total_coupon_title','Coupon'),(769,1,'modules-order_total','order_total_coupon_description','Coupon'),(770,1,'modules-order_total','order_total_gift_certificate_title','Gift Certificate'),(771,1,'modules-order_total','order_total_gift_certificate_description','Gift Certificate'),(772,1,'modules-order_total','order_total_gift_wrapping_title','Gift Wrapping'),(773,1,'modules-order_total','order_total_gift_wrapping_description','Gift Wrapping'),(774,1,'modules-order_total','gift_wrapping_heading','Gift Wrapping'),(775,1,'modules-order_total','gift_wrapping_description','Please click the checkbox to have your item(s) gift-wrapped. It will cost additional %s.'),(776,1,'modules-order_total','order_total_loworderfee_title','Low Order Fee'),(777,1,'modules-order_total','order_total_loworderfee_description','Low Order Fee'),(778,1,'modules-order_total','order_total_shipping_title','Shipping'),(779,1,'modules-order_total','order_total_shipping_description','Order Shipping Cost'),(780,1,'modules-order_total','order_total_store_credit_title','Store Credit'),(781,1,'modules-order_total','order_total_store_credit_description','Store Credit'),(782,1,'modules-order_total','order_total_subtotal_title','Sub-Total'),(783,1,'modules-order_total','order_total_subtotal_description','Order Sub-Total'),(784,1,'modules-order_total','order_total_tax_title','Tax'),(785,1,'modules-order_total','order_total_tax_description','Order Tax'),(786,1,'modules-order_total','order_total_total_title','Total'),(787,1,'modules-order_total','order_total_total_description','Order Total'),(788,1,'modules-payment','payment_amazon_title','Amazon IPN'),(789,1,'modules-payment','payment_amazon_description','Amazon IPN'),(790,1,'modules-payment','payment_amazon_method_title','Amazon IPN'),(791,1,'modules-payment','payment_authorizenet_cc_aim_title','Authorize.net Credit Card AIM'),(792,1,'modules-payment','payment_authorizenet_cc_aim_method_title','Credit Card (Processed by Authorize.net AIM)'),(793,1,'modules-payment','payment_authorizenet_cc_aim_description','<img src=\"images/icon_popup.gif\" border=\"0\">&nbsp;<a href=\"https://www.authorize.net\" target=\"_blank\" style=\"text-decoration: underline; font-weight: bold;\">Visit Authorize.net Website</a>'),(794,1,'modules-payment','payment_authorizenet_cc_aim_credit_card_owner','Credit Card Owner:'),(795,1,'modules-payment','payment_authorizenet_cc_aim_credit_card_number','Credit Card Number:'),(796,1,'modules-payment','payment_authorizenet_cc_aim_credit_card_expires','Credit Card Expiry Date:'),(797,1,'modules-payment','payment_authorizenet_cc_aim_credit_card_cvc','Credit Card Check Number (CVC):'),(798,1,'modules-payment','payment_authorizenet_cc_aim_error_title','There has been an error processing your credit card'),(799,1,'modules-payment','payment_authorizenet_cc_aim_error_general','Please try again and if problems persist, please try another payment method.'),(800,1,'modules-payment','payment_authorizenet_cc_aim_error_declined','This credit card transaction has been declined. Please try again and if problems persist, please try another credit card or payment method.'),(801,1,'modules-payment','payment_authorizenet_cc_aim_error_invalid_exp_date','The credit card expiration date is invalid. Please check the card information and try again.'),(802,1,'modules-payment','payment_authorizenet_cc_aim_error_expired','The credit card has expired. Please try again with another card or payment method.'),(803,1,'modules-payment','payment_authorizenet_cc_aim_error_cvc','The credit card check number (CVC) is invalid. Please check the card information and try again.'),(804,1,'modules-payment','payment_authorizenet_cc_sim_title','Authorize.net Credit Card SIM'),(805,1,'modules-payment','payment_authorizenet_cc_sim_method_title','Credit Card (Processed by Authorize.net SIM)'),(806,1,'modules-payment','payment_authorizenet_cc_sim_error_title','There has been an error processing your credit card.'),(807,1,'modules-payment','payment_authorizenet_cc_sim_error_verification','The credit card transaction could not be verified with this order. Please try again and if problems persist, please try another payment method.'),(808,1,'modules-payment','payment_authorizenet_cc_sim_error_declined','This credit card transaction has been declined. Please try again and if problems persist, please try another payment method.'),(809,1,'modules-payment','payment_authorizenet_cc_sim_error_general','Please try again and if problems persist, please try another payment method.'),(810,1,'modules-payment','payment_authorizenet_cc_sim_error_ajax_valid','Note that if you see the url in the web browser is test.authorize.net/gateway/transact.dll, it means you are still on the authorize.net gateway server. Otherwise, you are redirected to the merchine site. And, if you are on the authorize.net server, this page is generated by the merchant web server. For the security, authorize.net can not send the ajax request to the merchant site. So, the ajax shopping cart and checkout form is empty. Please click the checkout menu to try the payment again.'),(811,1,'modules-payment','payment_bank_wire_title','Bank Wire'),(812,1,'modules-payment','payment_bank_wire_description','Bank Wire'),(813,1,'modules-payment','payment_bank_wire_method_title','Bank Wire'),(814,1,'modules-payment','payment_bank_wire_bank_account_owner','Account Owner'),(815,1,'modules-payment','payment_bank_wire_bank_detail','Bank Detail'),(816,1,'modules-payment','payment_bank_wire_bank_address','Bank Address'),(817,1,'modules-payment','payment_cc_title','Credit Card'),(818,1,'modules-payment','payment_cc_description','Credit Card Test Info:<br /><br />CC#: 4111111111111111<br />Expiry: Any'),(819,1,'modules-payment','payment_cc_method_title','Credit Card'),(820,1,'modules-payment','payment_cc_credit_card_owner','Credit Card Owner:'),(821,1,'modules-payment','payment_cc_credit_card_number','Credit Card Number:'),(822,1,'modules-payment','payment_cc_credit_card_expiry_date','Credit Card Expiry Date:'),(823,1,'modules-payment','payment_cc_js_credit_card_owner','* The owner\'s name of the credit card must be at least %s characters.'),(824,1,'modules-payment','payment_cc_js_credit_card_number','* The credit card number must be at least %s characters.'),(825,1,'modules-payment','payment_cc_js_credit_card_not_accepted','* This credit card type is not accepted. Please try again with another card or payment method.'),(826,1,'modules-payment','payment_cc_error_general','There was a problem processing this credit card. Please check the card information and try again.'),(827,1,'modules-payment','payment_cc_error_not_accepted','This credit card type is not accepted. Please try again with another card or payment method.'),(828,1,'modules-payment','payment_cc_error_invalid_expiration_date','The credit card expiration date is invalid. Please check the card information and try again.'),(829,1,'modules-payment','payment_cc_error_expired','The credit card has expired. Please try again with another card or payment method.'),(830,1,'modules-payment','payment_cc_error_unknown_card','This is an unknown credit card which cannot be processed. Please try again with another card or payment method.'),(831,1,'modules-payment','payment_cheque_title','Cheque'),(832,1,'modules-payment','payment_cheque_description','Cheque'),(833,1,'modules-payment','payment_cheque_method_title','Cheque'),(834,1,'modules-payment','payment_cheque_account_owner','To the order of'),(835,1,'modules-payment','payment_cheque_address','Address'),(836,1,'modules-payment','payment_chronopay_title','ChronoPay'),(837,1,'modules-payment','payment_chronopay_description','ChronoPay'),(838,1,'modules-payment','payment_chronopay_method_title','Credit Card'),(839,1,'modules-payment','payment_cod_title','Cash on Delivery'),(840,1,'modules-payment','payment_cod_description','Cash on Delivery'),(841,1,'modules-payment','payment_cod_method_title','Cash on Delivery'),(842,1,'modules-payment','payment_eway_title','eWAY Payment Credit Card'),(843,1,'modules-payment','payment_eway_description','eWAY Payment Credit Card'),(844,1,'modules-payment','payment_eway_method_title','eWAY Payment Credit Card'),(845,1,'modules-payment','payment_eway_au_title','eWAY Payment'),(846,1,'modules-payment','payment_eway_au_description','eWAY Payment'),(847,1,'modules-payment','payment_eway_au_method_title','eWAY Payment'),(848,1,'modules-payment','payment_eway_au_credit_card_owner','Credit Card Owner:'),(849,1,'modules-payment','payment_eway_au_credit_card_number','Credit Card Number:'),(850,1,'modules-payment','payment_eway_au_credit_card_expiry_date','Credit Card Expiry Date:'),(851,1,'modules-payment','payment_eway_au_credit_card_cvv','CVV Number:'),(852,1,'modules-payment','payment_eway_eu_js_credit_card_owner','* The owner\'s name of the credit card must be at least %s characters.'),(853,1,'modules-payment','payment_eway_eu_js_credit_card_number','* The credit card number must be at least %s characters.'),(854,1,'modules-payment','payment_eway_eu_cc_js_credit_card_cvc','* The credit card check number (CVC) must be at least 3 characters.'),(855,1,'modules-payment','payment_gcheckout_title','Google Checkout'),(856,1,'modules-payment','payment_gcheckout_description','Google Checkout'),(857,1,'modules-payment','payment_gcheckout_method_title','Google Checkout'),(858,1,'modules-payment','payment_gcheckout_merchant_id','Merchant ID'),(859,1,'modules-payment','payment_gcheckout_merchant_key','Merchant Key'),(860,1,'modules-payment','payment_inpay_title','Inpay - instant online bank transfers'),(861,1,'modules-payment','payment_inpay_method_title','Pay with your online bank - instant and 100% secure'),(862,1,'modules-payment','payment_ipayment_title','iPayment'),(863,1,'modules-payment','payment_ipayment_description','Credit Card Test Info:<br /><br />CC#: 4111111111111111<br />Expiry: Any'),(864,1,'modules-payment','payment_ipayment_error_heading','There has been an error processing your credit card'),(865,1,'modules-payment','payment_ipayment_error_message','Please check your credit card details!'),(866,1,'modules-payment','payment_ipayment_credit_card_owner','Credit Card Owner:'),(867,1,'modules-payment','payment_ipayment_credit_card_number','Credit Card Number:'),(868,1,'modules-payment','payment_ipayment_credit_card_expiry_date','Credit Card Expiry Date:'),(869,1,'modules-payment','payment_ipayment_credit_card_checknumber','Credit Card Checknumber:'),(870,1,'modules-payment','payment_ipayment_credit_card_checknumber_location','(located at the back of the credit card)'),(871,1,'modules-payment','payment_ipayment_js_credit_card_owner','* The owner\'s name of the credit card must be at least %s characters.'),(872,1,'modules-payment','payment_ipayment_js_credit_card_number','* The credit card number must be at least %s characters.'),(873,1,'modules-payment','payment_ipayment_credit_card_type','Credit Card Type:'),(874,1,'modules-payment','payment_moneybookers_title','Moneybookers'),(875,1,'modules-payment','payment_moneybookers_description','Moneybookers'),(876,1,'modules-payment','payment_moneybookers_method_title','Moneybookers'),(877,1,'modules-payment','payment_moneybookers_email','Email'),(878,1,'modules-payment','payment_moneyorder_title','Check/Money Order'),(879,1,'modules-payment','payment_moneyorder_description','Make Payable To:&nbsp;%s<br /><br />Send To:<br />%s<br /><br />Your order will not ship until we receive payment.'),(880,1,'modules-payment','payment_moneyorder_email_footer','Make Payable To: %s\n\nSend To:\n%\n\nYour order will not ship until we receive payment.'),(881,1,'modules-payment','payment_nochex_title','NOCHEX'),(882,1,'modules-payment','payment_nochex_method_title','NoChex'),(883,1,'modules-payment','payment_nochex_description','NOCHEX<br />Requires the GBP currency.'),(884,1,'modules-payment','payment_ogone_directlink_cc_title','Ogone DirectLink Credit Card'),(885,1,'modules-payment','payment_ogone_directlink_cc_description','Ogone DirectLink Credit Card Transactions'),(886,1,'modules-payment','payment_ogone_directlink_cc_method_title','Credit Card'),(887,1,'modules-payment','payment_ogone_directlink_cc_credit_card_owner','Credit Card Owner:'),(888,1,'modules-payment','payment_ogone_directlink_cc_credit_card_number','Credit Card Number:'),(889,1,'modules-payment','payment_ogone_directlink_cc_credit_card_expiry_date','Credit Card Expiry Date:'),(890,1,'modules-payment','payment_ogone_directlink_cc_credit_card_cvc','Credit Card Check Number (CVC):'),(891,1,'modules-payment','payment_ogone_directlink_cc_js_credit_card_owner','* The owner\'s name of the credit card must be at least %s characters.'),(892,1,'modules-payment','payment_ogone_directlink_cc_js_credit_card_number','* The credit card number must be at least %s characters.'),(893,1,'modules-payment','payment_ogone_directlink_cc_js_credit_card_not_accepted','* This credit card type is not accepted. Please try again with another card or payment method.'),(894,1,'modules-payment','payment_ogone_directlink_cc_js_credit_card_cvc','* The credit card check number (CVC) must be at least 3 characters.'),(895,1,'modules-payment','payment_ogone_directlink_cc_error_general','There was a problem processing this credit card. Please check the card information and try again.'),(896,1,'modules-payment','payment_ogone_directlink_cc_error_not_accepted','This credit card type is not accepted. Please try again with another card or payment method.'),(897,1,'modules-payment','payment_paypal_direct_title','PayPal Website Payments Pro (US) Direct Payments'),(898,1,'modules-payment','payment_paypal_direct_description','<b>Note: PayPal requires the PayPal Express Checkout payment module to be enabled if this module is activated.</b><br /><br /><img src=\"images/icon_popup.gif\" border=\"0\">&nbsp;<a href=\"https://www.paypal.com/mrb/pal=PS2X9Q773CKG4\" target=\"_blank\" style=\"text-decoration: underline; font-weight: bold;\">Visit PayPal Website</a>&nbsp;<a href=\"javascript:toggleDivBlock(\\\'paypalDirectInfo\\\');\">(info)</a><span id=\"paypalDirectInfo\" style=\"display: none;\"><br><i>Using the above link to signup at PayPal grants osCommerce a small financial bonus for referring a customer.</i></span>'),(899,1,'modules-payment','payment_paypal_direct_method_title','Credit or Debit Card (Processed securely by PayPal)'),(900,1,'modules-payment','payment_paypal_direct_card_owner','Card Owner:'),(901,1,'modules-payment','payment_paypal_direct_card_type','Card Type:'),(902,1,'modules-payment','payment_paypal_direct_card_number','Card Number:'),(903,1,'modules-payment','payment_paypal_direct_card_valid_from','Card Valid From Date:'),(904,1,'modules-payment','payment_paypal_direct_card_valid_from_info','(if available)'),(905,1,'modules-payment','payment_paypal_direct_card_expires','Card Expiry Date:'),(906,1,'modules-payment','payment_paypal_direct_card_cvc','Card Security Code (CVV2):'),(907,1,'modules-payment','payment_paypal_direct_card_issue_number','Card Issue Number:'),(908,1,'modules-payment','payment_paypal_direct_card_issue_number_info','(for Maestro and Solo cards only)'),(909,1,'modules-payment','payment_paypal_direct_error_all_fields_required','Error: All payment information fields are required.'),(910,1,'modules-payment','payment_paypal_express_title','PayPal Express Checkout'),(911,1,'modules-payment','payment_paypal_express_description','PayPal Express Checkout'),(912,1,'modules-payment','payment_paypal_express_method_title','PayPal Express (including Credit Cards and Debit Cards)'),(913,1,'modules-payment','payment_paypal_express_button_title','Pay with PayPal Express Checkout'),(914,1,'modules-payment','payment_paypal_express_error_title','Error generated by PayPal:'),(915,1,'modules-payment','payment_paypal_express_text_button','Checkout with PayPal'),(916,1,'modules-payment','payment_paypal_express_button','https://www.paypal.com/en_US/i/btn/btn_xpressCheckout.gif'),(917,1,'modules-payment','payment_paypal_express_language_locale','en_US'),(918,1,'modules-payment','payment_paypal_ipn_title','PayPal IPN'),(919,1,'modules-payment','payment_paypal_ipn_description','PayPal IPN'),(920,1,'modules-payment','payment_paypal_ipn_method_title','PayPal'),(921,1,'modules-payment','payment_paypal_standard_title','PayPal Website Payments Standard'),(922,1,'modules-payment','payment_paypal_standard_method_title','PayPal Website Payments Standard'),(923,1,'modules-payment','payment_paypal_uk_direct_title','PayPal Website Payments Pro (UK) Direct Payments'),(924,1,'modules-payment','payment_paypal_uk_direct_description','PayPal UK Direct'),(925,1,'modules-payment','payment_paypal_uk_direct_method_title','PayPal UK Direct (including Credit Cards and Debit Cards)'),(926,1,'modules-payment','payment_paypal_uk_direct_card_owner','Card Owner:'),(927,1,'modules-payment','payment_paypal_uk_direct_card_type','Card Type:'),(928,1,'modules-payment','payment_paypal_uk_direct_card_number','Card Number:'),(929,1,'modules-payment','payment_paypal_uk_direct_card_valid_from','Card Valid From Date:'),(930,1,'modules-payment','payment_paypal_uk_direct_card_valid_from_info','(if available)'),(931,1,'modules-payment','payment_paypal_uk_direct_card_expires','Card Expiry Date:'),(932,1,'modules-payment','payment_paypal_uk_direct_card_cvc','Card Security Code (CVV2):'),(933,1,'modules-payment','payment_paypal_uk_direct_card_issue_number','Card Issue Number:'),(934,1,'modules-payment','payment_paypal_uk_direct_card_issue_number_info','(for Maestro and Solo cards only)'),(935,1,'modules-payment','payment_paypal_uk_direct_error_general','Error: A general problem has occurred with the transaction. Please try again.'),(936,1,'modules-payment','payment_paypal_uk_direct_error_cfg_error','Error: Payment module configuration error. Please verify the login credentials.'),(937,1,'modules-payment','payment_paypal_uk_direct_error_address','Error: A match of the Shipping Address City, State, and Postal Code failed. Please try again.'),(938,1,'modules-payment','payment_paypal_uk_direct_error_all_fields_required','Error: All payment information fields are required.'),(939,1,'modules-payment','payment_paypal_uk_direct_error_declined','Error: This transaction has been declined. Please try again.'),(940,1,'modules-payment','payment_paypal_uk_direct_error_invalid_credit_card','Error: The provided credit card information is invalid. Please try again.'),(949,1,'modules-payment','payment_payquake_cc_title','PayQuake Credit Card'),(950,1,'modules-payment','payment_payquake_cc_description','PayQuake Credit Card Transactions'),(951,1,'modules-payment','payment_payquake_cc_method_title','Credit Card'),(952,1,'modules-payment','payment_payquake_cc_credit_card_owner','Credit Card Owner:'),(953,1,'modules-payment','payment_payquake_cc_credit_card_number','Credit Card Number:'),(954,1,'modules-payment','payment_payquake_cc_credit_card_expiry_date','Credit Card Expiry Date:'),(955,1,'modules-payment','payment_payquake_cc_credit_card_cvc','Credit Card Check Number (CVC):'),(956,1,'modules-payment','payment_payquake_cc_js_credit_card_owner','* The owner\'s name of the credit card must be at least %s characters.'),(957,1,'modules-payment','payment_payquake_cc_js_credit_card_number','* The credit card number must be at least %s characters.'),(958,1,'modules-payment','payment_payquake_cc_js_credit_card_not_accepted','* This credit card type is not accepted. Please try again with another card or payment method.'),(959,1,'modules-payment','payment_payquake_cc_js_credit_card_cvc','* The credit card check number (CVC) must be at least 3 characters.'),(960,1,'modules-payment','payment_payquake_cc_error_general','There was a problem processing this credit card. Please check the card information and try again.'),(961,1,'modules-payment','payment_payquake_cc_error_not_accepted','This credit card type is not accepted. Please try again with another card or payment method.'),(962,1,'modules-payment','payment_payquake_cc_error_invalid_expiry_date','The credit card expiration date is invalid. Please check the card information and try again.'),(963,1,'modules-payment','payment_payquake_cc_error_expired','The credit card has expired. Please try again with another card or payment method.'),(964,1,'modules-payment','payment_pm2checkout_title','2CheckOut'),(965,1,'modules-payment','payment_pm2checkout_description','Credit Cards and Alternatives'),(966,1,'modules-payment','payment_pm2checkout_method_title','2Checkout'),(967,1,'modules-payment','payment_pm2checkout_text_error_message','There has been an error processing your credit card. Please try again.'),(968,1,'modules-payment','payment_pm2checkout_text_warning_demo_mode','In Review: Transaction performed in demo mode.'),(969,1,'modules-payment','payment_pm2checkout_text_warning_transaction_order','In Review: Transaction total did not match order total.'),(970,1,'modules-payment','payment_psigate_title','PSiGate'),(971,1,'modules-payment','payment_psigate_description','Credit Card Test Info:<br /><br />CC#: 4111111111111111<br />Expiry: Any'),(972,1,'modules-payment','payment_psigate_credit_card_owner','Credit Card Owner:'),(973,1,'modules-payment','payment_psigate_credit_card_number','Credit Card Number:'),(974,1,'modules-payment','payment_psigate_credit_card_expiry_date','Credit Card Expiry Date:'),(975,1,'modules-payment','payment_psigate_credit_card_type','Type:'),(976,1,'modules-payment','payment_psigate_js_credit_card_number','* The credit card number must be at least \' . CC_NUMBER_MIN_LENGTH . \' characters.\\n'),(977,1,'modules-payment','payment_psigate_error_message','There has been an error processing your credit card. Please try again.'),(978,1,'modules-payment','payment_psigate_error','Credit Card Error!'),(979,1,'modules-payment','payment_saferpay_cc_title','Saferpay Credit Card'),(980,1,'modules-payment','payment_saferpay_cc_description','Saferpay Credit Card Transactions'),(981,1,'modules-payment','payment_saferpay_cc_method_title','Credit Card'),(982,1,'modules-payment','payment_saferpay_cc_credit_card_owner','Credit Card Owner:'),(983,1,'modules-payment','payment_saferpay_cc_credit_card_number','Credit Card Number:'),(984,1,'modules-payment','payment_saferpay_cc_credit_card_expiry_date','Credit Card Expiry Date:'),(985,1,'modules-payment','payment_saferpay_cc_credit_card_cvc','Credit Card Check Number (CVC):'),(986,1,'modules-payment','payment_saferpay_cc_js_credit_card_owner','* The owner\'s name of the credit card must be at least %s characters.'),(987,1,'modules-payment','payment_saferpay_cc_js_credit_card_number','* The credit card number must be at least %s characters.'),(988,1,'modules-payment','payment_saferpay_cc_js_credit_card_not_accepted','* This credit card type is not accepted. Please try again with another card or payment method.'),(989,1,'modules-payment','payment_saferpay_cc_js_credit_card_cvc','* The credit card check number (CVC) must be at least 3 characters.'),(990,1,'modules-payment','payment_saferpay_cc_error_general','There was a problem processing this credit card. Please check the card information and try again.'),(991,1,'modules-payment','payment_saferpay_cc_error_not_accepted','This credit card type is not accepted. Please try again with another card or payment method.'),(992,1,'modules-payment','payment_saferpay_cc_error_62','The credit card expiration date is invalid. Please check the card information and try again.'),(993,1,'modules-payment','payment_saferpay_cc_error_63','The credit card has expired. Please try again with another card or payment method.'),(994,1,'modules-payment','payment_saferpay_cc_error_64','This is an unknown credit card which cannot be processed. Please try again with another card or payment method.'),(995,1,'modules-payment','payment_saferpay_elv_title','Saferpay Bank Transfer'),(996,1,'modules-payment','payment_saferpay_elv_description','Saferpay Bank Transfer Transactions'),(997,1,'modules-payment','payment_saferpay_elv_method_title','Bank Transfer'),(998,1,'modules-payment','payment_saferpay_elv_bank_owner','Account Owner Name:'),(999,1,'modules-payment','payment_saferpay_elv_bank_account_number','Account Number:'),(1000,1,'modules-payment','payment_saferpay_elv_bank_code','Bank Code:'),(1001,1,'modules-payment','payment_saferpay_elv_js_error','* All fields required.'),(1002,1,'modules-payment','payment_saferpay_elv_error_general','There was a problem processing this bank account. Please check the account information and try again.'),(1003,1,'modules-payment','payment_saferpay_vt_title','Saferpay Virtual Terminal'),(1004,1,'modules-payment','payment_saferpay_vt_description','Saferpay Virtual Terminal Transactions'),(1005,1,'modules-payment','payment_saferpay_vt_method_title','Credit Card'),(1006,1,'modules-payment','payment_saferpay_vt_error_general','There was a problem processing this order. Please check the billing information and try again.'),(1007,1,'modules-payment','payment_sage_pay_form_title','Sage Pay Form'),(1008,1,'modules-payment','payment_sage_pay_form_description','Sage Pay Form'),(1009,1,'modules-payment','payment_sage_pay_form_method_title','Credit Card or Bank Card (Processed by Sage Pay)'),(1010,1,'modules-payment','payment_sage_pay_form_error_general','Please try again and if problems persist, please try another payment method.'),(1011,1,'modules-payment','payment_sage_pay_form_error_title','There has been an error processing your order transaction.'),(1012,1,'modules-payment','payment_secpay_title','SECPay'),(1013,1,'modules-payment','payment_secpay_description','Credit Card Test Info:<br /><br />CC#: 4444333322221111<br />Expiry: Any'),(1014,1,'modules-payment','payment_secpay_error','Credit Card Error!'),(1015,1,'modules-payment','payment_secpay_error_message','There has been an error processing your credit card. Please try again.'),(1016,1,'modules-payment','payment_western_union_title','Western Union'),(1017,1,'modules-payment','payment_western_union_description','Western Union'),(1018,1,'modules-payment','payment_western_union_method_title','Western Union'),(1019,1,'modules-payment','payment_western_union_owner_country','Country:'),(1020,1,'modules-payment','payment_western_union_owner_city','City:'),(1021,1,'modules-payment','payment_western_union_owner_name','Name:'),(1022,1,'modules-payment','payment_western_union_owner_email','Email:'),(1023,1,'modules-payment','payment_western_union_owner_telephone','Telephone:'),(1024,1,'modules-payment','payment_wirecard_cc_title','Wire Card Credit Card'),(1025,1,'modules-payment','payment_wirecard_cc_description','Wire Card Credit Card Transactions'),(1026,1,'modules-payment','payment_wirecard_cc_method_title','Credit Card'),(1027,1,'modules-payment','payment_wirecard_cc_credit_card_owner','Credit Card Owner:'),(1028,1,'modules-payment','payment_wirecard_cc_credit_card_number','Credit Card Number:'),(1029,1,'modules-payment','payment_wirecard_cc_credit_card_expiry_date','Credit Card Expiry Date:'),(1030,1,'modules-payment','payment_wirecard_cc_credit_card_cvc','Credit Card Check Number (CVC):'),(1031,1,'modules-payment','payment_wirecard_cc_js_credit_card_owner','* The owner\'s name of the credit card must be at least %s characters.'),(1032,1,'modules-payment','payment_wirecard_cc_js_credit_card_number','* The credit card number must be at least %s characters.'),(1033,1,'modules-payment','payment_wirecard_cc_js_credit_card_not_accepted','* This credit card type is not accepted. Please try again with another card or payment method.'),(1034,1,'modules-payment','payment_wirecard_cc_js_credit_card_cvc','* The credit card check number (CVC) must be at least 3 characters.'),(1035,1,'modules-payment','payment_wirecard_cc_error_general','There was a problem processing this credit card. Please check the card information and try again.'),(1036,1,'modules-payment','payment_wirecard_cc_error_not_accepted','This credit card type is not accepted. Please try again with another card or payment method.'),(1037,1,'modules-payment','payment_wirecard_cc_error_20071','The credit card expiration date is invalid. Please check the card information and try again.'),(1038,1,'modules-payment','payment_wirecard_cc_error_33','The credit card has expired. Please try again with another card or payment method.'),(1039,1,'modules-payment','payment_wirecard_cc_error_unkown_card','This is an unknown credit card which cannot be processed. Please try again with another card or payment method.'),(1040,1,'modules-payment','payment_wirecard_eft_title','Wire Card EFT'),(1041,1,'modules-payment','payment_wirecard_eft_description','Wire Card EFT Transactions'),(1042,1,'modules-payment','payment_wirecard_eft_method_title','Bank Transfer'),(1043,1,'modules-payment','payment_wirecard_eft_bank_owner','Account Owner Name:'),(1044,1,'modules-payment','payment_wirecard_eft_bank_owner_firstname','Account Owner First Name:'),(1045,1,'modules-payment','payment_wirecard_eft_bank_owner_lastname','Account Owner Last Name:'),(1046,1,'modules-payment','payment_wirecard_eft_account_type','Account Type:'),(1047,1,'modules-payment','payment_wirecard_eft_account_type_checking','Checking'),(1048,1,'modules-payment','payment_wirecard_eft_account_type_savings','Savings'),(1049,1,'modules-payment','payment_wirecard_eft_bank_account_number','Account Number:'),(1050,1,'modules-payment','payment_wirecard_eft_bank_code','Bank Code:'),(1051,1,'modules-payment','payment_wirecard_eft_check_number','Check Number:'),(1052,1,'modules-payment','payment_wirecard_eft_id_number','Identification Number:'),(1053,1,'modules-payment','payment_wirecard_eft_js_error','* All fields required.'),(1054,1,'modules-payment','payment_wirecard_eft_error_general','There was a problem processing this bank account. Please check the account information and try again.'),(1055,1,'modules-shipping','shipping_flat_title','Flat Rate'),(1056,1,'modules-shipping','shipping_flat_description','Flat Rate'),(1057,1,'modules-shipping','shipping_flat_method','Best Way'),(1058,1,'modules-shipping','shipping_free_title','Free Shipping'),(1059,1,'modules-shipping','shipping_free_description','Free Shipping'),(1060,1,'modules-shipping','shipping_free_for_amount','for orders over %s'),(1061,1,'modules-shipping','shipping_item_title','Per Item'),(1062,1,'modules-shipping','shipping_item_description','Per Item'),(1063,1,'modules-shipping','shipping_item_method','Best Way'),(1064,1,'modules-shipping','shipping_self_pickup_title','Self Pickup'),(1065,1,'modules-shipping','shipping_self_pickup_description','Self Pickup'),(1066,1,'modules-shipping','shipping_self_pickup_method','Best Way'),(1067,1,'modules-shipping','shipping_table_title','Table Rate'),(1068,1,'modules-shipping','shipping_table_description','Table Rate'),(1069,1,'modules-shipping','shipping_table_method','Best Way'),(1070,1,'modules-shipping','shipping_ups_title','United Parcel Service'),(1071,1,'modules-shipping','shipping_ups_description','United Parcel Service.'),(1072,1,'modules-shipping','shipping_usps_title','United States Postal Service (USPS)'),(1073,1,'modules-shipping','shipping_usps_description','United States Postal Service<br /><br />You will need to have registered an account with USPS at http://www.uspsprioritymail.com/et_regcert.html to use this module<br /><br />USPS expects you to use pounds as weight measure for your products.'),(1074,1,'modules-shipping','shipping_usps_error','An error occured with the USPS shipping calculations.<br />If you prefer to use USPS as your shipping method, please contact the store owner.'),(1075,1,'modules-shipping','shipping_zones_title','Zone Rates'),(1076,1,'modules-shipping','shipping_zones_description','Zone Based Rates'),(1077,1,'modules-shipping','shipping_zones_method','Shipping to'),(1078,1,'modules-shipping','shipping_zones_invalid_zone','No shipping available to the selected country'),(1079,1,'modules-shipping','shipping_zones_undefined_rate','The shipping rate cannot be determined at this time');
/*!40000 ALTER TABLE `toc_languages_definitions` ENABLE KEYS */;
UNLOCK TABLES;

--
-- Table structure for table `toc_manufacturers`
--

DROP TABLE IF EXISTS `toc_manufacturers`;
/*!40101 SET @saved_cs_client     = @@character_set_client */;
/*!40101 SET character_set_client = utf8 */;
CREATE TABLE `toc_manufacturers` (
  `manufacturers_id` int(11) NOT NULL AUTO_INCREMENT,
  `manufacturers_name` varchar(32) NOT NULL,
  `manufacturers_image` varchar(64) DEFAULT NULL,
  `date_added` datetime DEFAULT NULL,
  `last_modified` datetime DEFAULT NULL,
  PRIMARY KEY (`manufacturers_id`),
  KEY `IDX_MANUFACTURERS_NAME` (`manufacturers_name`)
) ENGINE=MyISAM AUTO_INCREMENT=6 DEFAULT CHARSET=utf8;
/*!40101 SET character_set_client = @saved_cs_client */;

--
-- Dumping data for table `toc_manufacturers`
--

LOCK TABLES `toc_manufacturers` WRITE;
/*!40000 ALTER TABLE `toc_manufacturers` DISABLE KEYS */;
INSERT INTO `toc_manufacturers` VALUES (1,'Apple','apple.png','2015-09-07 10:12:36','2015-09-07 10:12:36'),(2,'Dell','dell.png','2015-09-07 10:12:36','2015-09-07 10:12:36'),(3,'HP','hp.png','2015-09-07 10:12:36','2015-09-07 10:12:36'),(4,'Lenovo','lenovo.png','2015-09-07 10:12:36','2015-09-07 10:12:36'),(5,'Sony','sony.png','2015-09-07 10:12:36','2015-09-07 10:12:36');
/*!40000 ALTER TABLE `toc_manufacturers` ENABLE KEYS */;
UNLOCK TABLES;

--
-- Table structure for table `toc_manufacturers_info`
--

DROP TABLE IF EXISTS `toc_manufacturers_info`;
/*!40101 SET @saved_cs_client     = @@character_set_client */;
/*!40101 SET character_set_client = utf8 */;
CREATE TABLE `toc_manufacturers_info` (
  `manufacturers_id` int(11) NOT NULL,
  `languages_id` int(11) NOT NULL,
  `manufacturers_url` varchar(255) NOT NULL,
  `manufacturers_friendly_url` varchar(64) NOT NULL,
  `manufacturers_page_title` varchar(255) NOT NULL,
  `manufacturers_meta_keywords` varchar(255) NOT NULL,
  `manufacturers_meta_description` varchar(255) NOT NULL,
  `url_clicked` int(5) NOT NULL DEFAULT '0',
  `date_last_click` datetime DEFAULT NULL,
  PRIMARY KEY (`manufacturers_id`,`languages_id`)
) ENGINE=MyISAM DEFAULT CHARSET=utf8;
/*!40101 SET character_set_client = @saved_cs_client */;

--
-- Dumping data for table `toc_manufacturers_info`
--

LOCK TABLES `toc_manufacturers_info` WRITE;
/*!40000 ALTER TABLE `toc_manufacturers_info` DISABLE KEYS */;
INSERT INTO `toc_manufacturers_info` VALUES (1,1,'http://www.apple.com','apple','','','',0,NULL),(2,1,'http://www.dell.com','dell','','','',0,NULL),(3,1,'http://www.hp.com','hp','','','',0,NULL),(4,1,'http://www.lenovo.com','lenovo','','','',0,NULL),(5,1,'http://www.sony.com','sony','','','',0,NULL);
/*!40000 ALTER TABLE `toc_manufacturers_info` ENABLE KEYS */;
UNLOCK TABLES;

--
-- Table structure for table `toc_newsletters`
--

DROP TABLE IF EXISTS `toc_newsletters`;
/*!40101 SET @saved_cs_client     = @@character_set_client */;
/*!40101 SET character_set_client = utf8 */;
CREATE TABLE `toc_newsletters` (
  `newsletters_id` int(11) NOT NULL AUTO_INCREMENT,
  `title` varchar(255) NOT NULL,
  `content` text NOT NULL,
  `module` varchar(255) NOT NULL,
  `date_added` datetime NOT NULL,
  `date_sent` datetime DEFAULT NULL,
  `status` int(1) DEFAULT NULL,
  `locked` int(1) DEFAULT '0',
  PRIMARY KEY (`newsletters_id`)
) ENGINE=MyISAM DEFAULT CHARSET=utf8;
/*!40101 SET character_set_client = @saved_cs_client */;

--
-- Dumping data for table `toc_newsletters`
--

LOCK TABLES `toc_newsletters` WRITE;
/*!40000 ALTER TABLE `toc_newsletters` DISABLE KEYS */;
/*!40000 ALTER TABLE `toc_newsletters` ENABLE KEYS */;
UNLOCK TABLES;

--
-- Table structure for table `toc_newsletters_log`
--

DROP TABLE IF EXISTS `toc_newsletters_log`;
/*!40101 SET @saved_cs_client     = @@character_set_client */;
/*!40101 SET character_set_client = utf8 */;
CREATE TABLE `toc_newsletters_log` (
  `newsletters_id` int(11) NOT NULL,
  `email_address` varchar(255) NOT NULL,
  `date_sent` datetime DEFAULT NULL,
  KEY `IDX_NEWSLETTERS_LOG_NEWSLETTERS_ID` (`newsletters_id`),
  KEY `IDX_NEWSLETTERS_LOG_EMAIL_ADDRESS` (`email_address`)
) ENGINE=MyISAM DEFAULT CHARSET=utf8;
/*!40101 SET character_set_client = @saved_cs_client */;

--
-- Dumping data for table `toc_newsletters_log`
--

LOCK TABLES `toc_newsletters_log` WRITE;
/*!40000 ALTER TABLE `toc_newsletters_log` DISABLE KEYS */;
/*!40000 ALTER TABLE `toc_newsletters_log` ENABLE KEYS */;
UNLOCK TABLES;

--
-- Table structure for table `toc_orders`
--

DROP TABLE IF EXISTS `toc_orders`;
/*!40101 SET @saved_cs_client     = @@character_set_client */;
/*!40101 SET character_set_client = utf8 */;
CREATE TABLE `toc_orders` (
  `orders_id` int(11) NOT NULL AUTO_INCREMENT,
  `invoice_number` varchar(10) DEFAULT NULL,
  `customers_id` int(11) NOT NULL,
  `customers_name` varchar(64) NOT NULL,
  `customers_company` varchar(32) DEFAULT NULL,
  `customers_street_address` varchar(64) NOT NULL,
  `customers_suburb` varchar(32) DEFAULT NULL,
  `customers_city` varchar(32) NOT NULL,
  `customers_postcode` varchar(10) NOT NULL,
  `customers_state` varchar(32) DEFAULT NULL,
  `customers_state_code` varchar(32) DEFAULT NULL,
  `customers_country` varchar(64) NOT NULL,
  `customers_country_iso2` char(2) NOT NULL,
  `customers_country_iso3` char(3) NOT NULL,
  `customers_telephone` varchar(32) NOT NULL,
  `customers_email_address` varchar(96) NOT NULL,
  `customers_address_format` varchar(255) NOT NULL,
  `customers_ip_address` varchar(15) DEFAULT NULL,
  `delivery_name` varchar(64) NOT NULL,
  `delivery_company` varchar(32) DEFAULT NULL,
  `delivery_street_address` varchar(64) NOT NULL,
  `delivery_suburb` varchar(32) DEFAULT NULL,
  `delivery_city` varchar(32) NOT NULL,
  `delivery_postcode` varchar(10) NOT NULL,
  `delivery_state` varchar(32) DEFAULT NULL,
  `delivery_zone_id` int(11) NOT NULL,
  `delivery_state_code` varchar(32) DEFAULT NULL,
  `delivery_country_id` int(11) NOT NULL,
  `delivery_country` varchar(64) NOT NULL,
  `delivery_country_iso2` char(2) NOT NULL,
  `delivery_country_iso3` char(3) NOT NULL,
  `delivery_address_format` varchar(255) NOT NULL,
  `delivery_telephone` varchar(32) NOT NULL,
  `billing_name` varchar(64) NOT NULL,
  `billing_company` varchar(32) DEFAULT NULL,
  `billing_street_address` varchar(64) NOT NULL,
  `billing_suburb` varchar(32) DEFAULT NULL,
  `billing_city` varchar(32) NOT NULL,
  `billing_postcode` varchar(10) NOT NULL,
  `billing_state` varchar(32) DEFAULT NULL,
  `billing_zone_id` int(11) NOT NULL,
  `billing_state_code` varchar(32) DEFAULT NULL,
  `billing_country_id` int(11) NOT NULL,
  `billing_country` varchar(64) NOT NULL,
  `billing_country_iso2` char(2) NOT NULL,
  `billing_country_iso3` char(3) NOT NULL,
  `billing_address_format` varchar(255) NOT NULL,
  `billing_telephone` varchar(32) NOT NULL,
  `payment_method` varchar(255) NOT NULL,
  `payment_module` varchar(255) NOT NULL,
  `uses_store_credit` tinyint(1) NOT NULL,
  `store_credit_amount` decimal(15,4) NOT NULL,
  `last_modified` datetime DEFAULT NULL,
  `date_purchased` datetime DEFAULT NULL,
  `orders_status` int(5) NOT NULL,
  `customers_comment` text,
  `admin_comment` text,
  `orders_date_finished` datetime DEFAULT NULL,
  `currency` char(3) DEFAULT NULL,
  `currency_value` decimal(14,6) DEFAULT NULL,
  `invoice_date` datetime DEFAULT NULL,
  `tracking_no` varchar(64) DEFAULT NULL,
  `gift_wrapping` tinyint(1) NOT NULL,
  `wrapping_message` text NOT NULL,
  PRIMARY KEY (`orders_id`)
) ENGINE=MyISAM AUTO_INCREMENT=313 DEFAULT CHARSET=utf8;
/*!40101 SET character_set_client = @saved_cs_client */;

--
-- Dumping data for table `toc_orders`
--

LOCK TABLES `toc_orders` WRITE;
/*!40000 ALTER TABLE `toc_orders` DISABLE KEYS */;
INSERT INTO `toc_orders` VALUES (3,NULL,1,'John Test','','','','','','','','','','','','adrien.tn10@gmail.com','','127.0.0.1','John Test','','10 boulevard de strasbourg','','Paris','75010','Paris',1142,'75',73,'France','FR','FRA',':name\n:street_address\n:postcode :city\n:country','0606060606','John Test','','10 boulevard de strasbourg','','Paris','75010','Paris',1142,'75',73,'France','FR','FRA',':name\n:street_address\n:postcode :city\n:country','0606060606','PayPal Website Payments Standard','paypal_standard',0,0.0000,NULL,'2015-09-07 10:28:30',2,'',NULL,NULL,'USD',1.000000,NULL,NULL,0,''),(4,NULL,1,'John Test','','','','','','','','','','','','adrien.tn10@gmail.com','','127.0.0.1','John Test','','10 boulevard de strasbourg','','Paris','75010','Paris',1142,'75',73,'France','FR','FRA',':name\n:street_address\n:postcode :city\n:country','0606060606','John Test','','10 boulevard de strasbourg','','Paris','75010','Paris',1142,'75',73,'France','FR','FRA',':name\n:street_address\n:postcode :city\n:country','0606060606','PayPal Website Payments Standard','paypal_standard',0,0.0000,NULL,'2015-09-07 10:38:28',2,'',NULL,NULL,'USD',1.000000,NULL,NULL,0,''),(6,NULL,2,'Adrien Test','','','','','','','','','','','','toto@toto.to','','127.0.0.1','Adrien Test','','10 Boulevard de Strasbourg','','Paris','75010','Paris',1142,'75',73,'France','FR','FRA',':name\n:street_address\n:postcode :city\n:country','0606060606','Adrien Test','','10 Boulevard de Strasbourg','','Paris','75010','Paris',1142,'75',73,'France','FR','FRA',':name\n:street_address\n:postcode :city\n:country','0606060606','PayPal Website Payments Standard','paypal_standard',0,0.0000,NULL,'2015-09-08 12:30:58',2,'',NULL,NULL,'USD',1.000000,NULL,NULL,0,''),(7,NULL,3,'Alice Victim','','','','','','','','','','','','alice@victim.com','','127.0.0.1','Alice Victim','','10 Boulevard de Strasbourg','','Paris','75010','Paris',1142,'75',73,'France','FR','FRA',':name\n:street_address\n:postcode :city\n:country','04040404','Alice Victim','','10 Boulevard de Strasbourg','','Paris','75010','Paris',1142,'75',73,'France','FR','FRA',':name\n:street_address\n:postcode :city\n:country','04040404','PayPal Website Payments Standard','paypal_standard',0,0.0000,NULL,'2015-09-08 13:05:04',3,'',NULL,NULL,'USD',1.000000,NULL,NULL,0,''),(8,NULL,3,'Alice Victim','','','','','','','','','','','','alice@victim.com','','127.0.0.1','Alice Victim','','10 Boulevard de Strasbourg','','Paris','75010','Paris',1142,'75',73,'France','FR','FRA',':name\n:street_address\n:postcode :city\n:country','04040404','Alice Victim','','10 Boulevard de Strasbourg','','Paris','75010','Paris',1142,'75',73,'France','FR','FRA',':name\n:street_address\n:postcode :city\n:country','04040404','PayPal Express (including Credit Cards and Debit Cards)','paypal_express',0,0.0000,NULL,'2015-09-09 09:17:50',5,'',NULL,NULL,'USD',1.000000,NULL,NULL,0,''),(9,NULL,3,'Alice Victim','','','','','','','','','','','','alice@victim.com','','127.0.0.1','Alice Victim','','10 Boulevard de Strasbourg','','Paris','75010','Paris',1142,'75',73,'France','FR','FRA',':name\n:street_address\n:postcode :city\n:country','04040404','Alice Victim','','10 Boulevard de Strasbourg','','Paris','75010','Paris',1142,'75',73,'France','FR','FRA',':name\n:street_address\n:postcode :city\n:country','04040404','PayPal Express (including Credit Cards and Debit Cards)','paypal_express',0,0.0000,NULL,'2015-09-09 15:01:06',5,'',NULL,NULL,'USD',1.000000,NULL,NULL,0,''),(10,NULL,3,'Alice Victim','','','','','','','','','','','','alice@victim.com','','127.0.0.1','Alice Victim','','10 Boulevard de Strasbourg','','Paris','75010','Paris',1142,'75',73,'France','FR','FRA',':name\n:street_address\n:postcode :city\n:country','04040404','Alice Victim','','10 Boulevard de Strasbourg','','Paris','75010','Paris',1142,'75',73,'France','FR','FRA',':name\n:street_address\n:postcode :city\n:country','04040404','PayPal Express (including Credit Cards and Debit Cards)','paypal_express',0,0.0000,NULL,'2015-09-09 15:07:55',5,'',NULL,NULL,'USD',1.000000,NULL,NULL,0,''),(11,NULL,3,'Alice Victim','','','','','','','','','','','','alice@victim.com','','127.0.0.1','Alice Victim','','10 Boulevard de Strasbourg','','Paris','75010','Paris',1142,'75',73,'France','FR','FRA',':name\n:street_address\n:postcode :city\n:country','04040404','Alice Victim','','10 Boulevard de Strasbourg','','Paris','75010','Paris',1142,'75',73,'France','FR','FRA',':name\n:street_address\n:postcode :city\n:country','04040404','PayPal Express (including Credit Cards and Debit Cards)','paypal_express',0,0.0000,NULL,'2015-09-09 15:14:04',5,'',NULL,NULL,'USD',1.000000,NULL,NULL,0,''),(12,NULL,3,'Alice Victim','','','','','','','','','','','','alice@victim.com','','127.0.0.1','Alice Victim','','10 Boulevard de Strasbourg','','Paris','75010','Paris',1142,'75',73,'France','FR','FRA',':name\n:street_address\n:postcode :city\n:country','04040404','Alice Victim','','10 Boulevard de Strasbourg','','Paris','75010','Paris',1142,'75',73,'France','FR','FRA',':name\n:street_address\n:postcode :city\n:country','04040404','PayPal Express (including Credit Cards and Debit Cards)','paypal_express',0,0.0000,NULL,'2015-09-09 15:15:57',5,'',NULL,NULL,'USD',1.000000,NULL,NULL,0,''),(13,NULL,3,'Alice Victim','','','','','','','','','','','','alice@victim.com','','127.0.0.1','Alice Victim','','10 Boulevard de Strasbourg','','Paris','75010','Paris',1142,'75',73,'France','FR','FRA',':name\n:street_address\n:postcode :city\n:country','04040404','Alice Victim','','10 Boulevard de Strasbourg','','Paris','75010','Paris',1142,'75',73,'France','FR','FRA',':name\n:street_address\n:postcode :city\n:country','04040404','PayPal Express (including Credit Cards and Debit Cards)','paypal_express',0,0.0000,NULL,'2015-09-09 16:20:47',5,'',NULL,NULL,'USD',1.000000,NULL,NULL,0,''),(14,NULL,3,'Alice Victim','','','','','','','','','','','','alice@victim.com','','127.0.0.1','Alice Victim','','10 Boulevard de Strasbourg','','Paris','75010','Paris',1142,'75',73,'France','FR','FRA',':name\n:street_address\n:postcode :city\n:country','04040404','Alice Victim','','10 Boulevard de Strasbourg','','Paris','75010','Paris',1142,'75',73,'France','FR','FRA',':name\n:street_address\n:postcode :city\n:country','04040404','PayPal Express (including Credit Cards and Debit Cards)','paypal_express',0,0.0000,NULL,'2015-09-09 16:26:46',5,'',NULL,NULL,'USD',1.000000,NULL,NULL,0,''),(15,NULL,3,'Alice Victim','','','','','','','','','','','','alice@victim.com','','127.0.0.1','Alice Victim','','10 Boulevard de Strasbourg','','Paris','75010','Paris',1142,'75',73,'France','FR','FRA',':name\n:street_address\n:postcode :city\n:country','04040404','Alice Victim','','10 Boulevard de Strasbourg','','Paris','75010','Paris',1142,'75',73,'France','FR','FRA',':name\n:street_address\n:postcode :city\n:country','04040404','PayPal Express (including Credit Cards and Debit Cards)','paypal_express',0,0.0000,NULL,'2015-09-09 17:01:09',5,'',NULL,NULL,'USD',1.000000,NULL,NULL,0,''),(16,NULL,3,'Alice Victim','','','','','','','','','','','','alice@victim.com','','127.0.0.1','Alice Victim','','10 Boulevard de Strasbourg','','Paris','75010','Paris',1142,'75',73,'France','FR','FRA',':name\n:street_address\n:postcode :city\n:country','04040404','Alice Victim','','10 Boulevard de Strasbourg','','Paris','75010','Paris',1142,'75',73,'France','FR','FRA',':name\n:street_address\n:postcode :city\n:country','04040404','PayPal Express (including Credit Cards and Debit Cards)','paypal_express',0,0.0000,NULL,'2015-09-09 17:02:36',5,'',NULL,NULL,'USD',1.000000,NULL,NULL,0,''),(17,NULL,3,'Alice Victim','','','','','','','','','','','','alice@victim.com','','127.0.0.1','Alice Victim','','10 Boulevard de Strasbourg','','Paris','75010','Paris',1142,'75',73,'France','FR','FRA',':name\n:street_address\n:postcode :city\n:country','04040404','Alice Victim','','10 Boulevard de Strasbourg','','Paris','75010','Paris',1142,'75',73,'France','FR','FRA',':name\n:street_address\n:postcode :city\n:country','04040404','PayPal Express (including Credit Cards and Debit Cards)','paypal_express',0,0.0000,NULL,'2015-09-09 17:03:46',5,'',NULL,NULL,'USD',1.000000,NULL,NULL,0,''),(18,NULL,3,'Alice Victim','','','','','','','','','','','','alice@victim.com','','127.0.0.1','Alice Victim','','10 Boulevard de Strasbourg','','Paris','75010','Paris',1142,'75',73,'France','FR','FRA',':name\n:street_address\n:postcode :city\n:country','04040404','Alice Victim','','10 Boulevard de Strasbourg','','Paris','75010','Paris',1142,'75',73,'France','FR','FRA',':name\n:street_address\n:postcode :city\n:country','04040404','PayPal Express (including Credit Cards and Debit Cards)','paypal_express',0,0.0000,NULL,'2015-09-09 17:06:21',5,'',NULL,NULL,'USD',1.000000,NULL,NULL,0,''),(19,NULL,3,'Alice Victim','','','','','','','','','','','','alice@victim.com','','127.0.0.1','Alice Victim','','10 Boulevard de Strasbourg','','Paris','75010','Paris',1142,'75',73,'France','FR','FRA',':name\n:street_address\n:postcode :city\n:country','04040404','Alice Victim','','10 Boulevard de Strasbourg','','Paris','75010','Paris',1142,'75',73,'France','FR','FRA',':name\n:street_address\n:postcode :city\n:country','04040404','PayPal Express (including Credit Cards and Debit Cards)','paypal_express',0,0.0000,NULL,'2015-09-09 17:08:47',5,'',NULL,NULL,'USD',1.000000,NULL,NULL,0,''),(20,NULL,3,'Alice Victim','','','','','','','','','','','','alice@victim.com','','127.0.0.1','Alice Victim','','10 Boulevard de Strasbourg','','Paris','75010','Paris',1142,'75',73,'France','FR','FRA',':name\n:street_address\n:postcode :city\n:country','04040404','Alice Victim','','10 Boulevard de Strasbourg','','Paris','75010','Paris',1142,'75',73,'France','FR','FRA',':name\n:street_address\n:postcode :city\n:country','04040404','PayPal Express (including Credit Cards and Debit Cards)','paypal_express',0,0.0000,NULL,'2015-09-09 17:11:19',5,'',NULL,NULL,'USD',1.000000,NULL,NULL,0,''),(21,NULL,3,'Alice Victim','','','','','','','','','','','','alice@victim.com','','127.0.0.1','Alice Victim','','10 Boulevard de Strasbourg','','Paris','75010','Paris',1142,'75',73,'France','FR','FRA',':name\n:street_address\n:postcode :city\n:country','04040404','Alice Victim','','10 Boulevard de Strasbourg','','Paris','75010','Paris',1142,'75',73,'France','FR','FRA',':name\n:street_address\n:postcode :city\n:country','04040404','PayPal Express (including Credit Cards and Debit Cards)','paypal_express',0,0.0000,NULL,'2015-09-09 17:13:43',5,'',NULL,NULL,'USD',1.000000,NULL,NULL,0,''),(22,NULL,3,'Alice Victim','','','','','','','','','','','','alice@victim.com','','127.0.0.1','Alice Victim','','10 Boulevard de Strasbourg','','Paris','75010','Paris',1142,'75',73,'France','FR','FRA',':name\n:street_address\n:postcode :city\n:country','04040404','Alice Victim','','10 Boulevard de Strasbourg','','Paris','75010','Paris',1142,'75',73,'France','FR','FRA',':name\n:street_address\n:postcode :city\n:country','04040404','PayPal Express (including Credit Cards and Debit Cards)','paypal_express',0,0.0000,NULL,'2015-09-09 17:16:07',5,'',NULL,NULL,'USD',1.000000,NULL,NULL,0,''),(23,NULL,3,'Alice Victim','','','','','','','','','','','','alice@victim.com','','127.0.0.1','Alice Victim','','10 Boulevard de Strasbourg','','Paris','75010','Paris',1142,'75',73,'France','FR','FRA',':name\n:street_address\n:postcode :city\n:country','04040404','Alice Victim','','10 Boulevard de Strasbourg','','Paris','75010','Paris',1142,'75',73,'France','FR','FRA',':name\n:street_address\n:postcode :city\n:country','04040404','PayPal Express (including Credit Cards and Debit Cards)','paypal_express',0,0.0000,NULL,'2015-09-09 17:18:37',5,'',NULL,NULL,'USD',1.000000,NULL,NULL,0,''),(24,NULL,3,'Alice Victim','','','','','','','','','','','','alice@victim.com','','127.0.0.1','Alice Victim','','10 Boulevard de Strasbourg','','Paris','75010','Paris',1142,'75',73,'France','FR','FRA',':name\n:street_address\n:postcode :city\n:country','04040404','Alice Victim','','10 Boulevard de Strasbourg','','Paris','75010','Paris',1142,'75',73,'France','FR','FRA',':name\n:street_address\n:postcode :city\n:country','04040404','PayPal Express (including Credit Cards and Debit Cards)','paypal_express',0,0.0000,NULL,'2015-09-09 17:21:00',5,'',NULL,NULL,'USD',1.000000,NULL,NULL,0,''),(25,NULL,3,'Alice Victim','','','','','','','','','','','','alice@victim.com','','127.0.0.1','Alice Victim','','10 Boulevard de Strasbourg','','Paris','75010','Paris',1142,'75',73,'France','FR','FRA',':name\n:street_address\n:postcode :city\n:country','04040404','Alice Victim','','10 Boulevard de Strasbourg','','Paris','75010','Paris',1142,'75',73,'France','FR','FRA',':name\n:street_address\n:postcode :city\n:country','04040404','PayPal Express (including Credit Cards and Debit Cards)','paypal_express',0,0.0000,NULL,'2015-09-09 17:23:20',5,'',NULL,NULL,'USD',1.000000,NULL,NULL,0,''),(26,NULL,3,'Alice Victim','','','','','','','','','','','','alice@victim.com','','127.0.0.1','Alice Victim','','10 Boulevard de Strasbourg','','Paris','75010','Paris',1142,'75',73,'France','FR','FRA',':name\n:street_address\n:postcode :city\n:country','04040404','Alice Victim','','10 Boulevard de Strasbourg','','Paris','75010','Paris',1142,'75',73,'France','FR','FRA',':name\n:street_address\n:postcode :city\n:country','04040404','PayPal Express (including Credit Cards and Debit Cards)','paypal_express',0,0.0000,NULL,'2015-09-09 17:25:39',5,'',NULL,NULL,'USD',1.000000,NULL,NULL,0,''),(27,NULL,3,'Alice Victim','','','','','','','','','','','','alice@victim.com','','127.0.0.1','Alice Victim','','10 Boulevard de Strasbourg','','Paris','75010','Paris',1142,'75',73,'France','FR','FRA',':name\n:street_address\n:postcode :city\n:country','04040404','Alice Victim','','10 Boulevard de Strasbourg','','Paris','75010','Paris',1142,'75',73,'France','FR','FRA',':name\n:street_address\n:postcode :city\n:country','04040404','PayPal Express (including Credit Cards and Debit Cards)','paypal_express',0,0.0000,NULL,'2015-09-09 17:28:17',5,'',NULL,NULL,'USD',1.000000,NULL,NULL,0,''),(28,NULL,3,'Alice Victim','','','','','','','','','','','','alice@victim.com','','127.0.0.1','Alice Victim','','10 Boulevard de Strasbourg','','Paris','75010','Paris',1142,'75',73,'France','FR','FRA',':name\n:street_address\n:postcode :city\n:country','04040404','Alice Victim','','10 Boulevard de Strasbourg','','Paris','75010','Paris',1142,'75',73,'France','FR','FRA',':name\n:street_address\n:postcode :city\n:country','04040404','PayPal Express (including Credit Cards and Debit Cards)','paypal_express',0,0.0000,NULL,'2015-09-09 17:31:41',5,'',NULL,NULL,'USD',1.000000,NULL,NULL,0,''),(29,NULL,3,'Alice Victim','','','','','','','','','','','','alice@victim.com','','127.0.0.1','Alice Victim','','10 Boulevard de Strasbourg','','Paris','75010','Paris',1142,'75',73,'France','FR','FRA',':name\n:street_address\n:postcode :city\n:country','04040404','Alice Victim','','10 Boulevard de Strasbourg','','Paris','75010','Paris',1142,'75',73,'France','FR','FRA',':name\n:street_address\n:postcode :city\n:country','04040404','PayPal Express (including Credit Cards and Debit Cards)','paypal_express',0,0.0000,NULL,'2015-09-09 17:33:18',5,'',NULL,NULL,'USD',1.000000,NULL,NULL,0,''),(30,NULL,3,'Alice Victim','','','','','','','','','','','','alice@victim.com','','127.0.0.1','Alice Victim','','10 Boulevard de Strasbourg','','Paris','75010','Paris',1142,'75',73,'France','FR','FRA',':name\n:street_address\n:postcode :city\n:country','04040404','Alice Victim','','10 Boulevard de Strasbourg','','Paris','75010','Paris',1142,'75',73,'France','FR','FRA',':name\n:street_address\n:postcode :city\n:country','04040404','PayPal Express (including Credit Cards and Debit Cards)','paypal_express',0,0.0000,NULL,'2015-09-09 17:34:27',5,'',NULL,NULL,'USD',1.000000,NULL,NULL,0,''),(31,NULL,3,'Alice Victim','','','','','','','','','','','','alice@victim.com','','127.0.0.1','Alice Victim','','10 Boulevard de Strasbourg','','Paris','75010','Paris',1142,'75',73,'France','FR','FRA',':name\n:street_address\n:postcode :city\n:country','04040404','Alice Victim','','10 Boulevard de Strasbourg','','Paris','75010','Paris',1142,'75',73,'France','FR','FRA',':name\n:street_address\n:postcode :city\n:country','04040404','PayPal Express (including Credit Cards and Debit Cards)','paypal_express',0,0.0000,NULL,'2015-09-09 17:35:43',5,'',NULL,NULL,'USD',1.000000,NULL,NULL,0,''),(32,NULL,3,'Alice Victim','','','','','','','','','','','','alice@victim.com','','127.0.0.1','Alice Victim','','10 Boulevard de Strasbourg','','Paris','75010','Paris',1142,'75',73,'France','FR','FRA',':name\n:street_address\n:postcode :city\n:country','04040404','Alice Victim','','10 Boulevard de Strasbourg','','Paris','75010','Paris',1142,'75',73,'France','FR','FRA',':name\n:street_address\n:postcode :city\n:country','04040404','PayPal Express (including Credit Cards and Debit Cards)','paypal_express',0,0.0000,NULL,'2015-09-10 09:05:14',5,'',NULL,NULL,'USD',1.000000,NULL,NULL,0,''),(33,NULL,3,'Alice Victim','','','','','','','','','','','','alice@victim.com','','127.0.0.1','Alice Victim','','10 Boulevard de Strasbourg','','Paris','75010','Paris',1142,'75',73,'France','FR','FRA',':name\n:street_address\n:postcode :city\n:country','04040404','Alice Victim','','10 Boulevard de Strasbourg','','Paris','75010','Paris',1142,'75',73,'France','FR','FRA',':name\n:street_address\n:postcode :city\n:country','04040404','PayPal Express (including Credit Cards and Debit Cards)','paypal_express',0,0.0000,NULL,'2015-09-10 09:06:23',5,'',NULL,NULL,'USD',1.000000,NULL,NULL,0,''),(34,NULL,3,'Alice Victim','','','','','','','','','','','','alice@victim.com','','127.0.0.1','Alice Victim','','10 Boulevard de Strasbourg','','Paris','75010','Paris',1142,'75',73,'France','FR','FRA',':name\n:street_address\n:postcode :city\n:country','04040404','Alice Victim','','10 Boulevard de Strasbourg','','Paris','75010','Paris',1142,'75',73,'France','FR','FRA',':name\n:street_address\n:postcode :city\n:country','04040404','PayPal Express (including Credit Cards and Debit Cards)','paypal_express',0,0.0000,NULL,'2015-09-10 09:07:26',5,'',NULL,NULL,'USD',1.000000,NULL,NULL,0,''),(35,NULL,3,'Alice Victim','','','','','','','','','','','','alice@victim.com','','127.0.0.1','Alice Victim','','10 Boulevard de Strasbourg','','Paris','75010','Paris',1142,'75',73,'France','FR','FRA',':name\n:street_address\n:postcode :city\n:country','04040404','Alice Victim','','10 Boulevard de Strasbourg','','Paris','75010','Paris',1142,'75',73,'France','FR','FRA',':name\n:street_address\n:postcode :city\n:country','04040404','PayPal Express (including Credit Cards and Debit Cards)','paypal_express',0,0.0000,NULL,'2015-09-10 09:08:29',5,'',NULL,NULL,'USD',1.000000,NULL,NULL,0,''),(36,NULL,3,'Alice Victim','','','','','','','','','','','','alice@victim.com','','127.0.0.1','Alice Victim','','10 Boulevard de Strasbourg','','Paris','75010','Paris',1142,'75',73,'France','FR','FRA',':name\n:street_address\n:postcode :city\n:country','04040404','Alice Victim','','10 Boulevard de Strasbourg','','Paris','75010','Paris',1142,'75',73,'France','FR','FRA',':name\n:street_address\n:postcode :city\n:country','04040404','PayPal Express (including Credit Cards and Debit Cards)','paypal_express',0,0.0000,NULL,'2015-09-10 09:13:07',5,'',NULL,NULL,'USD',1.000000,NULL,NULL,0,''),(37,NULL,3,'Alice Victim','','','','','','','','','','','','alice@victim.com','','127.0.0.1','Alice Victim','','10 Boulevard de Strasbourg','','Paris','75010','Paris',1142,'75',73,'France','FR','FRA',':name\n:street_address\n:postcode :city\n:country','04040404','Alice Victim','','10 Boulevard de Strasbourg','','Paris','75010','Paris',1142,'75',73,'France','FR','FRA',':name\n:street_address\n:postcode :city\n:country','04040404','PayPal Express (including Credit Cards and Debit Cards)','paypal_express',0,0.0000,NULL,'2015-09-10 09:14:13',5,'',NULL,NULL,'USD',1.000000,NULL,NULL,0,''),(38,NULL,3,'Alice Victim','','','','','','','','','','','','alice@victim.com','','127.0.0.1','Alice Victim','','10 Boulevard de Strasbourg','','Paris','75010','Paris',1142,'75',73,'France','FR','FRA',':name\n:street_address\n:postcode :city\n:country','04040404','Alice Victim','','10 Boulevard de Strasbourg','','Paris','75010','Paris',1142,'75',73,'France','FR','FRA',':name\n:street_address\n:postcode :city\n:country','04040404','PayPal Express (including Credit Cards and Debit Cards)','paypal_express',0,0.0000,NULL,'2015-09-10 09:15:19',5,'',NULL,NULL,'USD',1.000000,NULL,NULL,0,''),(39,NULL,3,'Alice Victim','','','','','','','','','','','','alice@victim.com','','127.0.0.1','Alice Victim','','10 Boulevard de Strasbourg','','Paris','75010','Paris',1142,'75',73,'France','FR','FRA',':name\n:street_address\n:postcode :city\n:country','04040404','Alice Victim','','10 Boulevard de Strasbourg','','Paris','75010','Paris',1142,'75',73,'France','FR','FRA',':name\n:street_address\n:postcode :city\n:country','04040404','PayPal Express (including Credit Cards and Debit Cards)','paypal_express',0,0.0000,NULL,'2015-09-10 09:16:26',5,'',NULL,NULL,'USD',1.000000,NULL,NULL,0,''),(40,NULL,3,'Alice Victim','','','','','','','','','','','','alice@victim.com','','127.0.0.1','Alice Victim','','10 Boulevard de Strasbourg','','Paris','75010','Paris',1142,'75',73,'France','FR','FRA',':name\n:street_address\n:postcode :city\n:country','04040404','Alice Victim','','10 Boulevard de Strasbourg','','Paris','75010','Paris',1142,'75',73,'France','FR','FRA',':name\n:street_address\n:postcode :city\n:country','04040404','PayPal Express (including Credit Cards and Debit Cards)','paypal_express',0,0.0000,NULL,'2015-09-10 09:17:33',5,'',NULL,NULL,'USD',1.000000,NULL,NULL,0,''),(41,NULL,3,'Alice Victim','','','','','','','','','','','','alice@victim.com','','127.0.0.1','Alice Victim','','10 Boulevard de Strasbourg','','Paris','75010','Paris',1142,'75',73,'France','FR','FRA',':name\n:street_address\n:postcode :city\n:country','04040404','Alice Victim','','10 Boulevard de Strasbourg','','Paris','75010','Paris',1142,'75',73,'France','FR','FRA',':name\n:street_address\n:postcode :city\n:country','04040404','PayPal Express (including Credit Cards and Debit Cards)','paypal_express',0,0.0000,NULL,'2015-09-10 09:18:40',5,'',NULL,NULL,'USD',1.000000,NULL,NULL,0,''),(42,NULL,3,'Alice Victim','','','','','','','','','','','','alice@victim.com','','127.0.0.1','Alice Victim','','10 Boulevard de Strasbourg','','Paris','75010','Paris',1142,'75',73,'France','FR','FRA',':name\n:street_address\n:postcode :city\n:country','04040404','Alice Victim','','10 Boulevard de Strasbourg','','Paris','75010','Paris',1142,'75',73,'France','FR','FRA',':name\n:street_address\n:postcode :city\n:country','04040404','PayPal Express (including Credit Cards and Debit Cards)','paypal_express',0,0.0000,NULL,'2015-09-10 09:19:47',5,'',NULL,NULL,'USD',1.000000,NULL,NULL,0,''),(43,NULL,3,'Alice Victim','','','','','','','','','','','','alice@victim.com','','127.0.0.1','Alice Victim','','10 Boulevard de Strasbourg','','Paris','75010','Paris',1142,'75',73,'France','FR','FRA',':name\n:street_address\n:postcode :city\n:country','04040404','Alice Victim','','10 Boulevard de Strasbourg','','Paris','75010','Paris',1142,'75',73,'France','FR','FRA',':name\n:street_address\n:postcode :city\n:country','04040404','PayPal Express (including Credit Cards and Debit Cards)','paypal_express',0,0.0000,NULL,'2015-09-10 11:59:51',5,'',NULL,NULL,'USD',1.000000,NULL,NULL,0,''),(44,NULL,3,'Alice Victim','','','','','','','','','','','','alice@victim.com','','127.0.0.1','Alice Victim','','10 Boulevard de Strasbourg','','Paris','75010','Paris',1142,'75',73,'France','FR','FRA',':name\n:street_address\n:postcode :city\n:country','04040404','Alice Victim','','10 Boulevard de Strasbourg','','Paris','75010','Paris',1142,'75',73,'France','FR','FRA',':name\n:street_address\n:postcode :city\n:country','04040404','PayPal Express (including Credit Cards and Debit Cards)','paypal_express',0,0.0000,NULL,'2015-09-10 12:15:20',5,'',NULL,NULL,'USD',1.000000,NULL,NULL,0,''),(45,NULL,3,'Alice Victim','','','','','','','','','','','','alice@victim.com','','127.0.0.1','Alice Victim','','10 Boulevard de Strasbourg','','Paris','75010','Paris',1142,'75',73,'France','FR','FRA',':name\n:street_address\n:postcode :city\n:country','04040404','Alice Victim','','10 Boulevard de Strasbourg','','Paris','75010','Paris',1142,'75',73,'France','FR','FRA',':name\n:street_address\n:postcode :city\n:country','04040404','PayPal Express (including Credit Cards and Debit Cards)','paypal_express',0,0.0000,NULL,'2015-09-10 12:16:30',5,'',NULL,NULL,'USD',1.000000,NULL,NULL,0,''),(46,NULL,3,'Alice Victim','','','','','','','','','','','','alice@victim.com','','127.0.0.1','Alice Victim','','10 Boulevard de Strasbourg','','Paris','75010','Paris',1142,'75',73,'France','FR','FRA',':name\n:street_address\n:postcode :city\n:country','04040404','Alice Victim','','10 Boulevard de Strasbourg','','Paris','75010','Paris',1142,'75',73,'France','FR','FRA',':name\n:street_address\n:postcode :city\n:country','04040404','PayPal Express (including Credit Cards and Debit Cards)','paypal_express',0,0.0000,NULL,'2015-09-10 12:17:38',5,'',NULL,NULL,'USD',1.000000,NULL,NULL,0,''),(47,NULL,3,'Alice Victim','','','','','','','','','','','','alice@victim.com','','127.0.0.1','Alice Victim','','10 Boulevard de Strasbourg','','Paris','75010','Paris',1142,'75',73,'France','FR','FRA',':name\n:street_address\n:postcode :city\n:country','04040404','Alice Victim','','10 Boulevard de Strasbourg','','Paris','75010','Paris',1142,'75',73,'France','FR','FRA',':name\n:street_address\n:postcode :city\n:country','04040404','PayPal Express (including Credit Cards and Debit Cards)','paypal_express',0,0.0000,NULL,'2015-09-10 12:18:41',5,'',NULL,NULL,'USD',1.000000,NULL,NULL,0,''),(48,NULL,3,'Alice Victim','','','','','','','','','','','','alice@victim.com','','127.0.0.1','Alice Victim','','10 Boulevard de Strasbourg','','Paris','75010','Paris',1142,'75',73,'France','FR','FRA',':name\n:street_address\n:postcode :city\n:country','04040404','Alice Victim','','10 Boulevard de Strasbourg','','Paris','75010','Paris',1142,'75',73,'France','FR','FRA',':name\n:street_address\n:postcode :city\n:country','04040404','PayPal Express (including Credit Cards and Debit Cards)','paypal_express',0,0.0000,NULL,'2015-09-10 15:01:36',5,'',NULL,NULL,'USD',1.000000,NULL,NULL,0,''),(49,NULL,3,'Alice Victim','','','','','','','','','','','','alice@victim.com','','127.0.0.1','Alice Victim','','10 Boulevard de Strasbourg','','Paris','75010','Paris',1142,'75',73,'France','FR','FRA',':name\n:street_address\n:postcode :city\n:country','04040404','Alice Victim','','10 Boulevard de Strasbourg','','Paris','75010','Paris',1142,'75',73,'France','FR','FRA',':name\n:street_address\n:postcode :city\n:country','04040404','PayPal Express (including Credit Cards and Debit Cards)','paypal_express',0,0.0000,NULL,'2015-09-10 15:05:17',5,'',NULL,NULL,'USD',1.000000,NULL,NULL,0,''),(50,NULL,3,'Alice Victim','','','','','','','','','','','','alice@victim.com','','127.0.0.1','Alice Victim','','10 Boulevard de Strasbourg','','Paris','75010','Paris',1142,'75',73,'France','FR','FRA',':name\n:street_address\n:postcode :city\n:country','04040404','Alice Victim','','10 Boulevard de Strasbourg','','Paris','75010','Paris',1142,'75',73,'France','FR','FRA',':name\n:street_address\n:postcode :city\n:country','04040404','PayPal Express (including Credit Cards and Debit Cards)','paypal_express',0,0.0000,NULL,'2015-09-10 15:07:18',5,'',NULL,NULL,'USD',1.000000,NULL,NULL,0,''),(51,NULL,3,'Alice Victim','','','','','','','','','','','','alice@victim.com','','127.0.0.1','Alice Victim','','10 Boulevard de Strasbourg','','Paris','75010','Paris',1142,'75',73,'France','FR','FRA',':name\n:street_address\n:postcode :city\n:country','04040404','Alice Victim','','10 Boulevard de Strasbourg','','Paris','75010','Paris',1142,'75',73,'France','FR','FRA',':name\n:street_address\n:postcode :city\n:country','04040404','PayPal Express (including Credit Cards and Debit Cards)','paypal_express',0,0.0000,NULL,'2015-09-10 15:08:47',5,'',NULL,NULL,'USD',1.000000,NULL,NULL,0,''),(52,NULL,3,'Alice Victim','','','','','','','','','','','','alice@victim.com','','127.0.0.1','Alice Victim','','10 Boulevard de Strasbourg','','Paris','75010','Paris',1142,'75',73,'France','FR','FRA',':name\n:street_address\n:postcode :city\n:country','04040404','Alice Victim','','10 Boulevard de Strasbourg','','Paris','75010','Paris',1142,'75',73,'France','FR','FRA',':name\n:street_address\n:postcode :city\n:country','04040404','PayPal Express (including Credit Cards and Debit Cards)','paypal_express',0,0.0000,NULL,'2015-09-10 15:10:17',5,'',NULL,NULL,'USD',1.000000,NULL,NULL,0,''),(53,NULL,3,'Alice Victim','','','','','','','','','','','','alice@victim.com','','127.0.0.1','Alice Victim','','10 Boulevard de Strasbourg','','Paris','75010','Paris',1142,'75',73,'France','FR','FRA',':name\n:street_address\n:postcode :city\n:country','04040404','Alice Victim','','10 Boulevard de Strasbourg','','Paris','75010','Paris',1142,'75',73,'France','FR','FRA',':name\n:street_address\n:postcode :city\n:country','04040404','PayPal Express (including Credit Cards and Debit Cards)','paypal_express',0,0.0000,NULL,'2015-09-10 15:53:23',5,'',NULL,NULL,'USD',1.000000,NULL,NULL,0,''),(54,NULL,3,'Alice Victim','','','','','','','','','','','','alice@victim.com','','127.0.0.1','Alice Victim','','10 Boulevard de Strasbourg','','Paris','75010','Paris',1142,'75',73,'France','FR','FRA',':name\n:street_address\n:postcode :city\n:country','04040404','Alice Victim','','10 Boulevard de Strasbourg','','Paris','75010','Paris',1142,'75',73,'France','FR','FRA',':name\n:street_address\n:postcode :city\n:country','04040404','PayPal Express (including Credit Cards and Debit Cards)','paypal_express',0,0.0000,NULL,'2015-09-10 15:55:53',5,'',NULL,NULL,'USD',1.000000,NULL,NULL,0,''),(55,NULL,3,'Alice Victim','','','','','','','','','','','','alice@victim.com','','127.0.0.1','Alice Victim','','10 Boulevard de Strasbourg','','Paris','75010','Paris',1142,'75',73,'France','FR','FRA',':name\n:street_address\n:postcode :city\n:country','04040404','Alice Victim','','10 Boulevard de Strasbourg','','Paris','75010','Paris',1142,'75',73,'France','FR','FRA',':name\n:street_address\n:postcode :city\n:country','04040404','PayPal Express (including Credit Cards and Debit Cards)','paypal_express',0,0.0000,NULL,'2015-09-10 15:57:54',5,'',NULL,NULL,'USD',1.000000,NULL,NULL,0,''),(56,NULL,3,'Alice Victim','','','','','','','','','','','','alice@victim.com','','127.0.0.1','Alice Victim','','10 Boulevard de Strasbourg','','Paris','75010','Paris',1142,'75',73,'France','FR','FRA',':name\n:street_address\n:postcode :city\n:country','04040404','Alice Victim','','10 Boulevard de Strasbourg','','Paris','75010','Paris',1142,'75',73,'France','FR','FRA',':name\n:street_address\n:postcode :city\n:country','04040404','PayPal Express (including Credit Cards and Debit Cards)','paypal_express',0,0.0000,NULL,'2015-09-10 15:59:35',5,'',NULL,NULL,'USD',1.000000,NULL,NULL,0,''),(57,NULL,3,'Alice Victim','','','','','','','','','','','','alice@victim.com','','127.0.0.1','Alice Victim','','10 Boulevard de Strasbourg','','Paris','75010','Paris',1142,'75',73,'France','FR','FRA',':name\n:street_address\n:postcode :city\n:country','04040404','Alice Victim','','10 Boulevard de Strasbourg','','Paris','75010','Paris',1142,'75',73,'France','FR','FRA',':name\n:street_address\n:postcode :city\n:country','04040404','PayPal Express (including Credit Cards and Debit Cards)','paypal_express',0,0.0000,NULL,'2015-09-10 16:36:22',5,'',NULL,NULL,'USD',1.000000,NULL,NULL,0,''),(58,NULL,3,'Alice Victim','','','','','','','','','','','','alice@victim.com','','127.0.0.1','Alice Victim','','10 Boulevard de Strasbourg','','Paris','75010','Paris',1142,'75',73,'France','FR','FRA',':name\n:street_address\n:postcode :city\n:country','04040404','Alice Victim','','10 Boulevard de Strasbourg','','Paris','75010','Paris',1142,'75',73,'France','FR','FRA',':name\n:street_address\n:postcode :city\n:country','04040404','PayPal Express (including Credit Cards and Debit Cards)','paypal_express',0,0.0000,NULL,'2015-09-10 16:37:32',5,'',NULL,NULL,'USD',1.000000,NULL,NULL,0,''),(59,NULL,3,'Alice Victim','','','','','','','','','','','','alice@victim.com','','127.0.0.1','Alice Victim','','10 Boulevard de Strasbourg','','Paris','75010','Paris',1142,'75',73,'France','FR','FRA',':name\n:street_address\n:postcode :city\n:country','04040404','Alice Victim','','10 Boulevard de Strasbourg','','Paris','75010','Paris',1142,'75',73,'France','FR','FRA',':name\n:street_address\n:postcode :city\n:country','04040404','PayPal Express (including Credit Cards and Debit Cards)','paypal_express',0,0.0000,NULL,'2015-09-10 16:38:35',5,'',NULL,NULL,'USD',1.000000,NULL,NULL,0,''),(60,NULL,3,'Alice Victim','','','','','','','','','','','','alice@victim.com','','127.0.0.1','Alice Victim','','10 Boulevard de Strasbourg','','Paris','75010','Paris',1142,'75',73,'France','FR','FRA',':name\n:street_address\n:postcode :city\n:country','04040404','Alice Victim','','10 Boulevard de Strasbourg','','Paris','75010','Paris',1142,'75',73,'France','FR','FRA',':name\n:street_address\n:postcode :city\n:country','04040404','PayPal Express (including Credit Cards and Debit Cards)','paypal_express',0,0.0000,NULL,'2015-09-10 16:39:38',5,'',NULL,NULL,'USD',1.000000,NULL,NULL,0,''),(61,NULL,3,'Alice Victim','','','','','','','','','','','','alice@victim.com','','10.55.128.13','Alice Victim','','10 Boulevard de Strasbourg','','Paris','75010','Paris',1142,'75',73,'France','FR','FRA',':name\n:street_address\n:postcode :city\n:country','04040404','Alice Victim','','10 Boulevard de Strasbourg','','Paris','75010','Paris',1142,'75',73,'France','FR','FRA',':name\n:street_address\n:postcode :city\n:country','04040404','PayPal Express (including Credit Cards and Debit Cards)','paypal_express',0,0.0000,NULL,'2015-09-18 09:20:55',5,'',NULL,NULL,'USD',1.000000,NULL,NULL,0,''),(62,NULL,3,'Alice Victim','','','','','','','','','','','','alice@victim.com','','10.55.128.13','Alice Victim','','10 Boulevard de Strasbourg','','Paris','75010','Paris',1142,'75',73,'France','FR','FRA',':name\n:street_address\n:postcode :city\n:country','04040404','Alice Victim','','10 Boulevard de Strasbourg','','Paris','75010','Paris',1142,'75',73,'France','FR','FRA',':name\n:street_address\n:postcode :city\n:country','04040404','PayPal Express (including Credit Cards and Debit Cards)','paypal_express',0,0.0000,NULL,'2015-09-18 09:22:39',5,'',NULL,NULL,'USD',1.000000,NULL,NULL,0,''),(63,NULL,3,'Alice Victim','','','','','','','','','','','','alice@victim.com','','10.55.128.13','Alice Victim','','10 Boulevard de Strasbourg','','Paris','75010','Paris',1142,'75',73,'France','FR','FRA',':name\n:street_address\n:postcode :city\n:country','04040404','Alice Victim','','10 Boulevard de Strasbourg','','Paris','75010','Paris',1142,'75',73,'France','FR','FRA',':name\n:street_address\n:postcode :city\n:country','04040404','PayPal Express (including Credit Cards and Debit Cards)','paypal_express',0,0.0000,NULL,'2015-09-18 09:23:47',5,'',NULL,NULL,'USD',1.000000,NULL,NULL,0,''),(64,NULL,3,'Alice Victim','','','','','','','','','','','','alice@victim.com','','10.55.128.13','Alice Victim','','10 Boulevard de Strasbourg','','Paris','75010','Paris',1142,'75',73,'France','FR','FRA',':name\n:street_address\n:postcode :city\n:country','04040404','Alice Victim','','10 Boulevard de Strasbourg','','Paris','75010','Paris',1142,'75',73,'France','FR','FRA',':name\n:street_address\n:postcode :city\n:country','04040404','PayPal Express (including Credit Cards and Debit Cards)','paypal_express',0,0.0000,NULL,'2015-09-18 09:24:50',5,'',NULL,NULL,'USD',1.000000,NULL,NULL,0,''),(65,NULL,3,'Alice Victim','','','','','','','','','','','','alice@victim.com','','10.55.128.13','Alice Victim','','10 Boulevard de Strasbourg','','Paris','75010','Paris',1142,'75',73,'France','FR','FRA',':name\n:street_address\n:postcode :city\n:country','04040404','Alice Victim','','10 Boulevard de Strasbourg','','Paris','75010','Paris',1142,'75',73,'France','FR','FRA',':name\n:street_address\n:postcode :city\n:country','04040404','PayPal Express (including Credit Cards and Debit Cards)','paypal_express',0,0.0000,NULL,'2015-09-18 09:26:01',5,'',NULL,NULL,'USD',1.000000,NULL,NULL,0,''),(66,NULL,3,'Alice Victim','','','','','','','','','','','','alice@victim.com','','10.55.128.13','Alice Victim','','10 Boulevard de Strasbourg','','Paris','75010','Paris',1142,'75',73,'France','FR','FRA',':name\n:street_address\n:postcode :city\n:country','04040404','Alice Victim','','10 Boulevard de Strasbourg','','Paris','75010','Paris',1142,'75',73,'France','FR','FRA',':name\n:street_address\n:postcode :city\n:country','04040404','PayPal Express (including Credit Cards and Debit Cards)','paypal_express',0,0.0000,NULL,'2015-09-18 11:34:31',5,'',NULL,NULL,'USD',1.000000,NULL,NULL,0,''),(67,NULL,3,'Alice Victim','','','','','','','','','','','','alice@victim.com','','10.55.128.13','Alice Victim','','10 Boulevard de Strasbourg','','Paris','75010','Paris',1142,'75',73,'France','FR','FRA',':name\n:street_address\n:postcode :city\n:country','04040404','Alice Victim','','10 Boulevard de Strasbourg','','Paris','75010','Paris',1142,'75',73,'France','FR','FRA',':name\n:street_address\n:postcode :city\n:country','04040404','PayPal Express (including Credit Cards and Debit Cards)','paypal_express',0,0.0000,NULL,'2015-09-18 11:38:43',5,'',NULL,NULL,'USD',1.000000,NULL,NULL,0,''),(68,NULL,3,'Alice Victim','','','','','','','','','','','','alice@victim.com','','10.55.128.13','Alice Victim','','10 Boulevard de Strasbourg','','Paris','75010','Paris',1142,'75',73,'France','FR','FRA',':name\n:street_address\n:postcode :city\n:country','04040404','Alice Victim','','10 Boulevard de Strasbourg','','Paris','75010','Paris',1142,'75',73,'France','FR','FRA',':name\n:street_address\n:postcode :city\n:country','04040404','PayPal Express (including Credit Cards and Debit Cards)','paypal_express',0,0.0000,NULL,'2015-09-18 11:40:02',5,'',NULL,NULL,'USD',1.000000,NULL,NULL,0,''),(69,NULL,3,'Alice Victim','','','','','','','','','','','','alice@victim.com','','10.55.128.13','Alice Victim','','10 Boulevard de Strasbourg','','Paris','75010','Paris',1142,'75',73,'France','FR','FRA',':name\n:street_address\n:postcode :city\n:country','04040404','Alice Victim','','10 Boulevard de Strasbourg','','Paris','75010','Paris',1142,'75',73,'France','FR','FRA',':name\n:street_address\n:postcode :city\n:country','04040404','PayPal Express (including Credit Cards and Debit Cards)','paypal_express',0,0.0000,NULL,'2015-09-18 11:46:52',5,'',NULL,NULL,'USD',1.000000,NULL,NULL,0,''),(70,NULL,3,'Alice Victim','','','','','','','','','','','','alice@victim.com','','10.55.128.13','Alice Victim','','10 Boulevard de Strasbourg','','Paris','75010','Paris',1142,'75',73,'France','FR','FRA',':name\n:street_address\n:postcode :city\n:country','04040404','Alice Victim','','10 Boulevard de Strasbourg','','Paris','75010','Paris',1142,'75',73,'France','FR','FRA',':name\n:street_address\n:postcode :city\n:country','04040404','PayPal Express (including Credit Cards and Debit Cards)','paypal_express',0,0.0000,NULL,'2015-09-18 11:48:01',5,'',NULL,NULL,'USD',1.000000,NULL,NULL,0,''),(71,NULL,3,'Alice Victim','','','','','','','','','','','','alice@victim.com','','10.55.128.13','Alice Victim','','10 Boulevard de Strasbourg','','Paris','75010','Paris',1142,'75',73,'France','FR','FRA',':name\n:street_address\n:postcode :city\n:country','04040404','Alice Victim','','10 Boulevard de Strasbourg','','Paris','75010','Paris',1142,'75',73,'France','FR','FRA',':name\n:street_address\n:postcode :city\n:country','04040404','PayPal Express (including Credit Cards and Debit Cards)','paypal_express',0,0.0000,NULL,'2015-09-18 11:49:20',5,'',NULL,NULL,'USD',1.000000,NULL,NULL,0,''),(72,NULL,3,'Alice Victim','','','','','','','','','','','','alice@victim.com','','10.55.128.12','Alice Victim','','10 Boulevard de Strasbourg','','Paris','75010','Paris',1142,'75',73,'France','FR','FRA',':name\n:street_address\n:postcode :city\n:country','04040404','Alice Victim','','10 Boulevard de Strasbourg','','Paris','75010','Paris',1142,'75',73,'France','FR','FRA',':name\n:street_address\n:postcode :city\n:country','04040404','PayPal Express (including Credit Cards and Debit Cards)','paypal_express',0,0.0000,NULL,'2015-09-18 11:51:18',5,'',NULL,NULL,'USD',1.000000,NULL,NULL,0,''),(73,NULL,3,'Alice Victim','','','','','','','','','','','','alice@victim.com','','10.55.128.12','Alice Victim','','10 Boulevard de Strasbourg','','Paris','75010','Paris',1142,'75',73,'France','FR','FRA',':name\n:street_address\n:postcode :city\n:country','04040404','Alice Victim','','10 Boulevard de Strasbourg','','Paris','75010','Paris',1142,'75',73,'France','FR','FRA',':name\n:street_address\n:postcode :city\n:country','04040404','PayPal Express (including Credit Cards and Debit Cards)','paypal_express',0,0.0000,NULL,'2015-09-18 11:52:27',5,'',NULL,NULL,'USD',1.000000,NULL,NULL,0,''),(74,NULL,3,'Alice Victim','','','','','','','','','','','','alice@victim.com','','10.55.128.12','Alice Victim','','10 Boulevard de Strasbourg','','Paris','75010','Paris',1142,'75',73,'France','FR','FRA',':name\n:street_address\n:postcode :city\n:country','04040404','Alice Victim','','10 Boulevard de Strasbourg','','Paris','75010','Paris',1142,'75',73,'France','FR','FRA',':name\n:street_address\n:postcode :city\n:country','04040404','PayPal Express (including Credit Cards and Debit Cards)','paypal_express',0,0.0000,NULL,'2015-09-18 11:53:43',5,'',NULL,NULL,'USD',1.000000,NULL,NULL,0,''),(75,NULL,3,'Alice Victim','','','','','','','','','','','','alice@victim.com','','10.55.128.12','Alice Victim','','10 Boulevard de Strasbourg','','Paris','75010','Paris',1142,'75',73,'France','FR','FRA',':name\n:street_address\n:postcode :city\n:country','04040404','Alice Victim','','10 Boulevard de Strasbourg','','Paris','75010','Paris',1142,'75',73,'France','FR','FRA',':name\n:street_address\n:postcode :city\n:country','04040404','PayPal Express (including Credit Cards and Debit Cards)','paypal_express',0,0.0000,NULL,'2015-09-18 11:55:04',5,'',NULL,NULL,'USD',1.000000,NULL,NULL,0,''),(76,NULL,3,'Alice Victim','','','','','','','','','','','','alice@victim.com','','10.55.128.12','Alice Victim','','10 Boulevard de Strasbourg','','Paris','75010','Paris',1142,'75',73,'France','FR','FRA',':name\n:street_address\n:postcode :city\n:country','04040404','Alice Victim','','10 Boulevard de Strasbourg','','Paris','75010','Paris',1142,'75',73,'France','FR','FRA',':name\n:street_address\n:postcode :city\n:country','04040404','PayPal Express (including Credit Cards and Debit Cards)','paypal_express',0,0.0000,NULL,'2015-09-18 11:56:12',5,'',NULL,NULL,'USD',1.000000,NULL,NULL,0,''),(77,NULL,3,'Alice Victim','','','','','','','','','','','','alice@victim.com','','10.55.128.12','Alice Victim','','10 Boulevard de Strasbourg','','Paris','75010','Paris',1142,'75',73,'France','FR','FRA',':name\n:street_address\n:postcode :city\n:country','04040404','Alice Victim','','10 Boulevard de Strasbourg','','Paris','75010','Paris',1142,'75',73,'France','FR','FRA',':name\n:street_address\n:postcode :city\n:country','04040404','PayPal Express (including Credit Cards and Debit Cards)','paypal_express',0,0.0000,NULL,'2015-09-18 11:57:19',5,'',NULL,NULL,'USD',1.000000,NULL,NULL,0,''),(78,NULL,3,'Alice Victim','','','','','','','','','','','','alice@victim.com','','10.55.128.12','Alice Victim','','10 Boulevard de Strasbourg','','Paris','75010','Paris',1142,'75',73,'France','FR','FRA',':name\n:street_address\n:postcode :city\n:country','04040404','Alice Victim','','10 Boulevard de Strasbourg','','Paris','75010','Paris',1142,'75',73,'France','FR','FRA',':name\n:street_address\n:postcode :city\n:country','04040404','PayPal Express (including Credit Cards and Debit Cards)','paypal_express',0,0.0000,NULL,'2015-09-18 11:59:51',5,'',NULL,NULL,'USD',1.000000,NULL,NULL,0,''),(79,NULL,3,'Alice Victim','','','','','','','','','','','','alice@victim.com','','10.55.128.12','Alice Victim','','10 Boulevard de Strasbourg','','Paris','75010','Paris',1142,'75',73,'France','FR','FRA',':name\n:street_address\n:postcode :city\n:country','04040404','Alice Victim','','10 Boulevard de Strasbourg','','Paris','75010','Paris',1142,'75',73,'France','FR','FRA',':name\n:street_address\n:postcode :city\n:country','04040404','PayPal Express (including Credit Cards and Debit Cards)','paypal_express',0,0.0000,NULL,'2015-09-18 12:01:03',5,'',NULL,NULL,'USD',1.000000,NULL,NULL,0,''),(80,NULL,3,'Alice Victim','','','','','','','','','','','','alice@victim.com','','10.55.128.12','Alice Victim','','10 Boulevard de Strasbourg','','Paris','75010','Paris',1142,'75',73,'France','FR','FRA',':name\n:street_address\n:postcode :city\n:country','04040404','Alice Victim','','10 Boulevard de Strasbourg','','Paris','75010','Paris',1142,'75',73,'France','FR','FRA',':name\n:street_address\n:postcode :city\n:country','04040404','PayPal Express (including Credit Cards and Debit Cards)','paypal_express',0,0.0000,NULL,'2015-09-18 12:06:04',5,'',NULL,NULL,'USD',1.000000,NULL,NULL,0,''),(81,NULL,3,'Alice Victim','','','','','','','','','','','','alice@victim.com','','10.55.128.12','Alice Victim','','10 Boulevard de Strasbourg','','Paris','75010','Paris',1142,'75',73,'France','FR','FRA',':name\n:street_address\n:postcode :city\n:country','04040404','Alice Victim','','10 Boulevard de Strasbourg','','Paris','75010','Paris',1142,'75',73,'France','FR','FRA',':name\n:street_address\n:postcode :city\n:country','04040404','PayPal Express (including Credit Cards and Debit Cards)','paypal_express',0,0.0000,NULL,'2015-09-18 13:52:38',5,'',NULL,NULL,'USD',1.000000,NULL,NULL,0,''),(82,NULL,3,'Alice Victim','','','','','','','','','','','','alice@victim.com','','10.55.128.12','Alice Victim','','10 Boulevard de Strasbourg','','Paris','75010','Paris',1142,'75',73,'France','FR','FRA',':name\n:street_address\n:postcode :city\n:country','04040404','Alice Victim','','10 Boulevard de Strasbourg','','Paris','75010','Paris',1142,'75',73,'France','FR','FRA',':name\n:street_address\n:postcode :city\n:country','04040404','PayPal Express (including Credit Cards and Debit Cards)','paypal_express',0,0.0000,NULL,'2015-09-18 13:58:07',5,'',NULL,NULL,'USD',1.000000,NULL,NULL,0,''),(83,NULL,3,'Alice Victim','','','','','','','','','','','','alice@victim.com','','10.55.128.12','Alice Victim','','10 Boulevard de Strasbourg','','Paris','75010','Paris',1142,'75',73,'France','FR','FRA',':name\n:street_address\n:postcode :city\n:country','04040404','Alice Victim','','10 Boulevard de Strasbourg','','Paris','75010','Paris',1142,'75',73,'France','FR','FRA',':name\n:street_address\n:postcode :city\n:country','04040404','PayPal Express (including Credit Cards and Debit Cards)','paypal_express',0,0.0000,NULL,'2015-09-18 14:01:11',5,'',NULL,NULL,'USD',1.000000,NULL,NULL,0,''),(84,NULL,3,'Alice Victim','','','','','','','','','','','','alice@victim.com','','10.55.128.12','Alice Victim','','10 Boulevard de Strasbourg','','Paris','75010','Paris',1142,'75',73,'France','FR','FRA',':name\n:street_address\n:postcode :city\n:country','04040404','Alice Victim','','10 Boulevard de Strasbourg','','Paris','75010','Paris',1142,'75',73,'France','FR','FRA',':name\n:street_address\n:postcode :city\n:country','04040404','PayPal Express (including Credit Cards and Debit Cards)','paypal_express',0,0.0000,NULL,'2015-09-18 14:03:27',5,'',NULL,NULL,'USD',1.000000,NULL,NULL,0,''),(85,NULL,3,'Alice Victim','','','','','','','','','','','','alice@victim.com','','10.55.128.12','Alice Victim','','10 Boulevard de Strasbourg','','Paris','75010','Paris',1142,'75',73,'France','FR','FRA',':name\n:street_address\n:postcode :city\n:country','04040404','Alice Victim','','10 Boulevard de Strasbourg','','Paris','75010','Paris',1142,'75',73,'France','FR','FRA',':name\n:street_address\n:postcode :city\n:country','04040404','PayPal Express (including Credit Cards and Debit Cards)','paypal_express',0,0.0000,NULL,'2015-09-18 14:06:21',5,'',NULL,NULL,'USD',1.000000,NULL,NULL,0,''),(86,NULL,3,'Alice Victim','','','','','','','','','','','','alice@victim.com','','10.55.128.12','Alice Victim','','10 Boulevard de Strasbourg','','Paris','75010','Paris',1142,'75',73,'France','FR','FRA',':name\n:street_address\n:postcode :city\n:country','04040404','Alice Victim','','10 Boulevard de Strasbourg','','Paris','75010','Paris',1142,'75',73,'France','FR','FRA',':name\n:street_address\n:postcode :city\n:country','04040404','PayPal Express (including Credit Cards and Debit Cards)','paypal_express',0,0.0000,NULL,'2015-09-18 14:30:26',5,'',NULL,NULL,'USD',1.000000,NULL,NULL,0,''),(87,NULL,3,'Alice Victim','','','','','','','','','','','','alice@victim.com','','10.55.128.12','Alice Victim','','10 Boulevard de Strasbourg','','Paris','75010','Paris',1142,'75',73,'France','FR','FRA',':name\n:street_address\n:postcode :city\n:country','04040404','Alice Victim','','10 Boulevard de Strasbourg','','Paris','75010','Paris',1142,'75',73,'France','FR','FRA',':name\n:street_address\n:postcode :city\n:country','04040404','PayPal Express (including Credit Cards and Debit Cards)','paypal_express',0,0.0000,NULL,'2015-09-18 14:33:18',5,'',NULL,NULL,'USD',1.000000,NULL,NULL,0,''),(88,NULL,3,'Alice Victim','','','','','','','','','','','','alice@victim.com','','10.55.128.12','Alice Victim','','10 Boulevard de Strasbourg','','Paris','75010','Paris',1142,'75',73,'France','FR','FRA',':name\n:street_address\n:postcode :city\n:country','04040404','Alice Victim','','10 Boulevard de Strasbourg','','Paris','75010','Paris',1142,'75',73,'France','FR','FRA',':name\n:street_address\n:postcode :city\n:country','04040404','PayPal Express (including Credit Cards and Debit Cards)','paypal_express',0,0.0000,NULL,'2015-09-18 14:36:14',5,'',NULL,NULL,'USD',1.000000,NULL,NULL,0,''),(89,NULL,3,'Alice Victim','','','','','','','','','','','','alice@victim.com','','10.55.128.12','Alice Victim','','10 Boulevard de Strasbourg','','Paris','75010','Paris',1142,'75',73,'France','FR','FRA',':name\n:street_address\n:postcode :city\n:country','04040404','Alice Victim','','10 Boulevard de Strasbourg','','Paris','75010','Paris',1142,'75',73,'France','FR','FRA',':name\n:street_address\n:postcode :city\n:country','04040404','PayPal Express (including Credit Cards and Debit Cards)','paypal_express',0,0.0000,NULL,'2015-09-18 14:39:20',5,'',NULL,NULL,'USD',1.000000,NULL,NULL,0,''),(90,NULL,3,'Alice Victim','','','','','','','','','','','','alice@victim.com','','10.55.128.12','Alice Victim','','10 Boulevard de Strasbourg','','Paris','75010','Paris',1142,'75',73,'France','FR','FRA',':name\n:street_address\n:postcode :city\n:country','04040404','Alice Victim','','10 Boulevard de Strasbourg','','Paris','75010','Paris',1142,'75',73,'France','FR','FRA',':name\n:street_address\n:postcode :city\n:country','04040404','PayPal Express (including Credit Cards and Debit Cards)','paypal_express',0,0.0000,NULL,'2015-09-18 14:42:24',5,'',NULL,NULL,'USD',1.000000,NULL,NULL,0,''),(91,NULL,3,'Alice Victim','','','','','','','','','','','','alice@victim.com','','10.55.128.12','Alice Victim','','10 Boulevard de Strasbourg','','Paris','75010','Paris',1142,'75',73,'France','FR','FRA',':name\n:street_address\n:postcode :city\n:country','04040404','Alice Victim','','10 Boulevard de Strasbourg','','Paris','75010','Paris',1142,'75',73,'France','FR','FRA',':name\n:street_address\n:postcode :city\n:country','04040404','PayPal Express (including Credit Cards and Debit Cards)','paypal_express',0,0.0000,NULL,'2015-09-18 14:45:11',5,'',NULL,NULL,'USD',1.000000,NULL,NULL,0,''),(92,NULL,3,'Alice Victim','','','','','','','','','','','','alice@victim.com','','10.55.128.12','Alice Victim','','10 Boulevard de Strasbourg','','Paris','75010','Paris',1142,'75',73,'France','FR','FRA',':name\n:street_address\n:postcode :city\n:country','04040404','Alice Victim','','10 Boulevard de Strasbourg','','Paris','75010','Paris',1142,'75',73,'France','FR','FRA',':name\n:street_address\n:postcode :city\n:country','04040404','PayPal Express (including Credit Cards and Debit Cards)','paypal_express',0,0.0000,NULL,'2015-09-18 14:47:45',5,'',NULL,NULL,'USD',1.000000,NULL,NULL,0,''),(93,NULL,3,'Alice Victim','','','','','','','','','','','','alice@victim.com','','10.55.128.12','Alice Victim','','10 Boulevard de Strasbourg','','Paris','75010','Paris',1142,'75',73,'France','FR','FRA',':name\n:street_address\n:postcode :city\n:country','04040404','Alice Victim','','10 Boulevard de Strasbourg','','Paris','75010','Paris',1142,'75',73,'France','FR','FRA',':name\n:street_address\n:postcode :city\n:country','04040404','PayPal Express (including Credit Cards and Debit Cards)','paypal_express',0,0.0000,NULL,'2015-09-18 14:54:16',5,'',NULL,NULL,'USD',1.000000,NULL,NULL,0,''),(94,NULL,3,'Alice Victim','','','','','','','','','','','','alice@victim.com','','10.55.128.12','Alice Victim','','10 Boulevard de Strasbourg','','Paris','75010','Paris',1142,'75',73,'France','FR','FRA',':name\n:street_address\n:postcode :city\n:country','04040404','Alice Victim','','10 Boulevard de Strasbourg','','Paris','75010','Paris',1142,'75',73,'France','FR','FRA',':name\n:street_address\n:postcode :city\n:country','04040404','PayPal Express (including Credit Cards and Debit Cards)','paypal_express',0,0.0000,NULL,'2015-09-18 14:55:31',5,'',NULL,NULL,'USD',1.000000,NULL,NULL,0,''),(95,NULL,3,'Alice Victim','','','','','','','','','','','','alice@victim.com','','10.55.128.13','Alice Victim','','10 Boulevard de Strasbourg','','Paris','75010','Paris',1142,'75',73,'France','FR','FRA',':name\n:street_address\n:postcode :city\n:country','04040404','Alice Victim','','10 Boulevard de Strasbourg','','Paris','75010','Paris',1142,'75',73,'France','FR','FRA',':name\n:street_address\n:postcode :city\n:country','04040404','PayPal Express (including Credit Cards and Debit Cards)','paypal_express',0,0.0000,NULL,'2015-09-24 16:53:03',5,'',NULL,NULL,'USD',1.000000,NULL,NULL,0,''),(96,NULL,3,'Alice Victim','','','','','','','','','','','','alice@victim.com','','10.55.128.13','Alice Victim','','10 Boulevard de Strasbourg','','Paris','75010','Paris',1142,'75',73,'France','FR','FRA',':name\n:street_address\n:postcode :city\n:country','04040404','Alice Victim','','10 Boulevard de Strasbourg','','Paris','75010','Paris',1142,'75',73,'France','FR','FRA',':name\n:street_address\n:postcode :city\n:country','04040404','PayPal Express (including Credit Cards and Debit Cards)','paypal_express',0,0.0000,NULL,'2015-09-24 16:54:38',5,'',NULL,NULL,'USD',1.000000,NULL,NULL,0,''),(97,NULL,3,'Alice Victim','','','','','','','','','','','','alice@victim.com','','10.55.128.13','Alice Victim','','10 Boulevard de Strasbourg','','Paris','75010','Paris',1142,'75',73,'France','FR','FRA',':name\n:street_address\n:postcode :city\n:country','04040404','Alice Victim','','10 Boulevard de Strasbourg','','Paris','75010','Paris',1142,'75',73,'France','FR','FRA',':name\n:street_address\n:postcode :city\n:country','04040404','PayPal Express (including Credit Cards and Debit Cards)','paypal_express',0,0.0000,NULL,'2015-09-24 16:56:24',5,'',NULL,NULL,'USD',1.000000,NULL,NULL,0,''),(98,NULL,3,'Alice Victim','','','','','','','','','','','','alice@victim.com','','10.55.128.13','Alice Victim','','10 Boulevard de Strasbourg','','Paris','75010','Paris',1142,'75',73,'France','FR','FRA',':name\n:street_address\n:postcode :city\n:country','04040404','Alice Victim','','10 Boulevard de Strasbourg','','Paris','75010','Paris',1142,'75',73,'France','FR','FRA',':name\n:street_address\n:postcode :city\n:country','04040404','PayPal Express (including Credit Cards and Debit Cards)','paypal_express',0,0.0000,NULL,'2015-09-24 16:58:03',5,'',NULL,NULL,'USD',1.000000,NULL,NULL,0,''),(99,NULL,3,'Alice Victim','','','','','','','','','','','','alice@victim.com','','10.55.128.13','Alice Victim','','10 Boulevard de Strasbourg','','Paris','75010','Paris',1142,'75',73,'France','FR','FRA',':name\n:street_address\n:postcode :city\n:country','04040404','Alice Victim','','10 Boulevard de Strasbourg','','Paris','75010','Paris',1142,'75',73,'France','FR','FRA',':name\n:street_address\n:postcode :city\n:country','04040404','PayPal Express (including Credit Cards and Debit Cards)','paypal_express',0,0.0000,NULL,'2015-09-24 17:02:43',5,'',NULL,NULL,'USD',1.000000,NULL,NULL,0,''),(100,NULL,3,'Alice Victim','','','','','','','','','','','','alice@victim.com','','10.55.128.13','Alice Victim','','10 Boulevard de Strasbourg','','Paris','75010','Paris',1142,'75',73,'France','FR','FRA',':name\n:street_address\n:postcode :city\n:country','04040404','Alice Victim','','10 Boulevard de Strasbourg','','Paris','75010','Paris',1142,'75',73,'France','FR','FRA',':name\n:street_address\n:postcode :city\n:country','04040404','PayPal Express (including Credit Cards and Debit Cards)','paypal_express',0,0.0000,NULL,'2015-09-25 09:05:05',5,'',NULL,NULL,'USD',1.000000,NULL,NULL,0,''),(101,NULL,3,'Alice Victim','','','','','','','','','','','','alice@victim.com','','10.55.128.13','Alice Victim','','10 Boulevard de Strasbourg','','Paris','75010','Paris',1142,'75',73,'France','FR','FRA',':name\n:street_address\n:postcode :city\n:country','04040404','Alice Victim','','10 Boulevard de Strasbourg','','Paris','75010','Paris',1142,'75',73,'France','FR','FRA',':name\n:street_address\n:postcode :city\n:country','04040404','PayPal Express (including Credit Cards and Debit Cards)','paypal_express',0,0.0000,NULL,'2015-09-25 09:06:18',5,'',NULL,NULL,'USD',1.000000,NULL,NULL,0,''),(102,NULL,3,'Alice Victim','','','','','','','','','','','','alice@victim.com','','10.55.128.13','Alice Victim','','10 Boulevard de Strasbourg','','Paris','75010','Paris',1142,'75',73,'France','FR','FRA',':name\n:street_address\n:postcode :city\n:country','04040404','Alice Victim','','10 Boulevard de Strasbourg','','Paris','75010','Paris',1142,'75',73,'France','FR','FRA',':name\n:street_address\n:postcode :city\n:country','04040404','PayPal Express (including Credit Cards and Debit Cards)','paypal_express',0,0.0000,NULL,'2015-09-25 09:07:24',5,'',NULL,NULL,'USD',1.000000,NULL,NULL,0,''),(103,NULL,3,'Alice Victim','','','','','','','','','','','','alice@victim.com','','10.55.128.13','Alice Victim','','10 Boulevard de Strasbourg','','Paris','75010','Paris',1142,'75',73,'France','FR','FRA',':name\n:street_address\n:postcode :city\n:country','04040404','Alice Victim','','10 Boulevard de Strasbourg','','Paris','75010','Paris',1142,'75',73,'France','FR','FRA',':name\n:street_address\n:postcode :city\n:country','04040404','PayPal Express (including Credit Cards and Debit Cards)','paypal_express',0,0.0000,NULL,'2015-09-25 09:08:33',5,'',NULL,NULL,'USD',1.000000,NULL,NULL,0,''),(104,NULL,3,'Alice Victim','','','','','','','','','','','','alice@victim.com','','10.55.128.12','Alice Victim','','10 Boulevard de Strasbourg','','Paris','75010','Paris',1142,'75',73,'France','FR','FRA',':name\n:street_address\n:postcode :city\n:country','04040404','Alice Victim','','10 Boulevard de Strasbourg','','Paris','75010','Paris',1142,'75',73,'France','FR','FRA',':name\n:street_address\n:postcode :city\n:country','04040404','PayPal Express (including Credit Cards and Debit Cards)','paypal_express',0,0.0000,NULL,'2015-09-25 18:11:19',5,'',NULL,NULL,'USD',1.000000,NULL,NULL,0,''),(105,NULL,3,'Alice Victim','','','','','','','','','','','','alice@victim.com','','10.55.128.12','Alice Victim','','10 Boulevard de Strasbourg','','Paris','75010','Paris',1142,'75',73,'France','FR','FRA',':name\n:street_address\n:postcode :city\n:country','04040404','Alice Victim','','10 Boulevard de Strasbourg','','Paris','75010','Paris',1142,'75',73,'France','FR','FRA',':name\n:street_address\n:postcode :city\n:country','04040404','PayPal Express (including Credit Cards and Debit Cards)','paypal_express',0,0.0000,NULL,'2015-09-25 18:12:28',5,'',NULL,NULL,'USD',1.000000,NULL,NULL,0,''),(106,NULL,3,'Alice Victim','','','','','','','','','','','','alice@victim.com','','10.55.128.12','Alice Victim','','10 Boulevard de Strasbourg','','Paris','75010','Paris',1142,'75',73,'France','FR','FRA',':name\n:street_address\n:postcode :city\n:country','04040404','Alice Victim','','10 Boulevard de Strasbourg','','Paris','75010','Paris',1142,'75',73,'France','FR','FRA',':name\n:street_address\n:postcode :city\n:country','04040404','PayPal Express (including Credit Cards and Debit Cards)','paypal_express',0,0.0000,NULL,'2015-09-25 18:13:39',5,'',NULL,NULL,'USD',1.000000,NULL,NULL,0,''),(107,NULL,3,'Alice Victim','','','','','','','','','','','','alice@victim.com','','10.55.128.12','Alice Victim','','10 Boulevard de Strasbourg','','Paris','75010','Paris',1142,'75',73,'France','FR','FRA',':name\n:street_address\n:postcode :city\n:country','04040404','Alice Victim','','10 Boulevard de Strasbourg','','Paris','75010','Paris',1142,'75',73,'France','FR','FRA',':name\n:street_address\n:postcode :city\n:country','04040404','PayPal Express (including Credit Cards and Debit Cards)','paypal_express',0,0.0000,NULL,'2015-09-25 18:14:51',5,'',NULL,NULL,'USD',1.000000,NULL,NULL,0,''),(108,NULL,3,'Alice Victim','','','','','','','','','','','','alice@victim.com','','10.55.128.13','Alice Victim','','10 Boulevard de Strasbourg','','Paris','75010','Paris',1142,'75',73,'France','FR','FRA',':name\n:street_address\n:postcode :city\n:country','04040404','Alice Victim','','10 Boulevard de Strasbourg','','Paris','75010','Paris',1142,'75',73,'France','FR','FRA',':name\n:street_address\n:postcode :city\n:country','04040404','PayPal Express (including Credit Cards and Debit Cards)','paypal_express',0,0.0000,NULL,'2015-09-25 19:26:01',5,'',NULL,NULL,'USD',1.000000,NULL,NULL,0,''),(109,NULL,3,'Alice Victim','','','','','','','','','','','','alice@victim.com','','10.55.128.13','Alice Victim','','10 Boulevard de Strasbourg','','Paris','75010','Paris',1142,'75',73,'France','FR','FRA',':name\n:street_address\n:postcode :city\n:country','04040404','Alice Victim','','10 Boulevard de Strasbourg','','Paris','75010','Paris',1142,'75',73,'France','FR','FRA',':name\n:street_address\n:postcode :city\n:country','04040404','PayPal Express (including Credit Cards and Debit Cards)','paypal_express',0,0.0000,NULL,'2015-09-25 19:27:10',5,'',NULL,NULL,'USD',1.000000,NULL,NULL,0,''),(110,NULL,3,'Alice Victim','','','','','','','','','','','','alice@victim.com','','10.55.128.13','Alice Victim','','10 Boulevard de Strasbourg','','Paris','75010','Paris',1142,'75',73,'France','FR','FRA',':name\n:street_address\n:postcode :city\n:country','04040404','Alice Victim','','10 Boulevard de Strasbourg','','Paris','75010','Paris',1142,'75',73,'France','FR','FRA',':name\n:street_address\n:postcode :city\n:country','04040404','PayPal Express (including Credit Cards and Debit Cards)','paypal_express',0,0.0000,NULL,'2015-09-25 19:28:13',5,'',NULL,NULL,'USD',1.000000,NULL,NULL,0,''),(111,NULL,3,'Alice Victim','','','','','','','','','','','','alice@victim.com','','10.55.128.13','Alice Victim','','10 Boulevard de Strasbourg','','Paris','75010','Paris',1142,'75',73,'France','FR','FRA',':name\n:street_address\n:postcode :city\n:country','04040404','Alice Victim','','10 Boulevard de Strasbourg','','Paris','75010','Paris',1142,'75',73,'France','FR','FRA',':name\n:street_address\n:postcode :city\n:country','04040404','PayPal Express (including Credit Cards and Debit Cards)','paypal_express',0,0.0000,NULL,'2015-09-25 19:29:11',5,'',NULL,NULL,'USD',1.000000,NULL,NULL,0,''),(112,NULL,3,'Alice Victim','','','','','','','','','','','','alice@victim.com','','10.55.128.12','Alice Victim','','10 Boulevard de Strasbourg','','Paris','75010','Paris',1142,'75',73,'France','FR','FRA',':name\n:street_address\n:postcode :city\n:country','04040404','Alice Victim','','10 Boulevard de Strasbourg','','Paris','75010','Paris',1142,'75',73,'France','FR','FRA',':name\n:street_address\n:postcode :city\n:country','04040404','PayPal Express (including Credit Cards and Debit Cards)','paypal_express',0,0.0000,NULL,'2015-09-28 10:39:13',5,'',NULL,NULL,'USD',1.000000,NULL,NULL,0,''),(113,NULL,3,'Alice Victim','','','','','','','','','','','','alice@victim.com','','10.55.128.12','Alice Victim','','10 Boulevard de Strasbourg','','Paris','75010','Paris',1142,'75',73,'France','FR','FRA',':name\n:street_address\n:postcode :city\n:country','04040404','Alice Victim','','10 Boulevard de Strasbourg','','Paris','75010','Paris',1142,'75',73,'France','FR','FRA',':name\n:street_address\n:postcode :city\n:country','04040404','PayPal Express (including Credit Cards and Debit Cards)','paypal_express',0,0.0000,NULL,'2015-09-28 10:40:23',5,'',NULL,NULL,'USD',1.000000,NULL,NULL,0,''),(114,NULL,3,'Alice Victim','','','','','','','','','','','','alice@victim.com','','10.55.128.12','Alice Victim','','10 Boulevard de Strasbourg','','Paris','75010','Paris',1142,'75',73,'France','FR','FRA',':name\n:street_address\n:postcode :city\n:country','04040404','Alice Victim','','10 Boulevard de Strasbourg','','Paris','75010','Paris',1142,'75',73,'France','FR','FRA',':name\n:street_address\n:postcode :city\n:country','04040404','PayPal Express (including Credit Cards and Debit Cards)','paypal_express',0,0.0000,NULL,'2015-09-28 10:41:30',5,'',NULL,NULL,'USD',1.000000,NULL,NULL,0,''),(115,NULL,3,'Alice Victim','','','','','','','','','','','','alice@victim.com','','10.55.128.12','Alice Victim','','10 Boulevard de Strasbourg','','Paris','75010','Paris',1142,'75',73,'France','FR','FRA',':name\n:street_address\n:postcode :city\n:country','04040404','Alice Victim','','10 Boulevard de Strasbourg','','Paris','75010','Paris',1142,'75',73,'France','FR','FRA',':name\n:street_address\n:postcode :city\n:country','04040404','PayPal Express (including Credit Cards and Debit Cards)','paypal_express',0,0.0000,NULL,'2015-09-28 10:55:00',5,'',NULL,NULL,'USD',1.000000,NULL,NULL,0,''),(116,NULL,3,'Alice Victim','','','','','','','','','','','','alice@victim.com','','10.55.128.12','Alice Victim','','10 Boulevard de Strasbourg','','Paris','75010','Paris',1142,'75',73,'France','FR','FRA',':name\n:street_address\n:postcode :city\n:country','04040404','Alice Victim','','10 Boulevard de Strasbourg','','Paris','75010','Paris',1142,'75',73,'France','FR','FRA',':name\n:street_address\n:postcode :city\n:country','04040404','PayPal Express (including Credit Cards and Debit Cards)','paypal_express',0,0.0000,NULL,'2015-09-28 10:56:06',5,'',NULL,NULL,'USD',1.000000,NULL,NULL,0,''),(117,NULL,3,'Alice Victim','','','','','','','','','','','','alice@victim.com','','10.55.128.12','Alice Victim','','10 Boulevard de Strasbourg','','Paris','75010','Paris',1142,'75',73,'France','FR','FRA',':name\n:street_address\n:postcode :city\n:country','04040404','Alice Victim','','10 Boulevard de Strasbourg','','Paris','75010','Paris',1142,'75',73,'France','FR','FRA',':name\n:street_address\n:postcode :city\n:country','04040404','PayPal Express (including Credit Cards and Debit Cards)','paypal_express',0,0.0000,NULL,'2015-09-28 10:57:15',5,'',NULL,NULL,'USD',1.000000,NULL,NULL,0,''),(118,NULL,3,'Alice Victim','','','','','','','','','','','','alice@victim.com','','10.55.128.12','Alice Victim','','10 Boulevard de Strasbourg','','Paris','75010','Paris',1142,'75',73,'France','FR','FRA',':name\n:street_address\n:postcode :city\n:country','04040404','Alice Victim','','10 Boulevard de Strasbourg','','Paris','75010','Paris',1142,'75',73,'France','FR','FRA',':name\n:street_address\n:postcode :city\n:country','04040404','PayPal Express (including Credit Cards and Debit Cards)','paypal_express',0,0.0000,NULL,'2015-09-28 11:01:46',5,'',NULL,NULL,'USD',1.000000,NULL,NULL,0,''),(119,NULL,3,'Alice Victim','','','','','','','','','','','','alice@victim.com','','10.55.128.12','Alice Victim','','10 Boulevard de Strasbourg','','Paris','75010','Paris',1142,'75',73,'France','FR','FRA',':name\n:street_address\n:postcode :city\n:country','04040404','Alice Victim','','10 Boulevard de Strasbourg','','Paris','75010','Paris',1142,'75',73,'France','FR','FRA',':name\n:street_address\n:postcode :city\n:country','04040404','PayPal Express (including Credit Cards and Debit Cards)','paypal_express',0,0.0000,NULL,'2015-09-28 11:02:57',5,'',NULL,NULL,'USD',1.000000,NULL,NULL,0,''),(120,NULL,3,'Alice Victim','','','','','','','','','','','','alice@victim.com','','10.55.128.12','Alice Victim','','10 Boulevard de Strasbourg','','Paris','75010','Paris',1142,'75',73,'France','FR','FRA',':name\n:street_address\n:postcode :city\n:country','04040404','Alice Victim','','10 Boulevard de Strasbourg','','Paris','75010','Paris',1142,'75',73,'France','FR','FRA',':name\n:street_address\n:postcode :city\n:country','04040404','PayPal Express (including Credit Cards and Debit Cards)','paypal_express',0,0.0000,NULL,'2015-09-28 11:04:22',5,'',NULL,NULL,'USD',1.000000,NULL,NULL,0,''),(121,NULL,3,'Alice Victim','','','','','','','','','','','','alice@victim.com','','10.55.128.12','Alice Victim','','10 Boulevard de Strasbourg','','Paris','75010','Paris',1142,'75',73,'France','FR','FRA',':name\n:street_address\n:postcode :city\n:country','04040404','Alice Victim','','10 Boulevard de Strasbourg','','Paris','75010','Paris',1142,'75',73,'France','FR','FRA',':name\n:street_address\n:postcode :city\n:country','04040404','PayPal Express (including Credit Cards and Debit Cards)','paypal_express',0,0.0000,NULL,'2015-09-28 11:05:33',5,'',NULL,NULL,'USD',1.000000,NULL,NULL,0,''),(122,NULL,3,'Alice Victim','','','','','','','','','','','','alice@victim.com','','10.55.128.12','Alice Victim','','10 Boulevard de Strasbourg','','Paris','75010','Paris',1142,'75',73,'France','FR','FRA',':name\n:street_address\n:postcode :city\n:country','04040404','Alice Victim','','10 Boulevard de Strasbourg','','Paris','75010','Paris',1142,'75',73,'France','FR','FRA',':name\n:street_address\n:postcode :city\n:country','04040404','PayPal Express (including Credit Cards and Debit Cards)','paypal_express',0,0.0000,NULL,'2015-09-28 11:07:01',5,'',NULL,NULL,'USD',1.000000,NULL,NULL,0,''),(123,NULL,3,'Alice Victim','','','','','','','','','','','','alice@victim.com','','10.55.128.12','Alice Victim','','10 Boulevard de Strasbourg','','Paris','75010','Paris',1142,'75',73,'France','FR','FRA',':name\n:street_address\n:postcode :city\n:country','04040404','Alice Victim','','10 Boulevard de Strasbourg','','Paris','75010','Paris',1142,'75',73,'France','FR','FRA',':name\n:street_address\n:postcode :city\n:country','04040404','PayPal Express (including Credit Cards and Debit Cards)','paypal_express',0,0.0000,NULL,'2015-09-28 11:08:43',5,'',NULL,NULL,'USD',1.000000,NULL,NULL,0,''),(124,NULL,3,'Alice Victim','','','','','','','','','','','','alice@victim.com','','10.55.128.12','Alice Victim','','10 Boulevard de Strasbourg','','Paris','75010','Paris',1142,'75',73,'France','FR','FRA',':name\n:street_address\n:postcode :city\n:country','04040404','Alice Victim','','10 Boulevard de Strasbourg','','Paris','75010','Paris',1142,'75',73,'France','FR','FRA',':name\n:street_address\n:postcode :city\n:country','04040404','PayPal Express (including Credit Cards and Debit Cards)','paypal_express',0,0.0000,NULL,'2015-09-28 11:09:57',5,'',NULL,NULL,'USD',1.000000,NULL,NULL,0,''),(125,NULL,3,'Alice Victim','','','','','','','','','','','','alice@victim.com','','10.55.128.12','Alice Victim','','10 Boulevard de Strasbourg','','Paris','75010','Paris',1142,'75',73,'France','FR','FRA',':name\n:street_address\n:postcode :city\n:country','04040404','Alice Victim','','10 Boulevard de Strasbourg','','Paris','75010','Paris',1142,'75',73,'France','FR','FRA',':name\n:street_address\n:postcode :city\n:country','04040404','PayPal Express (including Credit Cards and Debit Cards)','paypal_express',0,0.0000,NULL,'2015-09-28 11:11:10',5,'',NULL,NULL,'USD',1.000000,NULL,NULL,0,''),(126,NULL,3,'Alice Victim','','','','','','','','','','','','alice@victim.com','','10.55.128.12','Alice Victim','','10 Boulevard de Strasbourg','','Paris','75010','Paris',1142,'75',73,'France','FR','FRA',':name\n:street_address\n:postcode :city\n:country','04040404','Alice Victim','','10 Boulevard de Strasbourg','','Paris','75010','Paris',1142,'75',73,'France','FR','FRA',':name\n:street_address\n:postcode :city\n:country','04040404','PayPal Express (including Credit Cards and Debit Cards)','paypal_express',0,0.0000,NULL,'2015-09-28 11:12:31',5,'',NULL,NULL,'USD',1.000000,NULL,NULL,0,''),(127,NULL,3,'Alice Victim','','','','','','','','','','','','alice@victim.com','','10.55.128.12','Alice Victim','','10 Boulevard de Strasbourg','','Paris','75010','Paris',1142,'75',73,'France','FR','FRA',':name\n:street_address\n:postcode :city\n:country','04040404','Alice Victim','','10 Boulevard de Strasbourg','','Paris','75010','Paris',1142,'75',73,'France','FR','FRA',':name\n:street_address\n:postcode :city\n:country','04040404','PayPal Express (including Credit Cards and Debit Cards)','paypal_express',0,0.0000,NULL,'2015-09-28 11:13:55',5,'',NULL,NULL,'USD',1.000000,NULL,NULL,0,''),(128,NULL,3,'Alice Victim','','','','','','','','','','','','alice@victim.com','','10.55.128.12','Alice Victim','','10 Boulevard de Strasbourg','','Paris','75010','Paris',1142,'75',73,'France','FR','FRA',':name\n:street_address\n:postcode :city\n:country','04040404','Alice Victim','','10 Boulevard de Strasbourg','','Paris','75010','Paris',1142,'75',73,'France','FR','FRA',':name\n:street_address\n:postcode :city\n:country','04040404','PayPal Express (including Credit Cards and Debit Cards)','paypal_express',0,0.0000,NULL,'2015-09-28 11:15:13',5,'',NULL,NULL,'USD',1.000000,NULL,NULL,0,''),(129,NULL,3,'Alice Victim','','','','','','','','','','','','alice@victim.com','','10.55.128.12','Alice Victim','','10 Boulevard de Strasbourg','','Paris','75010','Paris',1142,'75',73,'France','FR','FRA',':name\n:street_address\n:postcode :city\n:country','04040404','Alice Victim','','10 Boulevard de Strasbourg','','Paris','75010','Paris',1142,'75',73,'France','FR','FRA',':name\n:street_address\n:postcode :city\n:country','04040404','PayPal Express (including Credit Cards and Debit Cards)','paypal_express',0,0.0000,NULL,'2015-09-28 11:16:34',5,'',NULL,NULL,'USD',1.000000,NULL,NULL,0,''),(130,NULL,3,'Alice Victim','','','','','','','','','','','','alice@victim.com','','10.55.128.12','Alice Victim','','10 Boulevard de Strasbourg','','Paris','75010','Paris',1142,'75',73,'France','FR','FRA',':name\n:street_address\n:postcode :city\n:country','04040404','Alice Victim','','10 Boulevard de Strasbourg','','Paris','75010','Paris',1142,'75',73,'France','FR','FRA',':name\n:street_address\n:postcode :city\n:country','04040404','PayPal Express (including Credit Cards and Debit Cards)','paypal_express',0,0.0000,NULL,'2015-09-28 11:19:43',5,'',NULL,NULL,'USD',1.000000,NULL,NULL,0,''),(131,NULL,3,'Alice Victim','','','','','','','','','','','','alice@victim.com','','10.55.128.12','Alice Victim','','10 Boulevard de Strasbourg','','Paris','75010','Paris',1142,'75',73,'France','FR','FRA',':name\n:street_address\n:postcode :city\n:country','04040404','Alice Victim','','10 Boulevard de Strasbourg','','Paris','75010','Paris',1142,'75',73,'France','FR','FRA',':name\n:street_address\n:postcode :city\n:country','04040404','PayPal Express (including Credit Cards and Debit Cards)','paypal_express',0,0.0000,NULL,'2015-09-28 11:20:56',5,'',NULL,NULL,'USD',1.000000,NULL,NULL,0,''),(132,NULL,3,'Alice Victim','','','','','','','','','','','','alice@victim.com','','10.55.128.12','Alice Victim','','10 Boulevard de Strasbourg','','Paris','75010','Paris',1142,'75',73,'France','FR','FRA',':name\n:street_address\n:postcode :city\n:country','04040404','Alice Victim','','10 Boulevard de Strasbourg','','Paris','75010','Paris',1142,'75',73,'France','FR','FRA',':name\n:street_address\n:postcode :city\n:country','04040404','PayPal Express (including Credit Cards and Debit Cards)','paypal_express',0,0.0000,NULL,'2015-09-28 11:22:05',5,'',NULL,NULL,'USD',1.000000,NULL,NULL,0,''),(133,NULL,3,'Alice Victim','','','','','','','','','','','','alice@victim.com','','10.55.128.13','Alice Victim','','10 Boulevard de Strasbourg','','Paris','75010','Paris',1142,'75',73,'France','FR','FRA',':name\n:street_address\n:postcode :city\n:country','04040404','Alice Victim','','10 Boulevard de Strasbourg','','Paris','75010','Paris',1142,'75',73,'France','FR','FRA',':name\n:street_address\n:postcode :city\n:country','04040404','PayPal Express (including Credit Cards and Debit Cards)','paypal_express',0,0.0000,NULL,'2015-09-28 11:23:17',5,'',NULL,NULL,'USD',1.000000,NULL,NULL,0,''),(134,NULL,3,'Alice Victim','','','','','','','','','','','','alice@victim.com','','10.55.128.13','Alice Victim','','10 Boulevard de Strasbourg','','Paris','75010','Paris',1142,'75',73,'France','FR','FRA',':name\n:street_address\n:postcode :city\n:country','04040404','Alice Victim','','10 Boulevard de Strasbourg','','Paris','75010','Paris',1142,'75',73,'France','FR','FRA',':name\n:street_address\n:postcode :city\n:country','04040404','PayPal Express (including Credit Cards and Debit Cards)','paypal_express',0,0.0000,NULL,'2015-09-28 11:24:35',5,'',NULL,NULL,'USD',1.000000,NULL,NULL,0,''),(135,NULL,3,'Alice Victim','','','','','','','','','','','','alice@victim.com','','10.55.128.13','Alice Victim','','10 Boulevard de Strasbourg','','Paris','75010','Paris',1142,'75',73,'France','FR','FRA',':name\n:street_address\n:postcode :city\n:country','04040404','Alice Victim','','10 Boulevard de Strasbourg','','Paris','75010','Paris',1142,'75',73,'France','FR','FRA',':name\n:street_address\n:postcode :city\n:country','04040404','PayPal Express (including Credit Cards and Debit Cards)','paypal_express',0,0.0000,NULL,'2015-09-28 11:25:45',5,'',NULL,NULL,'USD',1.000000,NULL,NULL,0,''),(136,NULL,3,'Alice Victim','','','','','','','','','','','','alice@victim.com','','10.55.128.13','Alice Victim','','10 Boulevard de Strasbourg','','Paris','75010','Paris',1142,'75',73,'France','FR','FRA',':name\n:street_address\n:postcode :city\n:country','04040404','Alice Victim','','10 Boulevard de Strasbourg','','Paris','75010','Paris',1142,'75',73,'France','FR','FRA',':name\n:street_address\n:postcode :city\n:country','04040404','PayPal Express (including Credit Cards and Debit Cards)','paypal_express',0,0.0000,NULL,'2015-09-28 11:27:13',5,'',NULL,NULL,'USD',1.000000,NULL,NULL,0,''),(137,NULL,3,'Alice Victim','','','','','','','','','','','','alice@victim.com','','10.55.128.13','Alice Victim','','10 Boulevard de Strasbourg','','Paris','75010','Paris',1142,'75',73,'France','FR','FRA',':name\n:street_address\n:postcode :city\n:country','04040404','Alice Victim','','10 Boulevard de Strasbourg','','Paris','75010','Paris',1142,'75',73,'France','FR','FRA',':name\n:street_address\n:postcode :city\n:country','04040404','PayPal Express (including Credit Cards and Debit Cards)','paypal_express',0,0.0000,NULL,'2015-09-28 11:28:42',5,'',NULL,NULL,'USD',1.000000,NULL,NULL,0,''),(138,NULL,3,'Alice Victim','','','','','','','','','','','','alice@victim.com','','10.55.128.13','Alice Victim','','10 Boulevard de Strasbourg','','Paris','75010','Paris',1142,'75',73,'France','FR','FRA',':name\n:street_address\n:postcode :city\n:country','04040404','Alice Victim','','10 Boulevard de Strasbourg','','Paris','75010','Paris',1142,'75',73,'France','FR','FRA',':name\n:street_address\n:postcode :city\n:country','04040404','PayPal Express (including Credit Cards and Debit Cards)','paypal_express',0,0.0000,NULL,'2015-09-28 11:30:03',5,'',NULL,NULL,'USD',1.000000,NULL,NULL,0,''),(139,NULL,3,'Alice Victim','','','','','','','','','','','','alice@victim.com','','10.55.128.13','Alice Victim','','10 Boulevard de Strasbourg','','Paris','75010','Paris',1142,'75',73,'France','FR','FRA',':name\n:street_address\n:postcode :city\n:country','04040404','Alice Victim','','10 Boulevard de Strasbourg','','Paris','75010','Paris',1142,'75',73,'France','FR','FRA',':name\n:street_address\n:postcode :city\n:country','04040404','PayPal Express (including Credit Cards and Debit Cards)','paypal_express',0,0.0000,NULL,'2015-09-28 11:31:15',5,'',NULL,NULL,'USD',1.000000,NULL,NULL,0,''),(140,NULL,3,'Alice Victim','','','','','','','','','','','','alice@victim.com','','10.55.128.13','Alice Victim','','10 Boulevard de Strasbourg','','Paris','75010','Paris',1142,'75',73,'France','FR','FRA',':name\n:street_address\n:postcode :city\n:country','04040404','Alice Victim','','10 Boulevard de Strasbourg','','Paris','75010','Paris',1142,'75',73,'France','FR','FRA',':name\n:street_address\n:postcode :city\n:country','04040404','PayPal Express (including Credit Cards and Debit Cards)','paypal_express',0,0.0000,NULL,'2015-09-28 11:32:29',5,'',NULL,NULL,'USD',1.000000,NULL,NULL,0,''),(141,NULL,3,'Alice Victim','','','','','','','','','','','','alice@victim.com','','10.55.128.13','Alice Victim','','10 Boulevard de Strasbourg','','Paris','75010','Paris',1142,'75',73,'France','FR','FRA',':name\n:street_address\n:postcode :city\n:country','04040404','Alice Victim','','10 Boulevard de Strasbourg','','Paris','75010','Paris',1142,'75',73,'France','FR','FRA',':name\n:street_address\n:postcode :city\n:country','04040404','PayPal Express (including Credit Cards and Debit Cards)','paypal_express',0,0.0000,NULL,'2015-09-28 11:33:41',5,'',NULL,NULL,'USD',1.000000,NULL,NULL,0,''),(142,NULL,3,'Alice Victim','','','','','','','','','','','','alice@victim.com','','10.55.128.13','Alice Victim','','10 Boulevard de Strasbourg','','Paris','75010','Paris',1142,'75',73,'France','FR','FRA',':name\n:street_address\n:postcode :city\n:country','04040404','Alice Victim','','10 Boulevard de Strasbourg','','Paris','75010','Paris',1142,'75',73,'France','FR','FRA',':name\n:street_address\n:postcode :city\n:country','04040404','PayPal Express (including Credit Cards and Debit Cards)','paypal_express',0,0.0000,NULL,'2015-09-28 11:34:50',5,'',NULL,NULL,'USD',1.000000,NULL,NULL,0,''),(143,NULL,3,'Alice Victim','','','','','','','','','','','','alice@victim.com','','10.55.128.13','Alice Victim','','10 Boulevard de Strasbourg','','Paris','75010','Paris',1142,'75',73,'France','FR','FRA',':name\n:street_address\n:postcode :city\n:country','04040404','Alice Victim','','10 Boulevard de Strasbourg','','Paris','75010','Paris',1142,'75',73,'France','FR','FRA',':name\n:street_address\n:postcode :city\n:country','04040404','PayPal Express (including Credit Cards and Debit Cards)','paypal_express',0,0.0000,NULL,'2015-09-28 11:36:04',5,'',NULL,NULL,'USD',1.000000,NULL,NULL,0,''),(144,NULL,3,'Alice Victim','','','','','','','','','','','','alice@victim.com','','10.55.128.13','Alice Victim','','10 Boulevard de Strasbourg','','Paris','75010','Paris',1142,'75',73,'France','FR','FRA',':name\n:street_address\n:postcode :city\n:country','04040404','Alice Victim','','10 Boulevard de Strasbourg','','Paris','75010','Paris',1142,'75',73,'France','FR','FRA',':name\n:street_address\n:postcode :city\n:country','04040404','PayPal Express (including Credit Cards and Debit Cards)','paypal_express',0,0.0000,NULL,'2015-09-28 11:37:19',5,'',NULL,NULL,'USD',1.000000,NULL,NULL,0,''),(145,NULL,3,'Alice Victim','','','','','','','','','','','','alice@victim.com','','10.55.128.13','Alice Victim','','10 Boulevard de Strasbourg','','Paris','75010','Paris',1142,'75',73,'France','FR','FRA',':name\n:street_address\n:postcode :city\n:country','04040404','Alice Victim','','10 Boulevard de Strasbourg','','Paris','75010','Paris',1142,'75',73,'France','FR','FRA',':name\n:street_address\n:postcode :city\n:country','04040404','PayPal Express (including Credit Cards and Debit Cards)','paypal_express',0,0.0000,NULL,'2015-09-28 11:38:36',5,'',NULL,NULL,'USD',1.000000,NULL,NULL,0,''),(146,NULL,3,'Alice Victim','','','','','','','','','','','','alice@victim.com','','10.55.128.13','Alice Victim','','10 Boulevard de Strasbourg','','Paris','75010','Paris',1142,'75',73,'France','FR','FRA',':name\n:street_address\n:postcode :city\n:country','04040404','Alice Victim','','10 Boulevard de Strasbourg','','Paris','75010','Paris',1142,'75',73,'France','FR','FRA',':name\n:street_address\n:postcode :city\n:country','04040404','PayPal Express (including Credit Cards and Debit Cards)','paypal_express',0,0.0000,NULL,'2015-09-28 11:39:47',5,'',NULL,NULL,'USD',1.000000,NULL,NULL,0,''),(147,NULL,3,'Alice Victim','','','','','','','','','','','','alice@victim.com','','10.55.128.13','Alice Victim','','10 Boulevard de Strasbourg','','Paris','75010','Paris',1142,'75',73,'France','FR','FRA',':name\n:street_address\n:postcode :city\n:country','04040404','Alice Victim','','10 Boulevard de Strasbourg','','Paris','75010','Paris',1142,'75',73,'France','FR','FRA',':name\n:street_address\n:postcode :city\n:country','04040404','PayPal Express (including Credit Cards and Debit Cards)','paypal_express',0,0.0000,NULL,'2015-09-28 11:41:01',5,'',NULL,NULL,'USD',1.000000,NULL,NULL,0,''),(148,NULL,3,'Alice Victim','','','','','','','','','','','','alice@victim.com','','10.55.128.13','Alice Victim','','10 Boulevard de Strasbourg','','Paris','75010','Paris',1142,'75',73,'France','FR','FRA',':name\n:street_address\n:postcode :city\n:country','04040404','Alice Victim','','10 Boulevard de Strasbourg','','Paris','75010','Paris',1142,'75',73,'France','FR','FRA',':name\n:street_address\n:postcode :city\n:country','04040404','PayPal Express (including Credit Cards and Debit Cards)','paypal_express',0,0.0000,NULL,'2015-09-28 11:42:20',5,'',NULL,NULL,'USD',1.000000,NULL,NULL,0,''),(149,NULL,3,'Alice Victim','','','','','','','','','','','','alice@victim.com','','10.55.128.12','Alice Victim','','10 Boulevard de Strasbourg','','Paris','75010','Paris',1142,'75',73,'France','FR','FRA',':name\n:street_address\n:postcode :city\n:country','04040404','Alice Victim','','10 Boulevard de Strasbourg','','Paris','75010','Paris',1142,'75',73,'France','FR','FRA',':name\n:street_address\n:postcode :city\n:country','04040404','PayPal Express (including Credit Cards and Debit Cards)','paypal_express',0,0.0000,NULL,'2015-09-28 11:43:36',5,'',NULL,NULL,'USD',1.000000,NULL,NULL,0,''),(150,NULL,3,'Alice Victim','','','','','','','','','','','','alice@victim.com','','10.55.128.12','Alice Victim','','10 Boulevard de Strasbourg','','Paris','75010','Paris',1142,'75',73,'France','FR','FRA',':name\n:street_address\n:postcode :city\n:country','04040404','Alice Victim','','10 Boulevard de Strasbourg','','Paris','75010','Paris',1142,'75',73,'France','FR','FRA',':name\n:street_address\n:postcode :city\n:country','04040404','PayPal Express (including Credit Cards and Debit Cards)','paypal_express',0,0.0000,NULL,'2015-09-28 11:44:48',5,'',NULL,NULL,'USD',1.000000,NULL,NULL,0,''),(151,NULL,3,'Alice Victim','','','','','','','','','','','','alice@victim.com','','10.55.128.12','Alice Victim','','10 Boulevard de Strasbourg','','Paris','75010','Paris',1142,'75',73,'France','FR','FRA',':name\n:street_address\n:postcode :city\n:country','04040404','Alice Victim','','10 Boulevard de Strasbourg','','Paris','75010','Paris',1142,'75',73,'France','FR','FRA',':name\n:street_address\n:postcode :city\n:country','04040404','PayPal Express (including Credit Cards and Debit Cards)','paypal_express',0,0.0000,NULL,'2015-09-28 11:47:29',5,'',NULL,NULL,'USD',1.000000,NULL,NULL,0,''),(152,NULL,3,'Alice Victim','','','','','','','','','','','','alice@victim.com','','10.55.128.12','Alice Victim','','10 Boulevard de Strasbourg','','Paris','75010','Paris',1142,'75',73,'France','FR','FRA',':name\n:street_address\n:postcode :city\n:country','04040404','Alice Victim','','10 Boulevard de Strasbourg','','Paris','75010','Paris',1142,'75',73,'France','FR','FRA',':name\n:street_address\n:postcode :city\n:country','04040404','PayPal Express (including Credit Cards and Debit Cards)','paypal_express',0,0.0000,NULL,'2015-09-28 11:49:57',5,'',NULL,NULL,'USD',1.000000,NULL,NULL,0,''),(153,NULL,3,'Alice Victim','','','','','','','','','','','','alice@victim.com','','10.55.128.13','Alice Victim','','10 Boulevard de Strasbourg','','Paris','75010','Paris',1142,'75',73,'France','FR','FRA',':name\n:street_address\n:postcode :city\n:country','04040404','Alice Victim','','10 Boulevard de Strasbourg','','Paris','75010','Paris',1142,'75',73,'France','FR','FRA',':name\n:street_address\n:postcode :city\n:country','04040404','PayPal Express (including Credit Cards and Debit Cards)','paypal_express',0,0.0000,NULL,'2015-09-28 14:47:55',5,'',NULL,NULL,'USD',1.000000,NULL,NULL,0,''),(154,NULL,3,'Alice Victim','','','','','','','','','','','','alice@victim.com','','10.55.128.13','Alice Victim','','10 Boulevard de Strasbourg','','Paris','75010','Paris',1142,'75',73,'France','FR','FRA',':name\n:street_address\n:postcode :city\n:country','04040404','Alice Victim','','10 Boulevard de Strasbourg','','Paris','75010','Paris',1142,'75',73,'France','FR','FRA',':name\n:street_address\n:postcode :city\n:country','04040404','PayPal Express (including Credit Cards and Debit Cards)','paypal_express',0,0.0000,NULL,'2015-10-02 16:52:55',5,'',NULL,NULL,'USD',1.000000,NULL,NULL,0,''),(155,NULL,4,'John Test','','','','','','','','','','','','john@victim.com','','10.55.132.140','','','','','','','',1072,'',73,'','','','','','','','','','','','',1072,'',73,'','','','','','','',0,0.0000,NULL,'2015-10-02 16:56:59',5,'',NULL,NULL,'USD',1.000000,NULL,NULL,0,''),(156,NULL,3,'Alice Victim','','','','','','','','','','','','alice@victim.com','','10.55.128.13','Alice Victim','','10 Boulevard de Strasbourg','','Paris','75010','Paris',1142,'75',73,'France','FR','FRA',':name\n:street_address\n:postcode :city\n:country','04040404','Alice Victim','','10 Boulevard de Strasbourg','','Paris','75010','Paris',1142,'75',73,'France','FR','FRA',':name\n:street_address\n:postcode :city\n:country','04040404','PayPal Express (including Credit Cards and Debit Cards)','paypal_express',0,0.0000,NULL,'2015-10-02 18:24:11',5,'',NULL,NULL,'USD',1.000000,NULL,NULL,0,''),(157,NULL,3,'Alice Victim','','','','','','','','','','','','alice@victim.com','','10.55.128.13','Alice Victim','','10 Boulevard de Strasbourg','','Paris','75010','Paris',1142,'75',73,'France','FR','FRA',':name\n:street_address\n:postcode :city\n:country','04040404','Alice Victim','','10 Boulevard de Strasbourg','','Paris','75010','Paris',1142,'75',73,'France','FR','FRA',':name\n:street_address\n:postcode :city\n:country','04040404','PayPal Express (including Credit Cards and Debit Cards)','paypal_express',0,0.0000,NULL,'2015-10-02 18:25:15',5,'',NULL,NULL,'USD',1.000000,NULL,NULL,0,''),(158,NULL,3,'Alice Victim','','','','','','','','','','','','alice@victim.com','','10.55.128.13','Alice Victim','','10 Boulevard de Strasbourg','','Paris','75010','Paris',1142,'75',73,'France','FR','FRA',':name\n:street_address\n:postcode :city\n:country','04040404','Alice Victim','','10 Boulevard de Strasbourg','','Paris','75010','Paris',1142,'75',73,'France','FR','FRA',':name\n:street_address\n:postcode :city\n:country','04040404','PayPal Express (including Credit Cards and Debit Cards)','paypal_express',0,0.0000,NULL,'2015-10-02 18:26:18',5,'',NULL,NULL,'USD',1.000000,NULL,NULL,0,''),(159,NULL,3,'Alice Victim','','','','','','','','','','','','alice@victim.com','','10.55.128.13','Alice Victim','','10 Boulevard de Strasbourg','','Paris','75010','Paris',1142,'75',73,'France','FR','FRA',':name\n:street_address\n:postcode :city\n:country','04040404','Alice Victim','','10 Boulevard de Strasbourg','','Paris','75010','Paris',1142,'75',73,'France','FR','FRA',':name\n:street_address\n:postcode :city\n:country','04040404','PayPal Express (including Credit Cards and Debit Cards)','paypal_express',0,0.0000,NULL,'2015-10-02 18:27:20',5,'',NULL,NULL,'USD',1.000000,NULL,NULL,0,''),(160,NULL,3,'Alice Victim','','','','','','','','','','','','alice@victim.com','','10.55.128.12','Alice Victim','','10 Boulevard de Strasbourg','','Paris','75010','Paris',1142,'75',73,'France','FR','FRA',':name\n:street_address\n:postcode :city\n:country','04040404','Alice Victim','','10 Boulevard de Strasbourg','','Paris','75010','Paris',1142,'75',73,'France','FR','FRA',':name\n:street_address\n:postcode :city\n:country','04040404','PayPal Express (including Credit Cards and Debit Cards)','paypal_express',0,0.0000,NULL,'2015-10-02 18:46:47',5,'',NULL,NULL,'USD',1.000000,NULL,NULL,0,''),(161,NULL,3,'Alice Victim','','','','','','','','','','','','alice@victim.com','','10.55.128.12','Alice Victim','','10 Boulevard de Strasbourg','','Paris','75010','Paris',1142,'75',73,'France','FR','FRA',':name\n:street_address\n:postcode :city\n:country','04040404','Alice Victim','','10 Boulevard de Strasbourg','','Paris','75010','Paris',1142,'75',73,'France','FR','FRA',':name\n:street_address\n:postcode :city\n:country','04040404','PayPal Express (including Credit Cards and Debit Cards)','paypal_express',0,0.0000,NULL,'2015-10-02 18:47:52',5,'',NULL,NULL,'USD',1.000000,NULL,NULL,0,''),(162,NULL,3,'Alice Victim','','','','','','','','','','','','alice@victim.com','','10.55.128.12','Alice Victim','','10 Boulevard de Strasbourg','','Paris','75010','Paris',1142,'75',73,'France','FR','FRA',':name\n:street_address\n:postcode :city\n:country','04040404','Alice Victim','','10 Boulevard de Strasbourg','','Paris','75010','Paris',1142,'75',73,'France','FR','FRA',':name\n:street_address\n:postcode :city\n:country','04040404','PayPal Express (including Credit Cards and Debit Cards)','paypal_express',0,0.0000,NULL,'2015-10-02 18:48:54',5,'',NULL,NULL,'USD',1.000000,NULL,NULL,0,''),(163,NULL,3,'Alice Victim','','','','','','','','','','','','alice@victim.com','','10.55.128.12','Alice Victim','','10 Boulevard de Strasbourg','','Paris','75010','Paris',1142,'75',73,'France','FR','FRA',':name\n:street_address\n:postcode :city\n:country','04040404','Alice Victim','','10 Boulevard de Strasbourg','','Paris','75010','Paris',1142,'75',73,'France','FR','FRA',':name\n:street_address\n:postcode :city\n:country','04040404','PayPal Express (including Credit Cards and Debit Cards)','paypal_express',0,0.0000,NULL,'2015-10-02 18:52:27',5,'',NULL,NULL,'USD',1.000000,NULL,NULL,0,''),(164,NULL,3,'Alice Victim','','','','','','','','','','','','alice@victim.com','','10.55.128.12','Alice Victim','','10 Boulevard de Strasbourg','','Paris','75010','Paris',1142,'75',73,'France','FR','FRA',':name\n:street_address\n:postcode :city\n:country','04040404','Alice Victim','','10 Boulevard de Strasbourg','','Paris','75010','Paris',1142,'75',73,'France','FR','FRA',':name\n:street_address\n:postcode :city\n:country','04040404','PayPal Express (including Credit Cards and Debit Cards)','paypal_express',0,0.0000,NULL,'2015-10-02 18:53:31',5,'',NULL,NULL,'USD',1.000000,NULL,NULL,0,''),(165,NULL,3,'Alice Victim','','','','','','','','','','','','alice@victim.com','','10.55.128.12','Alice Victim','','10 Boulevard de Strasbourg','','Paris','75010','Paris',1142,'75',73,'France','FR','FRA',':name\n:street_address\n:postcode :city\n:country','04040404','Alice Victim','','10 Boulevard de Strasbourg','','Paris','75010','Paris',1142,'75',73,'France','FR','FRA',':name\n:street_address\n:postcode :city\n:country','04040404','PayPal Express (including Credit Cards and Debit Cards)','paypal_express',0,0.0000,NULL,'2015-10-05 11:44:46',5,'',NULL,NULL,'USD',1.000000,NULL,NULL,0,''),(166,NULL,3,'Alice Victim','','','','','','','','','','','','alice@victim.com','','10.55.128.12','Alice Victim','','10 Boulevard de Strasbourg','','Paris','75010','Paris',1142,'75',73,'France','FR','FRA',':name\n:street_address\n:postcode :city\n:country','04040404','Alice Victim','','10 Boulevard de Strasbourg','','Paris','75010','Paris',1142,'75',73,'France','FR','FRA',':name\n:street_address\n:postcode :city\n:country','04040404','PayPal Express (including Credit Cards and Debit Cards)','paypal_express',0,0.0000,NULL,'2015-10-05 11:45:50',5,'',NULL,NULL,'USD',1.000000,NULL,NULL,0,''),(167,NULL,3,'Alice Victim','','','','','','','','','','','','alice@victim.com','','10.55.128.12','Alice Victim','','10 Boulevard de Strasbourg','','Paris','75010','Paris',1142,'75',73,'France','FR','FRA',':name\n:street_address\n:postcode :city\n:country','04040404','Alice Victim','','10 Boulevard de Strasbourg','','Paris','75010','Paris',1142,'75',73,'France','FR','FRA',':name\n:street_address\n:postcode :city\n:country','04040404','PayPal Express (including Credit Cards and Debit Cards)','paypal_express',0,0.0000,NULL,'2015-10-05 11:46:56',5,'',NULL,NULL,'USD',1.000000,NULL,NULL,0,''),(168,NULL,3,'Alice Victim','','','','','','','','','','','','alice@victim.com','','10.55.128.12','Alice Victim','','10 Boulevard de Strasbourg','','Paris','75010','Paris',1142,'75',73,'France','FR','FRA',':name\n:street_address\n:postcode :city\n:country','04040404','Alice Victim','','10 Boulevard de Strasbourg','','Paris','75010','Paris',1142,'75',73,'France','FR','FRA',':name\n:street_address\n:postcode :city\n:country','04040404','PayPal Express (including Credit Cards and Debit Cards)','paypal_express',0,0.0000,NULL,'2015-10-05 13:22:47',5,'',NULL,NULL,'USD',1.000000,NULL,NULL,0,''),(169,NULL,3,'Alice Victim','','','','','','','','','','','','alice@victim.com','','10.55.128.12','Alice Victim','','10 Boulevard de Strasbourg','','Paris','75010','Paris',1142,'75',73,'France','FR','FRA',':name\n:street_address\n:postcode :city\n:country','04040404','Alice Victim','','10 Boulevard de Strasbourg','','Paris','75010','Paris',1142,'75',73,'France','FR','FRA',':name\n:street_address\n:postcode :city\n:country','04040404','PayPal Express (including Credit Cards and Debit Cards)','paypal_express',0,0.0000,NULL,'2015-10-05 13:35:51',5,'',NULL,NULL,'USD',1.000000,NULL,NULL,0,''),(170,NULL,3,'Alice Victim','','','','','','','','','','','','alice@victim.com','','10.55.128.12','Alice Victim','','10 Boulevard de Strasbourg','','Paris','75010','Paris',1142,'75',73,'France','FR','FRA',':name\n:street_address\n:postcode :city\n:country','04040404','Alice Victim','','10 Boulevard de Strasbourg','','Paris','75010','Paris',1142,'75',73,'France','FR','FRA',':name\n:street_address\n:postcode :city\n:country','04040404','PayPal Express (including Credit Cards and Debit Cards)','paypal_express',0,0.0000,NULL,'2015-10-05 13:36:57',5,'',NULL,NULL,'USD',1.000000,NULL,NULL,0,''),(171,NULL,3,'Alice Victim','','','','','','','','','','','','alice@victim.com','','10.55.128.12','Alice Victim','','10 Boulevard de Strasbourg','','Paris','75010','Paris',1142,'75',73,'France','FR','FRA',':name\n:street_address\n:postcode :city\n:country','04040404','Alice Victim','','10 Boulevard de Strasbourg','','Paris','75010','Paris',1142,'75',73,'France','FR','FRA',':name\n:street_address\n:postcode :city\n:country','04040404','PayPal Express (including Credit Cards and Debit Cards)','paypal_express',0,0.0000,NULL,'2015-10-05 13:38:07',5,'',NULL,NULL,'USD',1.000000,NULL,NULL,0,''),(172,NULL,3,'Alice Victim','','','','','','','','','','','','alice@victim.com','','10.55.128.13','Alice Victim','','10 Boulevard de Strasbourg','','Paris','75010','Paris',1142,'75',73,'France','FR','FRA',':name\n:street_address\n:postcode :city\n:country','04040404','Alice Victim','','10 Boulevard de Strasbourg','','Paris','75010','Paris',1142,'75',73,'France','FR','FRA',':name\n:street_address\n:postcode :city\n:country','04040404','PayPal Express (including Credit Cards and Debit Cards)','paypal_express',0,0.0000,NULL,'2015-10-05 16:20:59',5,'',NULL,NULL,'USD',1.000000,NULL,NULL,0,''),(173,NULL,3,'Alice Victim','','','','','','','','','','','','alice@victim.com','','10.55.128.13','Alice Victim','','10 Boulevard de Strasbourg','','Paris','75010','Paris',1142,'75',73,'France','FR','FRA',':name\n:street_address\n:postcode :city\n:country','04040404','Alice Victim','','10 Boulevard de Strasbourg','','Paris','75010','Paris',1142,'75',73,'France','FR','FRA',':name\n:street_address\n:postcode :city\n:country','04040404','PayPal Express (including Credit Cards and Debit Cards)','paypal_express',0,0.0000,NULL,'2015-10-05 16:23:49',5,'',NULL,NULL,'USD',1.000000,NULL,NULL,0,''),(174,NULL,3,'Alice Victim','','','','','','','','','','','','alice@victim.com','','10.55.128.13','Alice Victim','','10 Boulevard de Strasbourg','','Paris','75010','Paris',1142,'75',73,'France','FR','FRA',':name\n:street_address\n:postcode :city\n:country','04040404','Alice Victim','','10 Boulevard de Strasbourg','','Paris','75010','Paris',1142,'75',73,'France','FR','FRA',':name\n:street_address\n:postcode :city\n:country','04040404','PayPal Express (including Credit Cards and Debit Cards)','paypal_express',0,0.0000,NULL,'2015-10-05 16:39:57',5,'',NULL,NULL,'USD',1.000000,NULL,NULL,0,''),(175,NULL,3,'Alice Victim','','','','','','','','','','','','alice@victim.com','','10.55.128.13','Alice Victim','','10 Boulevard de Strasbourg','','Paris','75010','Paris',1142,'75',73,'France','FR','FRA',':name\n:street_address\n:postcode :city\n:country','04040404','Alice Victim','','10 Boulevard de Strasbourg','','Paris','75010','Paris',1142,'75',73,'France','FR','FRA',':name\n:street_address\n:postcode :city\n:country','04040404','PayPal Express (including Credit Cards and Debit Cards)','paypal_express',0,0.0000,NULL,'2015-10-05 16:41:13',5,'',NULL,NULL,'USD',1.000000,NULL,NULL,0,''),(176,NULL,3,'Alice Victim','','','','','','','','','','','','alice@victim.com','','10.55.128.13','Alice Victim','','10 Boulevard de Strasbourg','','Paris','75010','Paris',1142,'75',73,'France','FR','FRA',':name\n:street_address\n:postcode :city\n:country','04040404','Alice Victim','','10 Boulevard de Strasbourg','','Paris','75010','Paris',1142,'75',73,'France','FR','FRA',':name\n:street_address\n:postcode :city\n:country','04040404','PayPal Express (including Credit Cards and Debit Cards)','paypal_express',0,0.0000,NULL,'2015-10-05 16:48:16',5,'',NULL,NULL,'USD',1.000000,NULL,NULL,0,''),(177,NULL,3,'Alice Victim','','','','','','','','','','','','alice@victim.com','','10.55.128.13','Alice Victim','','10 Boulevard de Strasbourg','','Paris','75010','Paris',1142,'75',73,'France','FR','FRA',':name\n:street_address\n:postcode :city\n:country','04040404','Alice Victim','','10 Boulevard de Strasbourg','','Paris','75010','Paris',1142,'75',73,'France','FR','FRA',':name\n:street_address\n:postcode :city\n:country','04040404','PayPal Express (including Credit Cards and Debit Cards)','paypal_express',0,0.0000,NULL,'2015-10-05 16:54:45',5,'',NULL,NULL,'USD',1.000000,NULL,NULL,0,''),(178,NULL,3,'Alice Victim','','','','','','','','','','','','alice@victim.com','','10.55.128.13','Alice Victim','','10 Boulevard de Strasbourg','','Paris','75010','Paris',1142,'75',73,'France','FR','FRA',':name\n:street_address\n:postcode :city\n:country','04040404','Alice Victim','','10 Boulevard de Strasbourg','','Paris','75010','Paris',1142,'75',73,'France','FR','FRA',':name\n:street_address\n:postcode :city\n:country','04040404','PayPal Express (including Credit Cards and Debit Cards)','paypal_express',0,0.0000,NULL,'2015-10-05 16:57:03',5,'',NULL,NULL,'USD',1.000000,NULL,NULL,0,''),(179,NULL,3,'Alice Victim','','','','','','','','','','','','alice@victim.com','','10.55.128.13','Alice Victim','','10 Boulevard de Strasbourg','','Paris','75010','Paris',1142,'75',73,'France','FR','FRA',':name\n:street_address\n:postcode :city\n:country','04040404','Alice Victim','','10 Boulevard de Strasbourg','','Paris','75010','Paris',1142,'75',73,'France','FR','FRA',':name\n:street_address\n:postcode :city\n:country','04040404','PayPal Express (including Credit Cards and Debit Cards)','paypal_express',0,0.0000,NULL,'2015-10-05 16:58:14',5,'',NULL,NULL,'USD',1.000000,NULL,NULL,0,''),(180,NULL,3,'Alice Victim','','','','','','','','','','','','alice@victim.com','','10.55.128.13','Alice Victim','','10 Boulevard de Strasbourg','','Paris','75010','Paris',1142,'75',73,'France','FR','FRA',':name\n:street_address\n:postcode :city\n:country','04040404','Alice Victim','','10 Boulevard de Strasbourg','','Paris','75010','Paris',1142,'75',73,'France','FR','FRA',':name\n:street_address\n:postcode :city\n:country','04040404','PayPal Express (including Credit Cards and Debit Cards)','paypal_express',0,0.0000,NULL,'2015-10-05 17:11:29',5,'',NULL,NULL,'USD',1.000000,NULL,NULL,0,''),(181,NULL,3,'Alice Victim','','','','','','','','','','','','alice@victim.com','','10.55.128.13','Alice Victim','','10 Boulevard de Strasbourg','','Paris','75010','Paris',1142,'75',73,'France','FR','FRA',':name\n:street_address\n:postcode :city\n:country','04040404','Alice Victim','','10 Boulevard de Strasbourg','','Paris','75010','Paris',1142,'75',73,'France','FR','FRA',':name\n:street_address\n:postcode :city\n:country','04040404','PayPal Express (including Credit Cards and Debit Cards)','paypal_express',0,0.0000,NULL,'2015-10-05 17:15:18',5,'',NULL,NULL,'USD',1.000000,NULL,NULL,0,''),(182,NULL,3,'Alice Victim','','','','','','','','','','','','alice@victim.com','','10.55.128.13','Alice Victim','','10 Boulevard de Strasbourg','','Paris','75010','Paris',1142,'75',73,'France','FR','FRA',':name\n:street_address\n:postcode :city\n:country','04040404','Alice Victim','','10 Boulevard de Strasbourg','','Paris','75010','Paris',1142,'75',73,'France','FR','FRA',':name\n:street_address\n:postcode :city\n:country','04040404','PayPal Express (including Credit Cards and Debit Cards)','paypal_express',0,0.0000,NULL,'2015-10-05 17:16:29',5,'',NULL,NULL,'USD',1.000000,NULL,NULL,0,''),(183,NULL,3,'Alice Victim','','','','','','','','','','','','alice@victim.com','','10.55.128.13','Alice Victim','','10 Boulevard de Strasbourg','','Paris','75010','Paris',1142,'75',73,'France','FR','FRA',':name\n:street_address\n:postcode :city\n:country','04040404','Alice Victim','','10 Boulevard de Strasbourg','','Paris','75010','Paris',1142,'75',73,'France','FR','FRA',':name\n:street_address\n:postcode :city\n:country','04040404','PayPal Express (including Credit Cards and Debit Cards)','paypal_express',0,0.0000,NULL,'2015-10-05 17:17:35',5,'',NULL,NULL,'USD',1.000000,NULL,NULL,0,''),(184,NULL,3,'Alice Victim','','','','','','','','','','','','alice@victim.com','','10.55.128.13','Alice Victim','','10 Boulevard de Strasbourg','','Paris','75010','Paris',1142,'75',73,'France','FR','FRA',':name\n:street_address\n:postcode :city\n:country','04040404','Alice Victim','','10 Boulevard de Strasbourg','','Paris','75010','Paris',1142,'75',73,'France','FR','FRA',':name\n:street_address\n:postcode :city\n:country','04040404','PayPal Express (including Credit Cards and Debit Cards)','paypal_express',0,0.0000,NULL,'2015-10-05 17:18:52',5,'',NULL,NULL,'USD',1.000000,NULL,NULL,0,''),(185,NULL,3,'Alice Victim','','','','','','','','','','','','alice@victim.com','','10.55.128.13','Alice Victim','','10 Boulevard de Strasbourg','','Paris','75010','Paris',1142,'75',73,'France','FR','FRA',':name\n:street_address\n:postcode :city\n:country','04040404','Alice Victim','','10 Boulevard de Strasbourg','','Paris','75010','Paris',1142,'75',73,'France','FR','FRA',':name\n:street_address\n:postcode :city\n:country','04040404','PayPal Express (including Credit Cards and Debit Cards)','paypal_express',0,0.0000,NULL,'2015-10-06 10:10:24',5,'',NULL,NULL,'USD',1.000000,NULL,NULL,0,''),(186,NULL,3,'Alice Victim','','','','','','','','','','','','alice@victim.com','','10.55.128.13','Alice Victim','','10 Boulevard de Strasbourg','','Paris','75010','Paris',1142,'75',73,'France','FR','FRA',':name\n:street_address\n:postcode :city\n:country','04040404','Alice Victim','','10 Boulevard de Strasbourg','','Paris','75010','Paris',1142,'75',73,'France','FR','FRA',':name\n:street_address\n:postcode :city\n:country','04040404','PayPal Express (including Credit Cards and Debit Cards)','paypal_express',0,0.0000,NULL,'2015-10-06 10:12:28',5,'',NULL,NULL,'USD',1.000000,NULL,NULL,0,''),(187,NULL,3,'Alice Victim','','','','','','','','','','','','alice@victim.com','','10.55.128.13','Alice Victim','','10 Boulevard de Strasbourg','','Paris','75010','Paris',1142,'75',73,'France','FR','FRA',':name\n:street_address\n:postcode :city\n:country','04040404','Alice Victim','','10 Boulevard de Strasbourg','','Paris','75010','Paris',1142,'75',73,'France','FR','FRA',':name\n:street_address\n:postcode :city\n:country','04040404','PayPal Express (including Credit Cards and Debit Cards)','paypal_express',0,0.0000,NULL,'2015-10-06 10:16:43',5,'',NULL,NULL,'USD',1.000000,NULL,NULL,0,''),(188,NULL,3,'Alice Victim','','','','','','','','','','','','alice@victim.com','','10.55.128.13','Alice Victim','','10 Boulevard de Strasbourg','','Paris','75010','Paris',1142,'75',73,'France','FR','FRA',':name\n:street_address\n:postcode :city\n:country','04040404','Alice Victim','','10 Boulevard de Strasbourg','','Paris','75010','Paris',1142,'75',73,'France','FR','FRA',':name\n:street_address\n:postcode :city\n:country','04040404','PayPal Express (including Credit Cards and Debit Cards)','paypal_express',0,0.0000,NULL,'2015-10-06 10:17:46',5,'',NULL,NULL,'USD',1.000000,NULL,NULL,0,''),(189,NULL,3,'Alice Victim','','','','','','','','','','','','alice@victim.com','','10.55.128.13','Alice Victim','','10 Boulevard de Strasbourg','','Paris','75010','Paris',1142,'75',73,'France','FR','FRA',':name\n:street_address\n:postcode :city\n:country','04040404','Alice Victim','','10 Boulevard de Strasbourg','','Paris','75010','Paris',1142,'75',73,'France','FR','FRA',':name\n:street_address\n:postcode :city\n:country','04040404','PayPal Express (including Credit Cards and Debit Cards)','paypal_express',0,0.0000,NULL,'2015-10-06 10:22:26',5,'',NULL,NULL,'USD',1.000000,NULL,NULL,0,''),(190,NULL,3,'Alice Victim','','','','','','','','','','','','alice@victim.com','','10.55.128.13','Alice Victim','','10 Boulevard de Strasbourg','','Paris','75010','Paris',1142,'75',73,'France','FR','FRA',':name\n:street_address\n:postcode :city\n:country','04040404','Alice Victim','','10 Boulevard de Strasbourg','','Paris','75010','Paris',1142,'75',73,'France','FR','FRA',':name\n:street_address\n:postcode :city\n:country','04040404','PayPal Express (including Credit Cards and Debit Cards)','paypal_express',0,0.0000,NULL,'2015-10-06 10:23:29',5,'',NULL,NULL,'USD',1.000000,NULL,NULL,0,''),(191,NULL,3,'Alice Victim','','','','','','','','','','','','alice@victim.com','','10.55.128.13','Alice Victim','','10 Boulevard de Strasbourg','','Paris','75010','Paris',1142,'75',73,'France','FR','FRA',':name\n:street_address\n:postcode :city\n:country','04040404','Alice Victim','','10 Boulevard de Strasbourg','','Paris','75010','Paris',1142,'75',73,'France','FR','FRA',':name\n:street_address\n:postcode :city\n:country','04040404','PayPal Express (including Credit Cards and Debit Cards)','paypal_express',0,0.0000,NULL,'2015-10-06 10:24:30',5,'',NULL,NULL,'USD',1.000000,NULL,NULL,0,''),(192,NULL,3,'Alice Victim','','','','','','','','','','','','alice@victim.com','','10.55.128.13','Alice Victim','','10 Boulevard de Strasbourg','','Paris','75010','Paris',1142,'75',73,'France','FR','FRA',':name\n:street_address\n:postcode :city\n:country','04040404','Alice Victim','','10 Boulevard de Strasbourg','','Paris','75010','Paris',1142,'75',73,'France','FR','FRA',':name\n:street_address\n:postcode :city\n:country','04040404','PayPal Express (including Credit Cards and Debit Cards)','paypal_express',0,0.0000,NULL,'2015-10-06 10:25:35',5,'',NULL,NULL,'USD',1.000000,NULL,NULL,0,''),(193,NULL,3,'Alice Victim','','','','','','','','','','','','alice@victim.com','','10.55.128.13','Alice Victim','','10 Boulevard de Strasbourg','','Paris','75010','Paris',1142,'75',73,'France','FR','FRA',':name\n:street_address\n:postcode :city\n:country','04040404','Alice Victim','','10 Boulevard de Strasbourg','','Paris','75010','Paris',1142,'75',73,'France','FR','FRA',':name\n:street_address\n:postcode :city\n:country','04040404','PayPal Express (including Credit Cards and Debit Cards)','paypal_express',0,0.0000,NULL,'2015-10-06 10:28:16',5,'',NULL,NULL,'USD',1.000000,NULL,NULL,0,''),(194,NULL,3,'Alice Victim','','','','','','','','','','','','alice@victim.com','','10.55.128.13','Alice Victim','','10 Boulevard de Strasbourg','','Paris','75010','Paris',1142,'75',73,'France','FR','FRA',':name\n:street_address\n:postcode :city\n:country','04040404','Alice Victim','','10 Boulevard de Strasbourg','','Paris','75010','Paris',1142,'75',73,'France','FR','FRA',':name\n:street_address\n:postcode :city\n:country','04040404','PayPal Express (including Credit Cards and Debit Cards)','paypal_express',0,0.0000,NULL,'2015-10-06 10:30:51',5,'',NULL,NULL,'USD',1.000000,NULL,NULL,0,''),(195,NULL,3,'Alice Victim','','','','','','','','','','','','alice@victim.com','','10.55.128.13','Alice Victim','','10 Boulevard de Strasbourg','','Paris','75010','Paris',1142,'75',73,'France','FR','FRA',':name\n:street_address\n:postcode :city\n:country','04040404','Alice Victim','','10 Boulevard de Strasbourg','','Paris','75010','Paris',1142,'75',73,'France','FR','FRA',':name\n:street_address\n:postcode :city\n:country','04040404','PayPal Express (including Credit Cards and Debit Cards)','paypal_express',0,0.0000,NULL,'2015-10-06 11:34:32',5,'',NULL,NULL,'USD',1.000000,NULL,NULL,0,''),(196,NULL,3,'Alice Victim','','','','','','','','','','','','alice@victim.com','','10.55.128.13','Alice Victim','','10 Boulevard de Strasbourg','','Paris','75010','Paris',1142,'75',73,'France','FR','FRA',':name\n:street_address\n:postcode :city\n:country','04040404','Alice Victim','','10 Boulevard de Strasbourg','','Paris','75010','Paris',1142,'75',73,'France','FR','FRA',':name\n:street_address\n:postcode :city\n:country','04040404','PayPal Express (including Credit Cards and Debit Cards)','paypal_express',0,0.0000,NULL,'2015-10-06 11:34:36',5,'',NULL,NULL,'USD',1.000000,NULL,NULL,0,''),(197,NULL,3,'Alice Victim','','','','','','','','','','','','alice@victim.com','','10.55.128.13','Alice Victim','','10 Boulevard de Strasbourg','','Paris','75010','Paris',1142,'75',73,'France','FR','FRA',':name\n:street_address\n:postcode :city\n:country','04040404','Alice Victim','','10 Boulevard de Strasbourg','','Paris','75010','Paris',1142,'75',73,'France','FR','FRA',':name\n:street_address\n:postcode :city\n:country','04040404','PayPal Express (including Credit Cards and Debit Cards)','paypal_express',0,0.0000,NULL,'2015-10-06 11:35:58',5,'',NULL,NULL,'USD',1.000000,NULL,NULL,0,''),(198,NULL,3,'Alice Victim','','','','','','','','','','','','alice@victim.com','','10.55.128.13','Alice Victim','','10 Boulevard de Strasbourg','','Paris','75010','Paris',1142,'75',73,'France','FR','FRA',':name\n:street_address\n:postcode :city\n:country','04040404','Alice Victim','','10 Boulevard de Strasbourg','','Paris','75010','Paris',1142,'75',73,'France','FR','FRA',':name\n:street_address\n:postcode :city\n:country','04040404','PayPal Express (including Credit Cards and Debit Cards)','paypal_express',0,0.0000,NULL,'2015-10-06 11:46:31',5,'',NULL,NULL,'USD',1.000000,NULL,NULL,0,''),(199,NULL,3,'Alice Victim','','','','','','','','','','','','alice@victim.com','','10.55.128.13','Alice Victim','','10 Boulevard de Strasbourg','','Paris','75010','Paris',1142,'75',73,'France','FR','FRA',':name\n:street_address\n:postcode :city\n:country','04040404','Alice Victim','','10 Boulevard de Strasbourg','','Paris','75010','Paris',1142,'75',73,'France','FR','FRA',':name\n:street_address\n:postcode :city\n:country','04040404','PayPal Express (including Credit Cards and Debit Cards)','paypal_express',0,0.0000,NULL,'2015-10-06 12:09:07',5,'',NULL,NULL,'USD',1.000000,NULL,NULL,0,''),(200,NULL,3,'Alice Victim','','','','','','','','','','','','alice@victim.com','','10.55.128.13','Alice Victim','','10 Boulevard de Strasbourg','','Paris','75010','Paris',1142,'75',73,'France','FR','FRA',':name\n:street_address\n:postcode :city\n:country','04040404','Alice Victim','','10 Boulevard de Strasbourg','','Paris','75010','Paris',1142,'75',73,'France','FR','FRA',':name\n:street_address\n:postcode :city\n:country','04040404','PayPal Express (including Credit Cards and Debit Cards)','paypal_express',0,0.0000,NULL,'2015-10-06 12:21:56',5,'',NULL,NULL,'USD',1.000000,NULL,NULL,0,''),(201,NULL,3,'Alice Victim','','','','','','','','','','','','alice@victim.com','','10.55.128.13','Alice Victim','','10 Boulevard de Strasbourg','','Paris','75010','Paris',1142,'75',73,'France','FR','FRA',':name\n:street_address\n:postcode :city\n:country','04040404','Alice Victim','','10 Boulevard de Strasbourg','','Paris','75010','Paris',1142,'75',73,'France','FR','FRA',':name\n:street_address\n:postcode :city\n:country','04040404','PayPal Express (including Credit Cards and Debit Cards)','paypal_express',0,0.0000,NULL,'2015-10-06 12:23:01',5,'',NULL,NULL,'USD',1.000000,NULL,NULL,0,''),(202,NULL,3,'Alice Victim','','','','','','','','','','','','alice@victim.com','','10.55.128.13','Alice Victim','','10 Boulevard de Strasbourg','','Paris','75010','Paris',1142,'75',73,'France','FR','FRA',':name\n:street_address\n:postcode :city\n:country','04040404','Alice Victim','','10 Boulevard de Strasbourg','','Paris','75010','Paris',1142,'75',73,'France','FR','FRA',':name\n:street_address\n:postcode :city\n:country','04040404','PayPal Express (including Credit Cards and Debit Cards)','paypal_express',0,0.0000,NULL,'2015-10-06 12:27:45',5,'',NULL,NULL,'USD',1.000000,NULL,NULL,0,''),(203,NULL,3,'Alice Victim','','','','','','','','','','','','alice@victim.com','','10.55.128.13','Alice Victim','','10 Boulevard de Strasbourg','','Paris','75010','Paris',1142,'75',73,'France','FR','FRA',':name\n:street_address\n:postcode :city\n:country','04040404','Alice Victim','','10 Boulevard de Strasbourg','','Paris','75010','Paris',1142,'75',73,'France','FR','FRA',':name\n:street_address\n:postcode :city\n:country','04040404','PayPal Express (including Credit Cards and Debit Cards)','paypal_express',0,0.0000,NULL,'2015-10-06 12:28:50',5,'',NULL,NULL,'USD',1.000000,NULL,NULL,0,''),(204,NULL,3,'Alice Victim','','','','','','','','','','','','alice@victim.com','','10.55.128.13','Alice Victim','','10 Boulevard de Strasbourg','','Paris','75010','Paris',1142,'75',73,'France','FR','FRA',':name\n:street_address\n:postcode :city\n:country','04040404','Alice Victim','','10 Boulevard de Strasbourg','','Paris','75010','Paris',1142,'75',73,'France','FR','FRA',':name\n:street_address\n:postcode :city\n:country','04040404','PayPal Express (including Credit Cards and Debit Cards)','paypal_express',0,0.0000,NULL,'2015-10-06 12:29:53',5,'',NULL,NULL,'USD',1.000000,NULL,NULL,0,''),(205,NULL,3,'Alice Victim','','','','','','','','','','','','alice@victim.com','','10.55.128.13','Alice Victim','','10 Boulevard de Strasbourg','','Paris','75010','Paris',1142,'75',73,'France','FR','FRA',':name\n:street_address\n:postcode :city\n:country','04040404','Alice Victim','','10 Boulevard de Strasbourg','','Paris','75010','Paris',1142,'75',73,'France','FR','FRA',':name\n:street_address\n:postcode :city\n:country','04040404','PayPal Express (including Credit Cards and Debit Cards)','paypal_express',0,0.0000,NULL,'2015-10-06 12:30:56',5,'',NULL,NULL,'USD',1.000000,NULL,NULL,0,''),(206,NULL,3,'Alice Victim','','','','','','','','','','','','alice@victim.com','','10.55.128.13','Alice Victim','','10 Boulevard de Strasbourg','','Paris','75010','Paris',1142,'75',73,'France','FR','FRA',':name\n:street_address\n:postcode :city\n:country','04040404','Alice Victim','','10 Boulevard de Strasbourg','','Paris','75010','Paris',1142,'75',73,'France','FR','FRA',':name\n:street_address\n:postcode :city\n:country','04040404','PayPal Express (including Credit Cards and Debit Cards)','paypal_express',0,0.0000,NULL,'2015-10-06 12:33:35',5,'',NULL,NULL,'USD',1.000000,NULL,NULL,0,''),(207,NULL,3,'Alice Victim','','','','','','','','','','','','alice@victim.com','','10.55.128.12','Alice Victim','','10 Boulevard de Strasbourg','','Paris','75010','Paris',1142,'75',73,'France','FR','FRA',':name\n:street_address\n:postcode :city\n:country','04040404','Alice Victim','','10 Boulevard de Strasbourg','','Paris','75010','Paris',1142,'75',73,'France','FR','FRA',':name\n:street_address\n:postcode :city\n:country','04040404','PayPal Express (including Credit Cards and Debit Cards)','paypal_express',0,0.0000,NULL,'2015-10-06 13:17:50',5,'',NULL,NULL,'USD',1.000000,NULL,NULL,0,''),(208,NULL,3,'Alice Victim','','','','','','','','','','','','alice@victim.com','','10.55.128.12','Alice Victim','','10 Boulevard de Strasbourg','','Paris','75010','Paris',1142,'75',73,'France','FR','FRA',':name\n:street_address\n:postcode :city\n:country','04040404','Alice Victim','','10 Boulevard de Strasbourg','','Paris','75010','Paris',1142,'75',73,'France','FR','FRA',':name\n:street_address\n:postcode :city\n:country','04040404','PayPal Express (including Credit Cards and Debit Cards)','paypal_express',0,0.0000,NULL,'2015-10-06 13:19:01',5,'',NULL,NULL,'USD',1.000000,NULL,NULL,0,''),(209,NULL,3,'Alice Victim','','','','','','','','','','','','alice@victim.com','','10.55.128.13','Alice Victim','','10 Boulevard de Strasbourg','','Paris','75010','Paris',1142,'75',73,'France','FR','FRA',':name\n:street_address\n:postcode :city\n:country','04040404','Alice Victim','','10 Boulevard de Strasbourg','','Paris','75010','Paris',1142,'75',73,'France','FR','FRA',':name\n:street_address\n:postcode :city\n:country','04040404','PayPal Express (including Credit Cards and Debit Cards)','paypal_express',0,0.0000,NULL,'2015-10-06 14:37:01',5,'',NULL,NULL,'USD',1.000000,NULL,NULL,0,''),(210,NULL,3,'Alice Victim','','','','','','','','','','','','alice@victim.com','','10.55.128.13','Alice Victim','','10 Boulevard de Strasbourg','','Paris','75010','Paris',1142,'75',73,'France','FR','FRA',':name\n:street_address\n:postcode :city\n:country','04040404','Alice Victim','','10 Boulevard de Strasbourg','','Paris','75010','Paris',1142,'75',73,'France','FR','FRA',':name\n:street_address\n:postcode :city\n:country','04040404','PayPal Express (including Credit Cards and Debit Cards)','paypal_express',0,0.0000,NULL,'2015-10-06 14:48:56',5,'',NULL,NULL,'USD',1.000000,NULL,NULL,0,''),(211,NULL,3,'Alice Victim','','','','','','','','','','','','alice@victim.com','','10.55.128.13','Alice Victim','','10 Boulevard de Strasbourg','','Paris','75010','Paris',1142,'75',73,'France','FR','FRA',':name\n:street_address\n:postcode :city\n:country','04040404','Alice Victim','','10 Boulevard de Strasbourg','','Paris','75010','Paris',1142,'75',73,'France','FR','FRA',':name\n:street_address\n:postcode :city\n:country','04040404','PayPal Express (including Credit Cards and Debit Cards)','paypal_express',0,0.0000,NULL,'2015-10-06 14:59:06',5,'',NULL,NULL,'USD',1.000000,NULL,NULL,0,''),(212,NULL,3,'Alice Victim','','','','','','','','','','','','alice@victim.com','','10.55.128.13','Alice Victim','','10 Boulevard de Strasbourg','','Paris','75010','Paris',1142,'75',73,'France','FR','FRA',':name\n:street_address\n:postcode :city\n:country','04040404','Alice Victim','','10 Boulevard de Strasbourg','','Paris','75010','Paris',1142,'75',73,'France','FR','FRA',':name\n:street_address\n:postcode :city\n:country','04040404','PayPal Express (including Credit Cards and Debit Cards)','paypal_express',0,0.0000,NULL,'2015-10-06 15:03:33',5,'',NULL,NULL,'USD',1.000000,NULL,NULL,0,''),(213,NULL,3,'Alice Victim','','','','','','','','','','','','alice@victim.com','','10.55.128.12','Alice Victim','','10 Boulevard de Strasbourg','','Paris','75010','Paris',1142,'75',73,'France','FR','FRA',':name\n:street_address\n:postcode :city\n:country','04040404','Alice Victim','','10 Boulevard de Strasbourg','','Paris','75010','Paris',1142,'75',73,'France','FR','FRA',':name\n:street_address\n:postcode :city\n:country','04040404','PayPal Express (including Credit Cards and Debit Cards)','paypal_express',0,0.0000,NULL,'2015-10-06 15:14:22',5,'',NULL,NULL,'USD',1.000000,NULL,NULL,0,''),(214,NULL,3,'Alice Victim','','','','','','','','','','','','alice@victim.com','','10.55.128.12','Alice Victim','','10 Boulevard de Strasbourg','','Paris','75010','Paris',1142,'75',73,'France','FR','FRA',':name\n:street_address\n:postcode :city\n:country','04040404','Alice Victim','','10 Boulevard de Strasbourg','','Paris','75010','Paris',1142,'75',73,'France','FR','FRA',':name\n:street_address\n:postcode :city\n:country','04040404','PayPal Express (including Credit Cards and Debit Cards)','paypal_express',0,0.0000,NULL,'2015-10-06 15:44:15',5,'',NULL,NULL,'USD',1.000000,NULL,NULL,0,''),(215,NULL,3,'Alice Victim','','','','','','','','','','','','alice@victim.com','','10.55.128.12','Alice Victim','','10 Boulevard de Strasbourg','','Paris','75010','Paris',1142,'75',73,'France','FR','FRA',':name\n:street_address\n:postcode :city\n:country','04040404','Alice Victim','','10 Boulevard de Strasbourg','','Paris','75010','Paris',1142,'75',73,'France','FR','FRA',':name\n:street_address\n:postcode :city\n:country','04040404','PayPal Express (including Credit Cards and Debit Cards)','paypal_express',0,0.0000,NULL,'2015-10-06 15:54:46',5,'',NULL,NULL,'USD',1.000000,NULL,NULL,0,''),(216,NULL,3,'Alice Victim','','','','','','','','','','','','alice@victim.com','','10.55.128.12','Alice Victim','','10 Boulevard de Strasbourg','','Paris','75010','Paris',1142,'75',73,'France','FR','FRA',':name\n:street_address\n:postcode :city\n:country','04040404','Alice Victim','','10 Boulevard de Strasbourg','','Paris','75010','Paris',1142,'75',73,'France','FR','FRA',':name\n:street_address\n:postcode :city\n:country','04040404','PayPal Express (including Credit Cards and Debit Cards)','paypal_express',0,0.0000,NULL,'2015-10-06 16:05:40',5,'',NULL,NULL,'USD',1.000000,NULL,NULL,0,''),(217,NULL,3,'Alice Victim','','','','','','','','','','','','alice@victim.com','','10.55.128.13','Alice Victim','','10 Boulevard de Strasbourg','','Paris','75010','Paris',1142,'75',73,'France','FR','FRA',':name\n:street_address\n:postcode :city\n:country','04040404','Alice Victim','','10 Boulevard de Strasbourg','','Paris','75010','Paris',1142,'75',73,'France','FR','FRA',':name\n:street_address\n:postcode :city\n:country','04040404','PayPal Express (including Credit Cards and Debit Cards)','paypal_express',0,0.0000,NULL,'2015-10-06 16:14:49',5,'',NULL,NULL,'USD',1.000000,NULL,NULL,0,''),(218,NULL,3,'Alice Victim','','','','','','','','','','','','alice@victim.com','','10.55.128.13','Alice Victim','','10 Boulevard de Strasbourg','','Paris','75010','Paris',1142,'75',73,'France','FR','FRA',':name\n:street_address\n:postcode :city\n:country','04040404','Alice Victim','','10 Boulevard de Strasbourg','','Paris','75010','Paris',1142,'75',73,'France','FR','FRA',':name\n:street_address\n:postcode :city\n:country','04040404','PayPal Express (including Credit Cards and Debit Cards)','paypal_express',0,0.0000,NULL,'2015-10-06 16:15:57',5,'',NULL,NULL,'USD',1.000000,NULL,NULL,0,''),(219,NULL,3,'Alice Victim','','','','','','','','','','','','alice@victim.com','','10.55.128.12','Alice Victim','','10 Boulevard de Strasbourg','','Paris','75010','Paris',1142,'75',73,'France','FR','FRA',':name\n:street_address\n:postcode :city\n:country','04040404','Alice Victim','','10 Boulevard de Strasbourg','','Paris','75010','Paris',1142,'75',73,'France','FR','FRA',':name\n:street_address\n:postcode :city\n:country','04040404','PayPal Express (including Credit Cards and Debit Cards)','paypal_express',0,0.0000,NULL,'2015-10-06 16:21:01',5,'',NULL,NULL,'USD',1.000000,NULL,NULL,0,''),(220,NULL,3,'Alice Victim','','','','','','','','','','','','alice@victim.com','','10.55.128.12','Alice Victim','','10 Boulevard de Strasbourg','','Paris','75010','Paris',1142,'75',73,'France','FR','FRA',':name\n:street_address\n:postcode :city\n:country','04040404','Alice Victim','','10 Boulevard de Strasbourg','','Paris','75010','Paris',1142,'75',73,'France','FR','FRA',':name\n:street_address\n:postcode :city\n:country','04040404','PayPal Express (including Credit Cards and Debit Cards)','paypal_express',0,0.0000,NULL,'2015-10-06 16:22:10',5,'',NULL,NULL,'USD',1.000000,NULL,NULL,0,''),(221,NULL,3,'Alice Victim','','','','','','','','','','','','alice@victim.com','','10.55.128.12','Alice Victim','','10 Boulevard de Strasbourg','','Paris','75010','Paris',1142,'75',73,'France','FR','FRA',':name\n:street_address\n:postcode :city\n:country','04040404','Alice Victim','','10 Boulevard de Strasbourg','','Paris','75010','Paris',1142,'75',73,'France','FR','FRA',':name\n:street_address\n:postcode :city\n:country','04040404','PayPal Express (including Credit Cards and Debit Cards)','paypal_express',0,0.0000,NULL,'2015-10-06 16:23:14',5,'',NULL,NULL,'USD',1.000000,NULL,NULL,0,''),(222,NULL,3,'Alice Victim','','','','','','','','','','','','alice@victim.com','','10.55.128.12','Alice Victim','','10 Boulevard de Strasbourg','','Paris','75010','Paris',1142,'75',73,'France','FR','FRA',':name\n:street_address\n:postcode :city\n:country','04040404','Alice Victim','','10 Boulevard de Strasbourg','','Paris','75010','Paris',1142,'75',73,'France','FR','FRA',':name\n:street_address\n:postcode :city\n:country','04040404','PayPal Express (including Credit Cards and Debit Cards)','paypal_express',0,0.0000,NULL,'2015-10-06 16:24:18',5,'',NULL,NULL,'USD',1.000000,NULL,NULL,0,''),(223,NULL,3,'Alice Victim','','','','','','','','','','','','alice@victim.com','','10.55.128.12','Alice Victim','','10 Boulevard de Strasbourg','','Paris','75010','Paris',1142,'75',73,'France','FR','FRA',':name\n:street_address\n:postcode :city\n:country','04040404','Alice Victim','','10 Boulevard de Strasbourg','','Paris','75010','Paris',1142,'75',73,'France','FR','FRA',':name\n:street_address\n:postcode :city\n:country','04040404','PayPal Express (including Credit Cards and Debit Cards)','paypal_express',0,0.0000,NULL,'2015-10-06 16:26:54',5,'',NULL,NULL,'USD',1.000000,NULL,NULL,0,''),(224,NULL,3,'Alice Victim','','','','','','','','','','','','alice@victim.com','','10.55.128.12','Alice Victim','','10 Boulevard de Strasbourg','','Paris','75010','Paris',1142,'75',73,'France','FR','FRA',':name\n:street_address\n:postcode :city\n:country','04040404','Alice Victim','','10 Boulevard de Strasbourg','','Paris','75010','Paris',1142,'75',73,'France','FR','FRA',':name\n:street_address\n:postcode :city\n:country','04040404','PayPal Express (including Credit Cards and Debit Cards)','paypal_express',0,0.0000,NULL,'2015-10-06 16:29:44',5,'',NULL,NULL,'USD',1.000000,NULL,NULL,0,''),(225,NULL,3,'Alice Victim','','','','','','','','','','','','alice@victim.com','','10.55.128.13','Alice Victim','','10 Boulevard de Strasbourg','','Paris','75010','Paris',1142,'75',73,'France','FR','FRA',':name\n:street_address\n:postcode :city\n:country','04040404','Alice Victim','','10 Boulevard de Strasbourg','','Paris','75010','Paris',1142,'75',73,'France','FR','FRA',':name\n:street_address\n:postcode :city\n:country','04040404','PayPal Express (including Credit Cards and Debit Cards)','paypal_express',0,0.0000,NULL,'2015-10-08 13:06:22',5,'',NULL,NULL,'USD',1.000000,NULL,NULL,0,''),(226,NULL,3,'Alice Victim','','','','','','','','','','','','alice@victim.com','','10.55.128.12','Alice Victim','','10 Boulevard de Strasbourg','','Paris','75010','Paris',1142,'75',73,'France','FR','FRA',':name\n:street_address\n:postcode :city\n:country','04040404','Alice Victim','','10 Boulevard de Strasbourg','','Paris','75010','Paris',1142,'75',73,'France','FR','FRA',':name\n:street_address\n:postcode :city\n:country','04040404','PayPal Express (including Credit Cards and Debit Cards)','paypal_express',0,0.0000,NULL,'2015-10-08 14:11:24',5,'',NULL,NULL,'USD',1.000000,NULL,NULL,0,''),(227,NULL,3,'Alice Victim','','','','','','','','','','','','alice@victim.com','','10.55.128.13','Alice Victim','','10 Boulevard de Strasbourg','','Paris','75010','Paris',1142,'75',73,'France','FR','FRA',':name\n:street_address\n:postcode :city\n:country','04040404','Alice Victim','','10 Boulevard de Strasbourg','','Paris','75010','Paris',1142,'75',73,'France','FR','FRA',':name\n:street_address\n:postcode :city\n:country','04040404','PayPal Express (including Credit Cards and Debit Cards)','paypal_express',0,0.0000,NULL,'2015-10-08 15:18:46',5,'',NULL,NULL,'USD',1.000000,NULL,NULL,0,''),(228,NULL,3,'Alice Victim','','','','','','','','','','','','alice@victim.com','','10.55.128.12','Alice Victim','','10 Boulevard de Strasbourg','','Paris','75010','Paris',1142,'75',73,'France','FR','FRA',':name\n:street_address\n:postcode :city\n:country','04040404','Alice Victim','','10 Boulevard de Strasbourg','','Paris','75010','Paris',1142,'75',73,'France','FR','FRA',':name\n:street_address\n:postcode :city\n:country','04040404','PayPal Express (including Credit Cards and Debit Cards)','paypal_express',0,0.0000,NULL,'2015-10-08 15:50:04',5,'',NULL,NULL,'USD',1.000000,NULL,NULL,0,''),(229,NULL,3,'Alice Victim','','','','','','','','','','','','alice@victim.com','','10.55.128.12','Alice Victim','','10 Boulevard de Strasbourg','','Paris','75010','Paris',1142,'75',73,'France','FR','FRA',':name\n:street_address\n:postcode :city\n:country','04040404','Alice Victim','','10 Boulevard de Strasbourg','','Paris','75010','Paris',1142,'75',73,'France','FR','FRA',':name\n:street_address\n:postcode :city\n:country','04040404','PayPal Express (including Credit Cards and Debit Cards)','paypal_express',0,0.0000,NULL,'2015-10-08 16:16:01',5,'',NULL,NULL,'USD',1.000000,NULL,NULL,0,''),(230,NULL,3,'Alice Victim','','','','','','','','','','','','alice@victim.com','','10.55.128.12','Alice Victim','','10 Boulevard de Strasbourg','','Paris','75010','Paris',1142,'75',73,'France','FR','FRA',':name\n:street_address\n:postcode :city\n:country','04040404','Alice Victim','','10 Boulevard de Strasbourg','','Paris','75010','Paris',1142,'75',73,'France','FR','FRA',':name\n:street_address\n:postcode :city\n:country','04040404','PayPal Express (including Credit Cards and Debit Cards)','paypal_express',0,0.0000,NULL,'2015-10-08 16:17:33',5,'',NULL,NULL,'USD',1.000000,NULL,NULL,0,''),(231,NULL,3,'Alice Victim','','','','','','','','','','','','alice@victim.com','','10.55.128.13','Alice Victim','','10 Boulevard de Strasbourg','','Paris','75010','Paris',1142,'75',73,'France','FR','FRA',':name\n:street_address\n:postcode :city\n:country','04040404','Alice Victim','','10 Boulevard de Strasbourg','','Paris','75010','Paris',1142,'75',73,'France','FR','FRA',':name\n:street_address\n:postcode :city\n:country','04040404','PayPal Express (including Credit Cards and Debit Cards)','paypal_express',0,0.0000,NULL,'2015-10-12 10:28:00',5,'',NULL,NULL,'USD',1.000000,NULL,NULL,0,''),(232,NULL,3,'Alice Victim','','','','','','','','','','','','alice@victim.com','','10.55.128.13','Alice Victim','','10 Boulevard de Strasbourg','','Paris','75010','Paris',1142,'75',73,'France','FR','FRA',':name\n:street_address\n:postcode :city\n:country','04040404','Alice Victim','','10 Boulevard de Strasbourg','','Paris','75010','Paris',1142,'75',73,'France','FR','FRA',':name\n:street_address\n:postcode :city\n:country','04040404','PayPal Express (including Credit Cards and Debit Cards)','paypal_express',0,0.0000,NULL,'2015-10-12 10:29:14',5,'',NULL,NULL,'USD',1.000000,NULL,NULL,0,''),(233,NULL,3,'Alice Victim','','','','','','','','','','','','alice@victim.com','','10.55.128.13','Alice Victim','','10 Boulevard de Strasbourg','','Paris','75010','Paris',1142,'75',73,'France','FR','FRA',':name\n:street_address\n:postcode :city\n:country','04040404','Alice Victim','','10 Boulevard de Strasbourg','','Paris','75010','Paris',1142,'75',73,'France','FR','FRA',':name\n:street_address\n:postcode :city\n:country','04040404','PayPal Express (including Credit Cards and Debit Cards)','paypal_express',0,0.0000,NULL,'2015-10-12 10:30:18',5,'',NULL,NULL,'USD',1.000000,NULL,NULL,0,''),(234,NULL,3,'Alice Victim','','','','','','','','','','','','alice@victim.com','','10.55.128.13','Alice Victim','','10 Boulevard de Strasbourg','','Paris','75010','Paris',1142,'75',73,'France','FR','FRA',':name\n:street_address\n:postcode :city\n:country','04040404','Alice Victim','','10 Boulevard de Strasbourg','','Paris','75010','Paris',1142,'75',73,'France','FR','FRA',':name\n:street_address\n:postcode :city\n:country','04040404','PayPal Express (including Credit Cards and Debit Cards)','paypal_express',0,0.0000,NULL,'2015-10-12 10:31:20',5,'',NULL,NULL,'USD',1.000000,NULL,NULL,0,''),(235,NULL,3,'Alice Victim','','','','','','','','','','','','alice@victim.com','','10.55.128.13','Alice Victim','','10 Boulevard de Strasbourg','','Paris','75010','Paris',1142,'75',73,'France','FR','FRA',':name\n:street_address\n:postcode :city\n:country','04040404','Alice Victim','','10 Boulevard de Strasbourg','','Paris','75010','Paris',1142,'75',73,'France','FR','FRA',':name\n:street_address\n:postcode :city\n:country','04040404','PayPal Express (including Credit Cards and Debit Cards)','paypal_express',0,0.0000,NULL,'2015-10-12 10:55:31',5,'',NULL,NULL,'USD',1.000000,NULL,NULL,0,''),(236,NULL,3,'Alice Victim','','','','','','','','','','','','alice@victim.com','','10.55.128.13','Alice Victim','','10 Boulevard de Strasbourg','','Paris','75010','Paris',1142,'75',73,'France','FR','FRA',':name\n:street_address\n:postcode :city\n:country','04040404','Alice Victim','','10 Boulevard de Strasbourg','','Paris','75010','Paris',1142,'75',73,'France','FR','FRA',':name\n:street_address\n:postcode :city\n:country','04040404','','',0,0.0000,NULL,'2015-10-12 10:58:11',5,'',NULL,NULL,'USD',1.000000,NULL,NULL,0,''),(237,NULL,3,'Alice Victim','','','','','','','','','','','','alice@victim.com','','10.55.128.13','Alice Victim','','10 Boulevard de Strasbourg','','Paris','75010','Paris',1142,'75',73,'France','FR','FRA',':name\n:street_address\n:postcode :city\n:country','04040404','Alice Victim','','10 Boulevard de Strasbourg','','Paris','75010','Paris',1142,'75',73,'France','FR','FRA',':name\n:street_address\n:postcode :city\n:country','04040404','PayPal Express (including Credit Cards and Debit Cards)','paypal_express',0,0.0000,NULL,'2015-10-12 18:02:42',5,'',NULL,NULL,'USD',1.000000,NULL,NULL,0,''),(238,NULL,3,'Alice Victim','','','','','','','','','','','','alice@victim.com','','10.55.128.13','Alice Victim','','10 Boulevard de Strasbourg','','Paris','75010','Paris',1142,'75',73,'France','FR','FRA',':name\n:street_address\n:postcode :city\n:country','04040404','Alice Victim','','10 Boulevard de Strasbourg','','Paris','75010','Paris',1142,'75',73,'France','FR','FRA',':name\n:street_address\n:postcode :city\n:country','04040404','PayPal Express (including Credit Cards and Debit Cards)','paypal_express',0,0.0000,NULL,'2015-10-12 18:04:23',5,'',NULL,NULL,'USD',1.000000,NULL,NULL,0,''),(239,NULL,3,'Alice Victim','','','','','','','','','','','','alice@victim.com','','10.55.128.13','Alice Victim','','10 Boulevard de Strasbourg','','Paris','75010','Paris',1142,'75',73,'France','FR','FRA',':name\n:street_address\n:postcode :city\n:country','04040404','Alice Victim','','10 Boulevard de Strasbourg','','Paris','75010','Paris',1142,'75',73,'France','FR','FRA',':name\n:street_address\n:postcode :city\n:country','04040404','PayPal Express (including Credit Cards and Debit Cards)','paypal_express',0,0.0000,NULL,'2015-10-12 18:06:54',5,'',NULL,NULL,'USD',1.000000,NULL,NULL,0,''),(240,NULL,3,'Alice Victim','','','','','','','','','','','','alice@victim.com','','10.55.128.13','Alice Victim','','10 Boulevard de Strasbourg','','Paris','75010','Paris',1142,'75',73,'France','FR','FRA',':name\n:street_address\n:postcode :city\n:country','04040404','Alice Victim','','10 Boulevard de Strasbourg','','Paris','75010','Paris',1142,'75',73,'France','FR','FRA',':name\n:street_address\n:postcode :city\n:country','04040404','PayPal Express (including Credit Cards and Debit Cards)','paypal_express',0,0.0000,NULL,'2015-10-12 18:07:53',5,'',NULL,NULL,'USD',1.000000,NULL,NULL,0,''),(241,NULL,3,'Alice Victim','','','','','','','','','','','','alice@victim.com','','10.55.128.13','Alice Victim','','10 Boulevard de Strasbourg','','Paris','75010','Paris',1142,'75',73,'France','FR','FRA',':name\n:street_address\n:postcode :city\n:country','04040404','Alice Victim','','10 Boulevard de Strasbourg','','Paris','75010','Paris',1142,'75',73,'France','FR','FRA',':name\n:street_address\n:postcode :city\n:country','04040404','PayPal Express (including Credit Cards and Debit Cards)','paypal_express',0,0.0000,NULL,'2015-10-12 18:08:51',5,'',NULL,NULL,'USD',1.000000,NULL,NULL,0,''),(242,NULL,3,'Alice Victim','','','','','','','','','','','','alice@victim.com','','10.55.128.13','Alice Victim','','10 Boulevard de Strasbourg','','Paris','75010','Paris',1142,'75',73,'France','FR','FRA',':name\n:street_address\n:postcode :city\n:country','04040404','Alice Victim','','10 Boulevard de Strasbourg','','Paris','75010','Paris',1142,'75',73,'France','FR','FRA',':name\n:street_address\n:postcode :city\n:country','04040404','PayPal Express (including Credit Cards and Debit Cards)','paypal_express',0,0.0000,NULL,'2015-10-12 18:10:00',5,'',NULL,NULL,'USD',1.000000,NULL,NULL,0,''),(243,NULL,3,'Alice Victim','','','','','','','','','','','','alice@victim.com','','10.55.128.13','Alice Victim','','10 Boulevard de Strasbourg','','Paris','75010','Paris',1142,'75',73,'France','FR','FRA',':name\n:street_address\n:postcode :city\n:country','04040404','Alice Victim','','10 Boulevard de Strasbourg','','Paris','75010','Paris',1142,'75',73,'France','FR','FRA',':name\n:street_address\n:postcode :city\n:country','04040404','PayPal Express (including Credit Cards and Debit Cards)','paypal_express',0,0.0000,NULL,'2015-10-13 09:46:33',5,'',NULL,NULL,'USD',1.000000,NULL,NULL,0,''),(244,NULL,3,'Alice Victim','','','','','','','','','','','','alice@victim.com','','10.55.128.13','Alice Victim','','10 Boulevard de Strasbourg','','Paris','75010','Paris',1142,'75',73,'France','FR','FRA',':name\n:street_address\n:postcode :city\n:country','04040404','Alice Victim','','10 Boulevard de Strasbourg','','Paris','75010','Paris',1142,'75',73,'France','FR','FRA',':name\n:street_address\n:postcode :city\n:country','04040404','PayPal Express (including Credit Cards and Debit Cards)','paypal_express',0,0.0000,NULL,'2015-10-13 09:47:32',5,'',NULL,NULL,'USD',1.000000,NULL,NULL,0,''),(245,NULL,3,'Alice Victim','','','','','','','','','','','','alice@victim.com','','10.55.128.13','Alice Victim','','10 Boulevard de Strasbourg','','Paris','75010','Paris',1142,'75',73,'France','FR','FRA',':name\n:street_address\n:postcode :city\n:country','04040404','Alice Victim','','10 Boulevard de Strasbourg','','Paris','75010','Paris',1142,'75',73,'France','FR','FRA',':name\n:street_address\n:postcode :city\n:country','04040404','PayPal Express (including Credit Cards and Debit Cards)','paypal_express',0,0.0000,NULL,'2015-10-13 09:48:35',5,'',NULL,NULL,'USD',1.000000,NULL,NULL,0,''),(246,NULL,3,'Alice Victim','','','','','','','','','','','','alice@victim.com','','10.55.128.13','Alice Victim','','10 Boulevard de Strasbourg','','Paris','75010','Paris',1142,'75',73,'France','FR','FRA',':name\n:street_address\n:postcode :city\n:country','04040404','Alice Victim','','10 Boulevard de Strasbourg','','Paris','75010','Paris',1142,'75',73,'France','FR','FRA',':name\n:street_address\n:postcode :city\n:country','04040404','PayPal Express (including Credit Cards and Debit Cards)','paypal_express',0,0.0000,NULL,'2015-10-13 09:49:43',5,'',NULL,NULL,'USD',1.000000,NULL,NULL,0,''),(247,NULL,3,'Alice Victim','','','','','','','','','','','','alice@victim.com','','10.55.128.13','Alice Victim','','10 Boulevard de Strasbourg','','Paris','75010','Paris',1142,'75',73,'France','FR','FRA',':name\n:street_address\n:postcode :city\n:country','04040404','Alice Victim','','10 Boulevard de Strasbourg','','Paris','75010','Paris',1142,'75',73,'France','FR','FRA',':name\n:street_address\n:postcode :city\n:country','04040404','PayPal Express (including Credit Cards and Debit Cards)','paypal_express',0,0.0000,NULL,'2015-10-13 10:20:57',5,'',NULL,NULL,'USD',1.000000,NULL,NULL,0,''),(248,NULL,3,'Alice Victim','','','','','','','','','','','','alice@victim.com','','10.55.128.13','Alice Victim','','10 Boulevard de Strasbourg','','Paris','75010','Paris',1142,'75',73,'France','FR','FRA',':name\n:street_address\n:postcode :city\n:country','04040404','Alice Victim','','10 Boulevard de Strasbourg','','Paris','75010','Paris',1142,'75',73,'France','FR','FRA',':name\n:street_address\n:postcode :city\n:country','04040404','PayPal Express (including Credit Cards and Debit Cards)','paypal_express',0,0.0000,NULL,'2015-10-13 10:22:06',5,'',NULL,NULL,'USD',1.000000,NULL,NULL,0,''),(249,NULL,3,'Alice Victim','','','','','','','','','','','','alice@victim.com','','10.55.128.13','Alice Victim','','10 Boulevard de Strasbourg','','Paris','75010','Paris',1142,'75',73,'France','FR','FRA',':name\n:street_address\n:postcode :city\n:country','04040404','Alice Victim','','10 Boulevard de Strasbourg','','Paris','75010','Paris',1142,'75',73,'France','FR','FRA',':name\n:street_address\n:postcode :city\n:country','04040404','PayPal Express (including Credit Cards and Debit Cards)','paypal_express',0,0.0000,NULL,'2015-10-13 10:23:11',5,'',NULL,NULL,'USD',1.000000,NULL,NULL,0,''),(250,NULL,3,'Alice Victim','','','','','','','','','','','','alice@victim.com','','10.55.128.13','Alice Victim','','10 Boulevard de Strasbourg','','Paris','75010','Paris',1142,'75',73,'France','FR','FRA',':name\n:street_address\n:postcode :city\n:country','04040404','Alice Victim','','10 Boulevard de Strasbourg','','Paris','75010','Paris',1142,'75',73,'France','FR','FRA',':name\n:street_address\n:postcode :city\n:country','04040404','PayPal Express (including Credit Cards and Debit Cards)','paypal_express',0,0.0000,NULL,'2015-10-13 10:24:19',5,'',NULL,NULL,'USD',1.000000,NULL,NULL,0,''),(251,NULL,3,'Alice Victim','','','','','','','','','','','','alice@victim.com','','10.55.128.13','Alice Victim','','10 Boulevard de Strasbourg','','Paris','75010','Paris',1142,'75',73,'France','FR','FRA',':name\n:street_address\n:postcode :city\n:country','04040404','Alice Victim','','10 Boulevard de Strasbourg','','Paris','75010','Paris',1142,'75',73,'France','FR','FRA',':name\n:street_address\n:postcode :city\n:country','04040404','PayPal Express (including Credit Cards and Debit Cards)','paypal_express',0,0.0000,NULL,'2015-10-13 11:27:28',5,'',NULL,NULL,'USD',1.000000,NULL,NULL,0,''),(252,NULL,3,'Alice Victim','','','','','','','','','','','','alice@victim.com','','10.55.128.13','Alice Victim','','10 Boulevard de Strasbourg','','Paris','75010','Paris',1142,'75',73,'France','FR','FRA',':name\n:street_address\n:postcode :city\n:country','04040404','Alice Victim','','10 Boulevard de Strasbourg','','Paris','75010','Paris',1142,'75',73,'France','FR','FRA',':name\n:street_address\n:postcode :city\n:country','04040404','PayPal Express (including Credit Cards and Debit Cards)','paypal_express',0,0.0000,NULL,'2015-10-13 11:28:30',5,'',NULL,NULL,'USD',1.000000,NULL,NULL,0,''),(253,NULL,3,'Alice Victim','','','','','','','','','','','','alice@victim.com','','10.55.128.13','Alice Victim','','10 Boulevard de Strasbourg','','Paris','75010','Paris',1142,'75',73,'France','FR','FRA',':name\n:street_address\n:postcode :city\n:country','04040404','Alice Victim','','10 Boulevard de Strasbourg','','Paris','75010','Paris',1142,'75',73,'France','FR','FRA',':name\n:street_address\n:postcode :city\n:country','04040404','PayPal Express (including Credit Cards and Debit Cards)','paypal_express',0,0.0000,NULL,'2015-10-13 11:35:48',5,'',NULL,NULL,'USD',1.000000,NULL,NULL,0,''),(254,NULL,3,'Alice Victim','','','','','','','','','','','','alice@victim.com','','10.55.128.13','Alice Victim','','10 Boulevard de Strasbourg','','Paris','75010','Paris',1142,'75',73,'France','FR','FRA',':name\n:street_address\n:postcode :city\n:country','04040404','Alice Victim','','10 Boulevard de Strasbourg','','Paris','75010','Paris',1142,'75',73,'France','FR','FRA',':name\n:street_address\n:postcode :city\n:country','04040404','PayPal Express (including Credit Cards and Debit Cards)','paypal_express',0,0.0000,NULL,'2015-10-13 11:36:47',5,'',NULL,NULL,'USD',1.000000,NULL,NULL,0,''),(255,NULL,3,'Alice Victim','','','','','','','','','','','','alice@victim.com','','10.55.128.13','Alice Victim','','10 Boulevard de Strasbourg','','Paris','75010','Paris',1142,'75',73,'France','FR','FRA',':name\n:street_address\n:postcode :city\n:country','04040404','Alice Victim','','10 Boulevard de Strasbourg','','Paris','75010','Paris',1142,'75',73,'France','FR','FRA',':name\n:street_address\n:postcode :city\n:country','04040404','PayPal Express (including Credit Cards and Debit Cards)','paypal_express',0,0.0000,NULL,'2015-10-13 11:37:49',5,'',NULL,NULL,'USD',1.000000,NULL,NULL,0,''),(256,NULL,3,'Alice Victim','','','','','','','','','','','','alice@victim.com','','10.55.128.13','Alice Victim','','10 Boulevard de Strasbourg','','Paris','75010','Paris',1142,'75',73,'France','FR','FRA',':name\n:street_address\n:postcode :city\n:country','04040404','Alice Victim','','10 Boulevard de Strasbourg','','Paris','75010','Paris',1142,'75',73,'France','FR','FRA',':name\n:street_address\n:postcode :city\n:country','04040404','PayPal Express (including Credit Cards and Debit Cards)','paypal_express',0,0.0000,NULL,'2015-10-13 11:40:17',5,'',NULL,NULL,'USD',1.000000,NULL,NULL,0,''),(257,NULL,3,'Alice Victim','','','','','','','','','','','','alice@victim.com','','10.55.128.12','Alice Victim','','10 Boulevard de Strasbourg','','Paris','75010','Paris',1142,'75',73,'France','FR','FRA',':name\n:street_address\n:postcode :city\n:country','04040404','Alice Victim','','10 Boulevard de Strasbourg','','Paris','75010','Paris',1142,'75',73,'France','FR','FRA',':name\n:street_address\n:postcode :city\n:country','04040404','PayPal Express (including Credit Cards and Debit Cards)','paypal_express',0,0.0000,NULL,'2015-10-13 15:12:23',5,'',NULL,NULL,'USD',1.000000,NULL,NULL,0,''),(258,NULL,3,'Alice Victim','','','','','','','','','','','','alice@victim.com','','10.55.128.12','Alice Victim','','10 Boulevard de Strasbourg','','Paris','75010','Paris',1142,'75',73,'France','FR','FRA',':name\n:street_address\n:postcode :city\n:country','04040404','Alice Victim','','10 Boulevard de Strasbourg','','Paris','75010','Paris',1142,'75',73,'France','FR','FRA',':name\n:street_address\n:postcode :city\n:country','04040404','PayPal Express (including Credit Cards and Debit Cards)','paypal_express',0,0.0000,NULL,'2015-10-13 15:13:44',5,'',NULL,NULL,'USD',1.000000,NULL,NULL,0,''),(259,NULL,3,'Alice Victim','','','','','','','','','','','','alice@victim.com','','10.55.128.12','Alice Victim','','10 Boulevard de Strasbourg','','Paris','75010','Paris',1142,'75',73,'France','FR','FRA',':name\n:street_address\n:postcode :city\n:country','04040404','Alice Victim','','10 Boulevard de Strasbourg','','Paris','75010','Paris',1142,'75',73,'France','FR','FRA',':name\n:street_address\n:postcode :city\n:country','04040404','PayPal Express (including Credit Cards and Debit Cards)','paypal_express',0,0.0000,NULL,'2015-10-13 15:14:53',5,'',NULL,NULL,'USD',1.000000,NULL,NULL,0,''),(260,NULL,3,'Alice Victim','','','','','','','','','','','','alice@victim.com','','10.55.128.12','Alice Victim','','10 Boulevard de Strasbourg','','Paris','75010','Paris',1142,'75',73,'France','FR','FRA',':name\n:street_address\n:postcode :city\n:country','04040404','Alice Victim','','10 Boulevard de Strasbourg','','Paris','75010','Paris',1142,'75',73,'France','FR','FRA',':name\n:street_address\n:postcode :city\n:country','04040404','PayPal Express (including Credit Cards and Debit Cards)','paypal_express',0,0.0000,NULL,'2015-10-13 15:15:59',5,'',NULL,NULL,'USD',1.000000,NULL,NULL,0,''),(261,NULL,3,'Alice Victim','','','','','','','','','','','','alice@victim.com','','10.55.128.12','Alice Victim','','10 Boulevard de Strasbourg','','Paris','75010','Paris',1142,'75',73,'France','FR','FRA',':name\n:street_address\n:postcode :city\n:country','04040404','Alice Victim','','10 Boulevard de Strasbourg','','Paris','75010','Paris',1142,'75',73,'France','FR','FRA',':name\n:street_address\n:postcode :city\n:country','04040404','PayPal Express (including Credit Cards and Debit Cards)','paypal_express',0,0.0000,NULL,'2015-10-13 15:42:34',5,'',NULL,NULL,'USD',1.000000,NULL,NULL,0,''),(262,NULL,3,'Alice Victim','','','','','','','','','','','','alice@victim.com','','10.55.128.12','Alice Victim','','10 Boulevard de Strasbourg','','Paris','75010','Paris',1142,'75',73,'France','FR','FRA',':name\n:street_address\n:postcode :city\n:country','04040404','Alice Victim','','10 Boulevard de Strasbourg','','Paris','75010','Paris',1142,'75',73,'France','FR','FRA',':name\n:street_address\n:postcode :city\n:country','04040404','PayPal Express (including Credit Cards and Debit Cards)','paypal_express',0,0.0000,NULL,'2015-10-13 15:43:48',5,'',NULL,NULL,'USD',1.000000,NULL,NULL,0,''),(263,NULL,3,'Alice Victim','','','','','','','','','','','','alice@victim.com','','10.55.128.12','Alice Victim','','10 Boulevard de Strasbourg','','Paris','75010','Paris',1142,'75',73,'France','FR','FRA',':name\n:street_address\n:postcode :city\n:country','04040404','Alice Victim','','10 Boulevard de Strasbourg','','Paris','75010','Paris',1142,'75',73,'France','FR','FRA',':name\n:street_address\n:postcode :city\n:country','04040404','PayPal Express (including Credit Cards and Debit Cards)','paypal_express',0,0.0000,NULL,'2015-10-13 15:44:57',5,'',NULL,NULL,'USD',1.000000,NULL,NULL,0,''),(264,NULL,3,'Alice Victim','','','','','','','','','','','','alice@victim.com','','10.55.128.12','Alice Victim','','10 Boulevard de Strasbourg','','Paris','75010','Paris',1142,'75',73,'France','FR','FRA',':name\n:street_address\n:postcode :city\n:country','04040404','Alice Victim','','10 Boulevard de Strasbourg','','Paris','75010','Paris',1142,'75',73,'France','FR','FRA',':name\n:street_address\n:postcode :city\n:country','04040404','PayPal Express (including Credit Cards and Debit Cards)','paypal_express',0,0.0000,NULL,'2015-10-13 15:46:14',5,'',NULL,NULL,'USD',1.000000,NULL,NULL,0,''),(265,NULL,3,'Alice Victim','','','','','','','','','','','','alice@victim.com','','10.55.128.12','Alice Victim','','10 Boulevard de Strasbourg','','Paris','75010','Paris',1142,'75',73,'France','FR','FRA',':name\n:street_address\n:postcode :city\n:country','04040404','Alice Victim','','10 Boulevard de Strasbourg','','Paris','75010','Paris',1142,'75',73,'France','FR','FRA',':name\n:street_address\n:postcode :city\n:country','04040404','PayPal Express (including Credit Cards and Debit Cards)','paypal_express',0,0.0000,NULL,'2015-10-13 16:11:05',5,'',NULL,NULL,'USD',1.000000,NULL,NULL,0,''),(266,NULL,3,'Alice Victim','','','','','','','','','','','','alice@victim.com','','10.55.128.12','Alice Victim','','10 Boulevard de Strasbourg','','Paris','75010','Paris',1142,'75',73,'France','FR','FRA',':name\n:street_address\n:postcode :city\n:country','04040404','Alice Victim','','10 Boulevard de Strasbourg','','Paris','75010','Paris',1142,'75',73,'France','FR','FRA',':name\n:street_address\n:postcode :city\n:country','04040404','PayPal Express (including Credit Cards and Debit Cards)','paypal_express',0,0.0000,NULL,'2015-10-13 16:12:36',5,'',NULL,NULL,'USD',1.000000,NULL,NULL,0,''),(267,NULL,3,'Alice Victim','','','','','','','','','','','','alice@victim.com','','10.55.128.12','Alice Victim','','10 Boulevard de Strasbourg','','Paris','75010','Paris',1142,'75',73,'France','FR','FRA',':name\n:street_address\n:postcode :city\n:country','04040404','Alice Victim','','10 Boulevard de Strasbourg','','Paris','75010','Paris',1142,'75',73,'France','FR','FRA',':name\n:street_address\n:postcode :city\n:country','04040404','PayPal Express (including Credit Cards and Debit Cards)','paypal_express',0,0.0000,NULL,'2015-10-13 16:17:56',5,'',NULL,NULL,'USD',1.000000,NULL,NULL,0,''),(268,NULL,3,'Alice Victim','','','','','','','','','','','','alice@victim.com','','10.55.128.12','Alice Victim','','10 Boulevard de Strasbourg','','Paris','75010','Paris',1142,'75',73,'France','FR','FRA',':name\n:street_address\n:postcode :city\n:country','04040404','Alice Victim','','10 Boulevard de Strasbourg','','Paris','75010','Paris',1142,'75',73,'France','FR','FRA',':name\n:street_address\n:postcode :city\n:country','04040404','PayPal Express (including Credit Cards and Debit Cards)','paypal_express',0,0.0000,NULL,'2015-10-13 16:19:09',5,'',NULL,NULL,'USD',1.000000,NULL,NULL,0,''),(269,NULL,3,'Alice Victim','','','','','','','','','','','','alice@victim.com','','10.55.128.12','Alice Victim','','10 Boulevard de Strasbourg','','Paris','75010','Paris',1142,'75',73,'France','FR','FRA',':name\n:street_address\n:postcode :city\n:country','04040404','Alice Victim','','10 Boulevard de Strasbourg','','Paris','75010','Paris',1142,'75',73,'France','FR','FRA',':name\n:street_address\n:postcode :city\n:country','04040404','PayPal Express (including Credit Cards and Debit Cards)','paypal_express',0,0.0000,NULL,'2015-10-13 16:20:42',5,'',NULL,NULL,'USD',1.000000,NULL,NULL,0,''),(270,NULL,3,'Alice Victim','','','','','','','','','','','','alice@victim.com','','10.55.128.12','Alice Victim','','10 Boulevard de Strasbourg','','Paris','75010','Paris',1142,'75',73,'France','FR','FRA',':name\n:street_address\n:postcode :city\n:country','04040404','Alice Victim','','10 Boulevard de Strasbourg','','Paris','75010','Paris',1142,'75',73,'France','FR','FRA',':name\n:street_address\n:postcode :city\n:country','04040404','PayPal Express (including Credit Cards and Debit Cards)','paypal_express',0,0.0000,NULL,'2015-10-13 16:22:05',5,'',NULL,NULL,'USD',1.000000,NULL,NULL,0,''),(271,NULL,3,'Alice Victim','','','','','','','','','','','','alice@victim.com','','10.55.128.12','Alice Victim','','10 Boulevard de Strasbourg','','Paris','75010','Paris',1142,'75',73,'France','FR','FRA',':name\n:street_address\n:postcode :city\n:country','04040404','Alice Victim','','10 Boulevard de Strasbourg','','Paris','75010','Paris',1142,'75',73,'France','FR','FRA',':name\n:street_address\n:postcode :city\n:country','04040404','PayPal Express (including Credit Cards and Debit Cards)','paypal_express',0,0.0000,NULL,'2015-10-13 16:23:22',5,'',NULL,NULL,'USD',1.000000,NULL,NULL,0,''),(272,NULL,3,'Alice Victim','','','','','','','','','','','','alice@victim.com','','10.55.128.12','Alice Victim','','10 Boulevard de Strasbourg','','Paris','75010','Paris',1142,'75',73,'France','FR','FRA',':name\n:street_address\n:postcode :city\n:country','04040404','Alice Victim','','10 Boulevard de Strasbourg','','Paris','75010','Paris',1142,'75',73,'France','FR','FRA',':name\n:street_address\n:postcode :city\n:country','04040404','PayPal Express (including Credit Cards and Debit Cards)','paypal_express',0,0.0000,NULL,'2015-10-13 16:26:41',5,'',NULL,NULL,'USD',1.000000,NULL,NULL,0,''),(273,NULL,3,'Alice Victim','','','','','','','','','','','','alice@victim.com','','10.55.128.12','Alice Victim','','10 Boulevard de Strasbourg','','Paris','75010','Paris',1142,'75',73,'France','FR','FRA',':name\n:street_address\n:postcode :city\n:country','04040404','Alice Victim','','10 Boulevard de Strasbourg','','Paris','75010','Paris',1142,'75',73,'France','FR','FRA',':name\n:street_address\n:postcode :city\n:country','04040404','PayPal Express (including Credit Cards and Debit Cards)','paypal_express',0,0.0000,NULL,'2015-10-13 16:35:48',5,'',NULL,NULL,'USD',1.000000,NULL,NULL,0,''),(274,NULL,3,'Alice Victim','','','','','','','','','','','','alice@victim.com','','10.55.128.12','Alice Victim','','10 Boulevard de Strasbourg','','Paris','75010','Paris',1142,'75',73,'France','FR','FRA',':name\n:street_address\n:postcode :city\n:country','04040404','Alice Victim','','10 Boulevard de Strasbourg','','Paris','75010','Paris',1142,'75',73,'France','FR','FRA',':name\n:street_address\n:postcode :city\n:country','04040404','PayPal Express (including Credit Cards and Debit Cards)','paypal_express',0,0.0000,NULL,'2015-10-13 16:36:00',5,'',NULL,NULL,'USD',1.000000,NULL,NULL,0,''),(275,NULL,3,'Alice Victim','','','','','','','','','','','','alice@victim.com','','10.55.128.13','Alice Victim','','10 Boulevard de Strasbourg','','Paris','75010','Paris',1142,'75',73,'France','FR','FRA',':name\n:street_address\n:postcode :city\n:country','04040404','Alice Victim','','10 Boulevard de Strasbourg','','Paris','75010','Paris',1142,'75',73,'France','FR','FRA',':name\n:street_address\n:postcode :city\n:country','04040404','PayPal Express (including Credit Cards and Debit Cards)','paypal_express',0,0.0000,NULL,'2015-10-13 16:51:33',5,'',NULL,NULL,'USD',1.000000,NULL,NULL,0,''),(276,NULL,3,'Alice Victim','','','','','','','','','','','','alice@victim.com','','10.55.128.13','Alice Victim','','10 Boulevard de Strasbourg','','Paris','75010','Paris',1142,'75',73,'France','FR','FRA',':name\n:street_address\n:postcode :city\n:country','04040404','Alice Victim','','10 Boulevard de Strasbourg','','Paris','75010','Paris',1142,'75',73,'France','FR','FRA',':name\n:street_address\n:postcode :city\n:country','04040404','PayPal Express (including Credit Cards and Debit Cards)','paypal_express',0,0.0000,NULL,'2015-10-13 16:51:37',5,'',NULL,NULL,'USD',1.000000,NULL,NULL,0,''),(277,NULL,3,'Alice Victim','','','','','','','','','','','','alice@victim.com','','10.55.128.13','Alice Victim','','10 Boulevard de Strasbourg','','Paris','75010','Paris',1142,'75',73,'France','FR','FRA',':name\n:street_address\n:postcode :city\n:country','04040404','Alice Victim','','10 Boulevard de Strasbourg','','Paris','75010','Paris',1142,'75',73,'France','FR','FRA',':name\n:street_address\n:postcode :city\n:country','04040404','PayPal Express (including Credit Cards and Debit Cards)','paypal_express',0,0.0000,NULL,'2015-10-14 12:08:15',5,'',NULL,NULL,'USD',1.000000,NULL,NULL,0,''),(278,NULL,3,'Alice Victim','','','','','','','','','','','','alice@victim.com','','10.55.128.13','Alice Victim','','10 Boulevard de Strasbourg','','Paris','75010','Paris',1142,'75',73,'France','FR','FRA',':name\n:street_address\n:postcode :city\n:country','04040404','Alice Victim','','10 Boulevard de Strasbourg','','Paris','75010','Paris',1142,'75',73,'France','FR','FRA',':name\n:street_address\n:postcode :city\n:country','04040404','PayPal Express (including Credit Cards and Debit Cards)','paypal_express',0,0.0000,NULL,'2015-10-14 12:09:16',5,'',NULL,NULL,'USD',1.000000,NULL,NULL,0,''),(279,NULL,3,'Alice Victim','','','','','','','','','','','','alice@victim.com','','10.55.128.13','Alice Victim','','10 Boulevard de Strasbourg','','Paris','75010','Paris',1142,'75',73,'France','FR','FRA',':name\n:street_address\n:postcode :city\n:country','04040404','Alice Victim','','10 Boulevard de Strasbourg','','Paris','75010','Paris',1142,'75',73,'France','FR','FRA',':name\n:street_address\n:postcode :city\n:country','04040404','PayPal Express (including Credit Cards and Debit Cards)','paypal_express',0,0.0000,NULL,'2015-10-14 12:10:23',5,'',NULL,NULL,'USD',1.000000,NULL,NULL,0,''),(280,NULL,3,'Alice Victim','','','','','','','','','','','','alice@victim.com','','10.55.128.13','Alice Victim','','10 Boulevard de Strasbourg','','Paris','75010','Paris',1142,'75',73,'France','FR','FRA',':name\n:street_address\n:postcode :city\n:country','04040404','Alice Victim','','10 Boulevard de Strasbourg','','Paris','75010','Paris',1142,'75',73,'France','FR','FRA',':name\n:street_address\n:postcode :city\n:country','04040404','PayPal Express (including Credit Cards and Debit Cards)','paypal_express',0,0.0000,NULL,'2015-10-14 12:11:25',5,'',NULL,NULL,'USD',1.000000,NULL,NULL,0,''),(281,NULL,3,'Alice Victim','','','','','','','','','','','','alice@victim.com','','10.55.128.13','Alice Victim','','10 Boulevard de Strasbourg','','Paris','75010','Paris',1142,'75',73,'France','FR','FRA',':name\n:street_address\n:postcode :city\n:country','04040404','Alice Victim','','10 Boulevard de Strasbourg','','Paris','75010','Paris',1142,'75',73,'France','FR','FRA',':name\n:street_address\n:postcode :city\n:country','04040404','PayPal Express (including Credit Cards and Debit Cards)','paypal_express',0,0.0000,NULL,'2015-10-14 12:20:06',5,'',NULL,NULL,'USD',1.000000,NULL,NULL,0,''),(282,NULL,3,'Alice Victim','','','','','','','','','','','','alice@victim.com','','10.55.128.13','Alice Victim','','10 Boulevard de Strasbourg','','Paris','75010','Paris',1142,'75',73,'France','FR','FRA',':name\n:street_address\n:postcode :city\n:country','04040404','Alice Victim','','10 Boulevard de Strasbourg','','Paris','75010','Paris',1142,'75',73,'France','FR','FRA',':name\n:street_address\n:postcode :city\n:country','04040404','PayPal Express (including Credit Cards and Debit Cards)','paypal_express',0,0.0000,NULL,'2015-10-14 12:21:08',5,'',NULL,NULL,'USD',1.000000,NULL,NULL,0,''),(283,NULL,3,'Alice Victim','','','','','','','','','','','','alice@victim.com','','10.55.128.13','Alice Victim','','10 Boulevard de Strasbourg','','Paris','75010','Paris',1142,'75',73,'France','FR','FRA',':name\n:street_address\n:postcode :city\n:country','04040404','Alice Victim','','10 Boulevard de Strasbourg','','Paris','75010','Paris',1142,'75',73,'France','FR','FRA',':name\n:street_address\n:postcode :city\n:country','04040404','PayPal Express (including Credit Cards and Debit Cards)','paypal_express',0,0.0000,NULL,'2015-10-14 12:22:14',5,'',NULL,NULL,'USD',1.000000,NULL,NULL,0,''),(284,NULL,3,'Alice Victim','','','','','','','','','','','','alice@victim.com','','10.55.128.13','Alice Victim','','10 Boulevard de Strasbourg','','Paris','75010','Paris',1142,'75',73,'France','FR','FRA',':name\n:street_address\n:postcode :city\n:country','04040404','Alice Victim','','10 Boulevard de Strasbourg','','Paris','75010','Paris',1142,'75',73,'France','FR','FRA',':name\n:street_address\n:postcode :city\n:country','04040404','PayPal Express (including Credit Cards and Debit Cards)','paypal_express',0,0.0000,NULL,'2015-10-14 12:23:19',5,'',NULL,NULL,'USD',1.000000,NULL,NULL,0,''),(285,NULL,3,'Alice Victim','','','','','','','','','','','','alice@victim.com','','10.55.128.13','Alice Victim','','10 Boulevard de Strasbourg','','Paris','75010','Paris',1142,'75',73,'France','FR','FRA',':name\n:street_address\n:postcode :city\n:country','04040404','Alice Victim','','10 Boulevard de Strasbourg','','Paris','75010','Paris',1142,'75',73,'France','FR','FRA',':name\n:street_address\n:postcode :city\n:country','04040404','PayPal Express (including Credit Cards and Debit Cards)','paypal_express',0,0.0000,NULL,'2015-10-14 12:33:53',5,'',NULL,NULL,'USD',1.000000,NULL,NULL,0,''),(286,NULL,3,'Alice Victim','','','','','','','','','','','','alice@victim.com','','10.55.128.13','Alice Victim','','10 Boulevard de Strasbourg','','Paris','75010','Paris',1142,'75',73,'France','FR','FRA',':name\n:street_address\n:postcode :city\n:country','04040404','Alice Victim','','10 Boulevard de Strasbourg','','Paris','75010','Paris',1142,'75',73,'France','FR','FRA',':name\n:street_address\n:postcode :city\n:country','04040404','PayPal Express (including Credit Cards and Debit Cards)','paypal_express',0,0.0000,NULL,'2015-10-14 12:34:53',5,'',NULL,NULL,'USD',1.000000,NULL,NULL,0,''),(287,NULL,3,'Alice Victim','','','','','','','','','','','','alice@victim.com','','10.55.128.13','Alice Victim','','10 Boulevard de Strasbourg','','Paris','75010','Paris',1142,'75',73,'France','FR','FRA',':name\n:street_address\n:postcode :city\n:country','04040404','Alice Victim','','10 Boulevard de Strasbourg','','Paris','75010','Paris',1142,'75',73,'France','FR','FRA',':name\n:street_address\n:postcode :city\n:country','04040404','PayPal Express (including Credit Cards and Debit Cards)','paypal_express',0,0.0000,NULL,'2015-10-14 12:39:37',5,'',NULL,NULL,'USD',1.000000,NULL,NULL,0,''),(288,NULL,3,'Alice Victim','','','','','','','','','','','','alice@victim.com','','10.55.128.13','Alice Victim','','10 Boulevard de Strasbourg','','Paris','75010','Paris',1142,'75',73,'France','FR','FRA',':name\n:street_address\n:postcode :city\n:country','04040404','Alice Victim','','10 Boulevard de Strasbourg','','Paris','75010','Paris',1142,'75',73,'France','FR','FRA',':name\n:street_address\n:postcode :city\n:country','04040404','PayPal Express (including Credit Cards and Debit Cards)','paypal_express',0,0.0000,NULL,'2015-10-14 12:40:37',5,'',NULL,NULL,'USD',1.000000,NULL,NULL,0,''),(289,NULL,3,'Alice Victim','','','','','','','','','','','','alice@victim.com','','10.55.128.13','Alice Victim','','10 Boulevard de Strasbourg','','Paris','75010','Paris',1142,'75',73,'France','FR','FRA',':name\n:street_address\n:postcode :city\n:country','04040404','Alice Victim','','10 Boulevard de Strasbourg','','Paris','75010','Paris',1142,'75',73,'France','FR','FRA',':name\n:street_address\n:postcode :city\n:country','04040404','PayPal Express (including Credit Cards and Debit Cards)','paypal_express',0,0.0000,NULL,'2015-10-14 12:41:37',5,'',NULL,NULL,'USD',1.000000,NULL,NULL,0,''),(290,NULL,3,'Alice Victim','','','','','','','','','','','','alice@victim.com','','10.55.128.13','Alice Victim','','10 Boulevard de Strasbourg','','Paris','75010','Paris',1142,'75',73,'France','FR','FRA',':name\n:street_address\n:postcode :city\n:country','04040404','Alice Victim','','10 Boulevard de Strasbourg','','Paris','75010','Paris',1142,'75',73,'France','FR','FRA',':name\n:street_address\n:postcode :city\n:country','04040404','PayPal Express (including Credit Cards and Debit Cards)','paypal_express',0,0.0000,NULL,'2015-10-14 12:42:38',5,'',NULL,NULL,'USD',1.000000,NULL,NULL,0,''),(291,NULL,3,'Alice Victim','','','','','','','','','','','','alice@victim.com','','10.55.128.13','Alice Victim','','10 Boulevard de Strasbourg','','Paris','75010','Paris',1142,'75',73,'France','FR','FRA',':name\n:street_address\n:postcode :city\n:country','04040404','Alice Victim','','10 Boulevard de Strasbourg','','Paris','75010','Paris',1142,'75',73,'France','FR','FRA',':name\n:street_address\n:postcode :city\n:country','04040404','PayPal Express (including Credit Cards and Debit Cards)','paypal_express',0,0.0000,NULL,'2015-10-14 12:45:12',5,'',NULL,NULL,'USD',1.000000,NULL,NULL,0,''),(292,NULL,3,'Alice Victim','','','','','','','','','','','','alice@victim.com','','10.55.128.13','Alice Victim','','10 Boulevard de Strasbourg','','Paris','75010','Paris',1142,'75',73,'France','FR','FRA',':name\n:street_address\n:postcode :city\n:country','04040404','Alice Victim','','10 Boulevard de Strasbourg','','Paris','75010','Paris',1142,'75',73,'France','FR','FRA',':name\n:street_address\n:postcode :city\n:country','04040404','PayPal Express (including Credit Cards and Debit Cards)','paypal_express',0,0.0000,NULL,'2015-10-14 12:47:45',5,'',NULL,NULL,'USD',1.000000,NULL,NULL,0,''),(293,NULL,3,'Alice Victim','','','','','','','','','','','','alice@victim.com','','10.55.128.12','Alice Victim','','10 Boulevard de Strasbourg','','Paris','75010','Paris',1142,'75',73,'France','FR','FRA',':name\n:street_address\n:postcode :city\n:country','04040404','Alice Victim','','10 Boulevard de Strasbourg','','Paris','75010','Paris',1142,'75',73,'France','FR','FRA',':name\n:street_address\n:postcode :city\n:country','04040404','PayPal Express (including Credit Cards and Debit Cards)','paypal_express',0,0.0000,NULL,'2015-10-14 14:10:07',5,'',NULL,NULL,'USD',1.000000,NULL,NULL,0,''),(294,NULL,3,'Alice Victim','','','','','','','','','','','','alice@victim.com','','10.55.128.12','Alice Victim','','10 Boulevard de Strasbourg','','Paris','75010','Paris',1142,'75',73,'France','FR','FRA',':name\n:street_address\n:postcode :city\n:country','04040404','Alice Victim','','10 Boulevard de Strasbourg','','Paris','75010','Paris',1142,'75',73,'France','FR','FRA',':name\n:street_address\n:postcode :city\n:country','04040404','PayPal Express (including Credit Cards and Debit Cards)','paypal_express',0,0.0000,NULL,'2015-10-14 14:10:11',5,'',NULL,NULL,'USD',1.000000,NULL,NULL,0,''),(295,NULL,3,'Alice Victim','','','','','','','','','','','','alice@victim.com','','10.55.128.12','Alice Victim','','10 Boulevard de Strasbourg','','Paris','75010','Paris',1142,'75',73,'France','FR','FRA',':name\n:street_address\n:postcode :city\n:country','04040404','Alice Victim','','10 Boulevard de Strasbourg','','Paris','75010','Paris',1142,'75',73,'France','FR','FRA',':name\n:street_address\n:postcode :city\n:country','04040404','PayPal Express (including Credit Cards and Debit Cards)','paypal_express',0,0.0000,NULL,'2015-10-14 14:24:47',5,'',NULL,NULL,'USD',1.000000,NULL,NULL,0,''),(296,NULL,3,'Alice Victim','','','','','','','','','','','','alice@victim.com','','10.55.128.12','Alice Victim','','10 Boulevard de Strasbourg','','Paris','75010','Paris',1142,'75',73,'France','FR','FRA',':name\n:street_address\n:postcode :city\n:country','04040404','Alice Victim','','10 Boulevard de Strasbourg','','Paris','75010','Paris',1142,'75',73,'France','FR','FRA',':name\n:street_address\n:postcode :city\n:country','04040404','PayPal Express (including Credit Cards and Debit Cards)','paypal_express',0,0.0000,NULL,'2015-10-14 14:36:04',5,'',NULL,NULL,'USD',1.000000,NULL,NULL,0,''),(297,NULL,3,'Alice Victim','','','','','','','','','','','','alice@victim.com','','10.55.128.12','Alice Victim','','10 Boulevard de Strasbourg','','Paris','75010','Paris',1142,'75',73,'France','FR','FRA',':name\n:street_address\n:postcode :city\n:country','04040404','Alice Victim','','10 Boulevard de Strasbourg','','Paris','75010','Paris',1142,'75',73,'France','FR','FRA',':name\n:street_address\n:postcode :city\n:country','04040404','PayPal Express (including Credit Cards and Debit Cards)','paypal_express',0,0.0000,NULL,'2015-10-14 14:38:22',5,'',NULL,NULL,'USD',1.000000,NULL,NULL,0,''),(298,NULL,3,'Alice Victim','','','','','','','','','','','','alice@victim.com','','10.55.128.12','Alice Victim','','10 Boulevard de Strasbourg','','Paris','75010','Paris',1142,'75',73,'France','FR','FRA',':name\n:street_address\n:postcode :city\n:country','04040404','Alice Victim','','10 Boulevard de Strasbourg','','Paris','75010','Paris',1142,'75',73,'France','FR','FRA',':name\n:street_address\n:postcode :city\n:country','04040404','PayPal Express (including Credit Cards and Debit Cards)','paypal_express',0,0.0000,NULL,'2015-10-14 15:03:50',5,'',NULL,NULL,'USD',1.000000,NULL,NULL,0,''),(299,NULL,3,'Alice Victim','','','','','','','','','','','','alice@victim.com','','10.55.128.12','Alice Victim','','10 Boulevard de Strasbourg','','Paris','75010','Paris',1142,'75',73,'France','FR','FRA',':name\n:street_address\n:postcode :city\n:country','04040404','Alice Victim','','10 Boulevard de Strasbourg','','Paris','75010','Paris',1142,'75',73,'France','FR','FRA',':name\n:street_address\n:postcode :city\n:country','04040404','PayPal Express (including Credit Cards and Debit Cards)','paypal_express',0,0.0000,NULL,'2015-10-14 15:12:49',5,'',NULL,NULL,'USD',1.000000,NULL,NULL,0,''),(300,NULL,3,'Alice Victim','','','','','','','','','','','','alice@victim.com','','10.55.128.12','Alice Victim','','10 Boulevard de Strasbourg','','Paris','75010','Paris',1142,'75',73,'France','FR','FRA',':name\n:street_address\n:postcode :city\n:country','04040404','Alice Victim','','10 Boulevard de Strasbourg','','Paris','75010','Paris',1142,'75',73,'France','FR','FRA',':name\n:street_address\n:postcode :city\n:country','04040404','PayPal Express (including Credit Cards and Debit Cards)','paypal_express',0,0.0000,NULL,'2015-10-14 15:24:51',5,'',NULL,NULL,'USD',1.000000,NULL,NULL,0,''),(301,NULL,3,'Alice Victim','','','','','','','','','','','','alice@victim.com','','10.55.128.12','Alice Victim','','10 Boulevard de Strasbourg','','Paris','75010','Paris',1142,'75',73,'France','FR','FRA',':name\n:street_address\n:postcode :city\n:country','04040404','Alice Victim','','10 Boulevard de Strasbourg','','Paris','75010','Paris',1142,'75',73,'France','FR','FRA',':name\n:street_address\n:postcode :city\n:country','04040404','PayPal Express (including Credit Cards and Debit Cards)','paypal_express',0,0.0000,NULL,'2015-10-14 15:39:36',5,'',NULL,NULL,'USD',1.000000,NULL,NULL,0,''),(302,NULL,3,'Alice Victim','','','','','','','','','','','','alice@victim.com','','10.55.128.12','Alice Victim','','10 Boulevard de Strasbourg','','Paris','75010','Paris',1142,'75',73,'France','FR','FRA',':name\n:street_address\n:postcode :city\n:country','04040404','Alice Victim','','10 Boulevard de Strasbourg','','Paris','75010','Paris',1142,'75',73,'France','FR','FRA',':name\n:street_address\n:postcode :city\n:country','04040404','PayPal Express (including Credit Cards and Debit Cards)','paypal_express',0,0.0000,NULL,'2015-10-14 15:43:21',5,'',NULL,NULL,'USD',1.000000,NULL,NULL,0,''),(303,NULL,3,'Alice Victim','','','','','','','','','','','','alice@victim.com','','10.55.128.12','Alice Victim','','10 Boulevard de Strasbourg','','Paris','75010','Paris',1142,'75',73,'France','FR','FRA',':name\n:street_address\n:postcode :city\n:country','04040404','Alice Victim','','10 Boulevard de Strasbourg','','Paris','75010','Paris',1142,'75',73,'France','FR','FRA',':name\n:street_address\n:postcode :city\n:country','04040404','PayPal Express (including Credit Cards and Debit Cards)','paypal_express',0,0.0000,NULL,'2015-10-14 15:46:47',5,'',NULL,NULL,'USD',1.000000,NULL,NULL,0,''),(304,NULL,3,'Alice Victim','','','','','','','','','','','','alice@victim.com','','10.55.128.13','Alice Victim','','10 Boulevard de Strasbourg','','Paris','75010','Paris',1142,'75',73,'France','FR','FRA',':name\n:street_address\n:postcode :city\n:country','04040404','Alice Victim','','10 Boulevard de Strasbourg','','Paris','75010','Paris',1142,'75',73,'France','FR','FRA',':name\n:street_address\n:postcode :city\n:country','04040404','PayPal Express (including Credit Cards and Debit Cards)','paypal_express',0,0.0000,NULL,'2015-10-14 15:50:03',5,'',NULL,NULL,'USD',1.000000,NULL,NULL,0,''),(305,NULL,3,'Alice Victim','','','','','','','','','','','','alice@victim.com','','10.55.128.13','Alice Victim','','10 Boulevard de Strasbourg','','Paris','75010','Paris',1142,'75',73,'France','FR','FRA',':name\n:street_address\n:postcode :city\n:country','04040404','Alice Victim','','10 Boulevard de Strasbourg','','Paris','75010','Paris',1142,'75',73,'France','FR','FRA',':name\n:street_address\n:postcode :city\n:country','04040404','PayPal Express (including Credit Cards and Debit Cards)','paypal_express',0,0.0000,NULL,'2015-10-14 16:13:21',5,'',NULL,NULL,'USD',1.000000,NULL,NULL,0,''),(306,NULL,3,'Alice Victim','','','','','','','','','','','','alice@victim.com','','10.55.128.13','Alice Victim','','10 Boulevard de Strasbourg','','Paris','75010','Paris',1142,'75',73,'France','FR','FRA',':name\n:street_address\n:postcode :city\n:country','04040404','Alice Victim','','10 Boulevard de Strasbourg','','Paris','75010','Paris',1142,'75',73,'France','FR','FRA',':name\n:street_address\n:postcode :city\n:country','04040404','PayPal Express (including Credit Cards and Debit Cards)','paypal_express',0,0.0000,NULL,'2015-10-14 16:16:38',5,'',NULL,NULL,'USD',1.000000,NULL,NULL,0,''),(307,NULL,3,'Alice Victim','','','','','','','','','','','','alice@victim.com','','10.55.128.13','Alice Victim','','10 Boulevard de Strasbourg','','Paris','75010','Paris',1142,'75',73,'France','FR','FRA',':name\n:street_address\n:postcode :city\n:country','04040404','Alice Victim','','10 Boulevard de Strasbourg','','Paris','75010','Paris',1142,'75',73,'France','FR','FRA',':name\n:street_address\n:postcode :city\n:country','04040404','PayPal Express (including Credit Cards and Debit Cards)','paypal_express',0,0.0000,NULL,'2015-10-14 16:20:10',5,'',NULL,NULL,'USD',1.000000,NULL,NULL,0,''),(308,NULL,3,'Alice Victim','','','','','','','','','','','','alice@victim.com','','10.55.128.13','Alice Victim','','10 Boulevard de Strasbourg','','Paris','75010','Paris',1142,'75',73,'France','FR','FRA',':name\n:street_address\n:postcode :city\n:country','04040404','Alice Victim','','10 Boulevard de Strasbourg','','Paris','75010','Paris',1142,'75',73,'France','FR','FRA',':name\n:street_address\n:postcode :city\n:country','04040404','PayPal Express (including Credit Cards and Debit Cards)','paypal_express',0,0.0000,NULL,'2015-10-14 16:23:11',5,'',NULL,NULL,'USD',1.000000,NULL,NULL,0,''),(309,NULL,3,'Alice Victim','','','','','','','','','','','','alice@victim.com','','10.55.128.13','Alice Victim','','10 Boulevard de Strasbourg','','Paris','75010','Paris',1142,'75',73,'France','FR','FRA',':name\n:street_address\n:postcode :city\n:country','04040404','Alice Victim','','10 Boulevard de Strasbourg','','Paris','75010','Paris',1142,'75',73,'France','FR','FRA',':name\n:street_address\n:postcode :city\n:country','04040404','PayPal Express (including Credit Cards and Debit Cards)','paypal_express',0,0.0000,NULL,'2015-10-14 16:32:18',5,'',NULL,NULL,'USD',1.000000,NULL,NULL,0,''),(310,NULL,3,'Alice Victim','','','','','','','','','','','','alice@victim.com','','10.55.128.13','Alice Victim','','10 Boulevard de Strasbourg','','Paris','75010','Paris',1142,'75',73,'France','FR','FRA',':name\n:street_address\n:postcode :city\n:country','04040404','Alice Victim','','10 Boulevard de Strasbourg','','Paris','75010','Paris',1142,'75',73,'France','FR','FRA',':name\n:street_address\n:postcode :city\n:country','04040404','PayPal Express (including Credit Cards and Debit Cards)','paypal_express',0,0.0000,NULL,'2015-10-14 16:35:09',5,'',NULL,NULL,'USD',1.000000,NULL,NULL,0,''),(311,NULL,3,'Alice Victim','','','','','','','','','','','','alice@victim.com','','10.55.128.13','Alice Victim','','10 Boulevard de Strasbourg','','Paris','75010','Paris',1142,'75',73,'France','FR','FRA',':name\n:street_address\n:postcode :city\n:country','04040404','Alice Victim','','10 Boulevard de Strasbourg','','Paris','75010','Paris',1142,'75',73,'France','FR','FRA',':name\n:street_address\n:postcode :city\n:country','04040404','PayPal Express (including Credit Cards and Debit Cards)','paypal_express',0,0.0000,NULL,'2015-10-14 16:38:42',5,'',NULL,NULL,'USD',1.000000,NULL,NULL,0,''),(312,NULL,3,'Alice Victim','','','','','','','','','','','','alice@victim.com','','10.55.128.13','Alice Victim','','10 Boulevard de Strasbourg','','Paris','75010','Paris',1142,'75',73,'France','FR','FRA',':name\n:street_address\n:postcode :city\n:country','04040404','Alice Victim','','10 Boulevard de Strasbourg','','Paris','75010','Paris',1142,'75',73,'France','FR','FRA',':name\n:street_address\n:postcode :city\n:country','04040404','PayPal Express (including Credit Cards and Debit Cards)','paypal_express',0,0.0000,NULL,'2015-10-14 16:42:08',5,'',NULL,NULL,'USD',1.000000,NULL,NULL,0,'');
/*!40000 ALTER TABLE `toc_orders` ENABLE KEYS */;
UNLOCK TABLES;

--
-- Table structure for table `toc_orders_products`
--

DROP TABLE IF EXISTS `toc_orders_products`;
/*!40101 SET @saved_cs_client     = @@character_set_client */;
/*!40101 SET character_set_client = utf8 */;
CREATE TABLE `toc_orders_products` (
  `orders_products_id` int(11) NOT NULL AUTO_INCREMENT,
  `orders_id` int(11) NOT NULL,
  `products_id` int(11) NOT NULL,
  `products_type` int(4) NOT NULL DEFAULT '0',
  `products_sku` varchar(64) DEFAULT NULL,
  `products_name` varchar(255) NOT NULL,
  `products_price` decimal(15,4) NOT NULL,
  `final_price` decimal(15,4) NOT NULL,
  `products_tax` decimal(7,4) NOT NULL,
  `products_quantity` int(2) NOT NULL,
  `products_return_quantity` int(2) NOT NULL,
  PRIMARY KEY (`orders_products_id`)
) ENGINE=MyISAM AUTO_INCREMENT=336 DEFAULT CHARSET=utf8;
/*!40101 SET character_set_client = @saved_cs_client */;

--
-- Dumping data for table `toc_orders_products`
--

LOCK TABLES `toc_orders_products` WRITE;
/*!40000 ALTER TABLE `toc_orders_products` DISABLE KEYS */;
INSERT INTO `toc_orders_products` VALUES (3,3,18,0,'','APPLE 23\" HD CINEMA COLOR DISPLAY',300.0000,300.0000,0.0000,1,0),(4,4,16,0,'','Apple iPod touch 8 GB',120.0000,120.0000,0.0000,1,0),(8,6,15,0,'','APPLE IPOD NANO 4GB SILVER 3RD GEN',79.0000,79.0000,0.0000,1,0),(7,6,18,0,'','APPLE 23\" HD CINEMA COLOR DISPLAY',300.0000,300.0000,0.0000,1,0),(9,7,18,0,'','APPLE 23\" HD CINEMA COLOR DISPLAY',300.0000,300.0000,0.0000,1,0),(10,8,18,0,'','APPLE 23\" HD CINEMA COLOR DISPLAY',300.0000,300.0000,0.0000,1,0),(11,8,15,0,'','APPLE IPOD NANO 4GB SILVER 3RD GEN',79.0000,79.0000,0.0000,1,0),(12,9,17,0,'','Apple iPhone 3G',399.0000,399.0000,0.0000,1,0),(13,10,17,0,'','Apple iPhone 3G',399.0000,399.0000,0.0000,5,0),(14,11,17,0,'','Apple iPhone 3G',399.0000,399.0000,0.0000,2,0),(15,12,17,0,'','Apple iPhone 3G',399.0000,399.0000,0.0000,1,0),(16,13,17,0,'','Apple iPhone 3G',399.0000,399.0000,0.0000,6,0),(17,14,17,0,'','Apple iPhone 3G',399.0000,399.0000,0.0000,1,0),(18,15,17,0,'','Apple iPhone 3G',399.0000,399.0000,0.0000,1,0),(19,16,17,0,'','Apple iPhone 3G',399.0000,399.0000,0.0000,1,0),(20,17,17,0,'','Apple iPhone 3G',399.0000,399.0000,0.0000,1,0),(21,18,17,0,'','Apple iPhone 3G',399.0000,399.0000,0.0000,1,0),(22,19,17,0,'','Apple iPhone 3G',399.0000,399.0000,0.0000,1,0),(23,20,17,0,'','Apple iPhone 3G',399.0000,399.0000,0.0000,1,0),(24,21,17,0,'','Apple iPhone 3G',399.0000,399.0000,0.0000,1,0),(25,22,17,0,'','Apple iPhone 3G',399.0000,399.0000,0.0000,1,0),(26,23,17,0,'','Apple iPhone 3G',399.0000,399.0000,0.0000,1,0),(27,24,17,0,'','Apple iPhone 3G',399.0000,399.0000,0.0000,1,0),(28,25,17,0,'','Apple iPhone 3G',399.0000,399.0000,0.0000,1,0),(29,26,17,0,'','Apple iPhone 3G',399.0000,399.0000,0.0000,1,0),(30,27,17,0,'','Apple iPhone 3G',399.0000,399.0000,0.0000,1,0),(31,28,17,0,'','Apple iPhone 3G',399.0000,399.0000,0.0000,1,0),(32,29,17,0,'','Apple iPhone 3G',399.0000,399.0000,0.0000,1,0),(33,30,17,0,'','Apple iPhone 3G',399.0000,399.0000,0.0000,1,0),(34,31,17,0,'','Apple iPhone 3G',399.0000,399.0000,0.0000,1,0),(35,32,17,0,'','Apple iPhone 3G',399.0000,399.0000,0.0000,1,0),(36,33,17,0,'','Apple iPhone 3G',399.0000,399.0000,0.0000,1,0),(37,34,17,0,'','Apple iPhone 3G',399.0000,399.0000,0.0000,1,0),(38,35,17,0,'','Apple iPhone 3G',399.0000,399.0000,0.0000,1,0),(39,36,17,0,'','Apple iPhone 3G',399.0000,399.0000,0.0000,1,0),(40,37,17,0,'','Apple iPhone 3G',399.0000,399.0000,0.0000,1,0),(41,38,17,0,'','Apple iPhone 3G',399.0000,399.0000,0.0000,1,0),(42,39,17,0,'','Apple iPhone 3G',399.0000,399.0000,0.0000,1,0),(43,40,17,0,'','Apple iPhone 3G',399.0000,399.0000,0.0000,1,0),(44,41,17,0,'','Apple iPhone 3G',399.0000,399.0000,0.0000,1,0),(45,42,17,0,'','Apple iPhone 3G',399.0000,399.0000,0.0000,1,0),(46,43,17,0,'','Apple iPhone 3G',399.0000,399.0000,0.0000,2,0),(47,44,17,0,'','Apple iPhone 3G',399.0000,399.0000,0.0000,2,0),(48,45,17,0,'','Apple iPhone 3G',399.0000,399.0000,0.0000,1,0),(49,46,17,0,'','Apple iPhone 3G',399.0000,399.0000,0.0000,1,0),(50,47,17,0,'','Apple iPhone 3G',399.0000,399.0000,0.0000,1,0),(51,48,17,0,'','Apple iPhone 3G',399.0000,399.0000,0.0000,2,0),(52,49,17,0,'','Apple iPhone 3G',399.0000,399.0000,0.0000,1,0),(53,50,17,0,'','Apple iPhone 3G',399.0000,399.0000,0.0000,1,0),(54,51,17,0,'','Apple iPhone 3G',399.0000,399.0000,0.0000,1,0),(55,52,17,0,'','Apple iPhone 3G',399.0000,399.0000,0.0000,1,0),(56,53,17,0,'','Apple iPhone 3G',399.0000,399.0000,0.0000,1,0),(57,54,17,0,'','Apple iPhone 3G',399.0000,399.0000,0.0000,1,0),(58,55,17,0,'','Apple iPhone 3G',399.0000,399.0000,0.0000,1,0),(59,56,17,0,'','Apple iPhone 3G',399.0000,399.0000,0.0000,1,0),(60,57,17,0,'','Apple iPhone 3G',399.0000,399.0000,0.0000,1,0),(61,58,17,0,'','Apple iPhone 3G',399.0000,399.0000,0.0000,1,0),(62,59,17,0,'','Apple iPhone 3G',399.0000,399.0000,0.0000,1,0),(63,60,17,0,'','Apple iPhone 3G',399.0000,399.0000,0.0000,1,0),(64,61,17,0,'','Apple iPhone 3G',399.0000,399.0000,0.0000,2,0),(65,62,17,0,'','Apple iPhone 3G',399.0000,399.0000,0.0000,1,0),(66,63,17,0,'','Apple iPhone 3G',399.0000,399.0000,0.0000,1,0),(67,64,17,0,'','Apple iPhone 3G',399.0000,399.0000,0.0000,1,0),(68,65,17,0,'','Apple iPhone 3G',399.0000,399.0000,0.0000,1,0),(69,66,17,0,'','Apple iPhone 3G',399.0000,399.0000,0.0000,2,0),(70,67,17,0,'','Apple iPhone 3G',399.0000,399.0000,0.0000,1,0),(71,68,17,0,'','Apple iPhone 3G',399.0000,399.0000,0.0000,1,0),(72,69,17,0,'','Apple iPhone 3G',399.0000,399.0000,0.0000,3,0),(73,70,17,0,'','Apple iPhone 3G',399.0000,399.0000,0.0000,1,0),(74,71,17,0,'','Apple iPhone 3G',399.0000,399.0000,0.0000,1,0),(75,72,17,0,'','Apple iPhone 3G',399.0000,399.0000,0.0000,1,0),(76,73,17,0,'','Apple iPhone 3G',399.0000,399.0000,0.0000,1,0),(77,74,17,0,'','Apple iPhone 3G',399.0000,399.0000,0.0000,1,0),(78,75,17,0,'','Apple iPhone 3G',399.0000,399.0000,0.0000,1,0),(79,76,17,0,'','Apple iPhone 3G',399.0000,399.0000,0.0000,1,0),(80,77,17,0,'','Apple iPhone 3G',399.0000,399.0000,0.0000,1,0),(81,78,17,0,'','Apple iPhone 3G',399.0000,399.0000,0.0000,2,0),(82,79,17,0,'','Apple iPhone 3G',399.0000,399.0000,0.0000,1,0),(83,80,17,0,'','Apple iPhone 3G',399.0000,399.0000,0.0000,3,0),(84,81,17,0,'','Apple iPhone 3G',399.0000,399.0000,0.0000,4,0),(85,82,17,0,'','Apple iPhone 3G',399.0000,399.0000,0.0000,2,0),(86,83,17,0,'','Apple iPhone 3G',399.0000,399.0000,0.0000,1,0),(87,84,17,0,'','Apple iPhone 3G',399.0000,399.0000,0.0000,1,0),(88,85,17,0,'','Apple iPhone 3G',399.0000,399.0000,0.0000,1,0),(89,86,17,0,'','Apple iPhone 3G',399.0000,399.0000,0.0000,5,0),(90,87,17,0,'','Apple iPhone 3G',399.0000,399.0000,0.0000,2,0),(91,88,17,0,'','Apple iPhone 3G',399.0000,399.0000,0.0000,2,0),(92,89,17,0,'','Apple iPhone 3G',399.0000,399.0000,0.0000,2,0),(93,90,17,0,'','Apple iPhone 3G',399.0000,399.0000,0.0000,2,0),(94,91,17,0,'','Apple iPhone 3G',399.0000,399.0000,0.0000,2,0),(95,92,17,0,'','Apple iPhone 3G',399.0000,399.0000,0.0000,2,0),(96,93,17,0,'','Apple iPhone 3G',399.0000,399.0000,0.0000,4,0),(97,94,17,0,'','Apple iPhone 3G',399.0000,399.0000,0.0000,1,0),(98,95,17,0,'','Apple iPhone 3G',399.0000,399.0000,0.0000,47,0),(99,96,17,0,'','Apple iPhone 3G',399.0000,399.0000,0.0000,1,0),(100,97,17,0,'','Apple iPhone 3G',399.0000,399.0000,0.0000,1,0),(101,98,17,0,'','Apple iPhone 3G',399.0000,399.0000,0.0000,1,0),(102,99,17,0,'','Apple iPhone 3G',399.0000,399.0000,0.0000,3,0),(103,100,17,0,'','Apple iPhone 3G',399.0000,399.0000,0.0000,1,0),(104,101,17,0,'','Apple iPhone 3G',399.0000,399.0000,0.0000,1,0),(105,102,17,0,'','Apple iPhone 3G',399.0000,399.0000,0.0000,1,0),(106,103,17,0,'','Apple iPhone 3G',399.0000,399.0000,0.0000,1,0),(107,104,17,0,'','Apple iPhone 3G',399.0000,399.0000,0.0000,1,0),(108,105,17,0,'','Apple iPhone 3G',399.0000,399.0000,0.0000,1,0),(109,106,17,0,'','Apple iPhone 3G',399.0000,399.0000,0.0000,1,0),(110,107,17,0,'','Apple iPhone 3G',399.0000,399.0000,0.0000,1,0),(111,108,17,0,'','Apple iPhone 3G',399.0000,399.0000,0.0000,1,0),(112,109,17,0,'','Apple iPhone 3G',399.0000,399.0000,0.0000,1,0),(113,110,17,0,'','Apple iPhone 3G',399.0000,399.0000,0.0000,1,0),(114,111,17,0,'','Apple iPhone 3G',399.0000,399.0000,0.0000,1,0),(115,112,17,0,'','Apple iPhone 3G',399.0000,399.0000,0.0000,1,0),(116,113,17,0,'','Apple iPhone 3G',399.0000,399.0000,0.0000,1,0),(117,114,17,0,'','Apple iPhone 3G',399.0000,399.0000,0.0000,1,0),(118,115,17,0,'','Apple iPhone 3G',399.0000,399.0000,0.0000,3,0),(119,116,17,0,'','Apple iPhone 3G',399.0000,399.0000,0.0000,1,0),(120,117,17,0,'','Apple iPhone 3G',399.0000,399.0000,0.0000,1,0),(121,118,17,0,'','Apple iPhone 3G',399.0000,399.0000,0.0000,3,0),(122,119,17,0,'','Apple iPhone 3G',399.0000,399.0000,0.0000,1,0),(123,120,17,0,'','Apple iPhone 3G',399.0000,399.0000,0.0000,1,0),(124,121,17,0,'','Apple iPhone 3G',399.0000,399.0000,0.0000,1,0),(125,122,17,0,'','Apple iPhone 3G',399.0000,399.0000,0.0000,1,0),(126,123,17,0,'','Apple iPhone 3G',399.0000,399.0000,0.0000,1,0),(127,124,17,0,'','Apple iPhone 3G',399.0000,399.0000,0.0000,1,0),(128,125,17,0,'','Apple iPhone 3G',399.0000,399.0000,0.0000,1,0),(129,126,17,0,'','Apple iPhone 3G',399.0000,399.0000,0.0000,1,0),(130,127,17,0,'','Apple iPhone 3G',399.0000,399.0000,0.0000,1,0),(131,128,17,0,'','Apple iPhone 3G',399.0000,399.0000,0.0000,1,0),(132,129,17,0,'','Apple iPhone 3G',399.0000,399.0000,0.0000,1,0),(133,130,17,0,'','Apple iPhone 3G',399.0000,399.0000,0.0000,2,0),(134,131,17,0,'','Apple iPhone 3G',399.0000,399.0000,0.0000,1,0),(135,132,17,0,'','Apple iPhone 3G',399.0000,399.0000,0.0000,1,0),(136,133,17,0,'','Apple iPhone 3G',399.0000,399.0000,0.0000,1,0),(137,134,17,0,'','Apple iPhone 3G',399.0000,399.0000,0.0000,1,0),(138,135,17,0,'','Apple iPhone 3G',399.0000,399.0000,0.0000,1,0),(139,136,17,0,'','Apple iPhone 3G',399.0000,399.0000,0.0000,1,0),(140,137,17,0,'','Apple iPhone 3G',399.0000,399.0000,0.0000,1,0),(141,138,17,0,'','Apple iPhone 3G',399.0000,399.0000,0.0000,1,0),(142,139,17,0,'','Apple iPhone 3G',399.0000,399.0000,0.0000,1,0),(143,140,17,0,'','Apple iPhone 3G',399.0000,399.0000,0.0000,1,0),(144,141,17,0,'','Apple iPhone 3G',399.0000,399.0000,0.0000,1,0),(145,142,17,0,'','Apple iPhone 3G',399.0000,399.0000,0.0000,1,0),(146,143,17,0,'','Apple iPhone 3G',399.0000,399.0000,0.0000,1,0),(147,144,17,0,'','Apple iPhone 3G',399.0000,399.0000,0.0000,1,0),(148,145,17,0,'','Apple iPhone 3G',399.0000,399.0000,0.0000,1,0),(149,146,17,0,'','Apple iPhone 3G',399.0000,399.0000,0.0000,1,0),(150,147,17,0,'','Apple iPhone 3G',399.0000,399.0000,0.0000,1,0),(151,148,17,0,'','Apple iPhone 3G',399.0000,399.0000,0.0000,1,0),(152,149,17,0,'','Apple iPhone 3G',399.0000,399.0000,0.0000,1,0),(153,150,17,0,'','Apple iPhone 3G',399.0000,399.0000,0.0000,1,0),(154,151,17,0,'','Apple iPhone 3G',399.0000,399.0000,0.0000,2,0),(155,152,17,0,'','Apple iPhone 3G',399.0000,399.0000,0.0000,2,0),(156,153,17,0,'','Apple iPhone 3G',399.0000,399.0000,0.0000,4,0),(157,154,17,0,'','Apple iPhone 3G',399.0000,399.0000,0.0000,1,0),(158,155,17,0,'','Apple iPhone 3G',399.0000,399.0000,0.0000,1,0),(159,156,17,0,'','Apple iPhone 3G',399.0000,399.0000,0.0000,1,0),(160,157,17,0,'','Apple iPhone 3G',399.0000,399.0000,0.0000,1,0),(161,158,17,0,'','Apple iPhone 3G',399.0000,399.0000,0.0000,1,0),(162,159,17,0,'','Apple iPhone 3G',399.0000,399.0000,0.0000,1,0),(163,160,17,0,'','Apple iPhone 3G',399.0000,399.0000,0.0000,1,0),(164,161,17,0,'','Apple iPhone 3G',399.0000,399.0000,0.0000,1,0),(165,162,17,0,'','Apple iPhone 3G',399.0000,399.0000,0.0000,1,0),(166,163,17,0,'','Apple iPhone 3G',399.0000,399.0000,0.0000,1,0),(167,164,17,0,'','Apple iPhone 3G',399.0000,399.0000,0.0000,1,0),(168,165,17,0,'','Apple iPhone 3G',399.0000,399.0000,0.0000,1,0),(169,166,17,0,'','Apple iPhone 3G',399.0000,399.0000,0.0000,1,0),(170,167,17,0,'','Apple iPhone 3G',399.0000,399.0000,0.0000,1,0),(171,168,17,0,'','Apple iPhone 3G',399.0000,399.0000,0.0000,2,0),(172,169,17,0,'','Apple iPhone 3G',399.0000,399.0000,0.0000,6,0),(173,170,17,0,'','Apple iPhone 3G',399.0000,399.0000,0.0000,1,0),(174,171,17,0,'','Apple iPhone 3G',399.0000,399.0000,0.0000,1,0),(175,172,17,0,'','Apple iPhone 3G',399.0000,399.0000,0.0000,1,0),(176,173,17,0,'','Apple iPhone 3G',399.0000,399.0000,0.0000,1,0),(177,174,17,0,'','Apple iPhone 3G',399.0000,399.0000,0.0000,1,0),(178,175,17,0,'','Apple iPhone 3G',399.0000,399.0000,0.0000,1,0),(179,176,17,0,'','Apple iPhone 3G',399.0000,399.0000,0.0000,3,0),(180,177,17,0,'','Apple iPhone 3G',399.0000,399.0000,0.0000,1,0),(181,178,17,0,'','Apple iPhone 3G',399.0000,399.0000,0.0000,1,0),(182,179,17,0,'','Apple iPhone 3G',399.0000,399.0000,0.0000,1,0),(183,180,17,0,'','Apple iPhone 3G',399.0000,399.0000,0.0000,1,0),(184,181,17,0,'','Apple iPhone 3G',399.0000,399.0000,0.0000,1,0),(185,182,17,0,'','Apple iPhone 3G',399.0000,399.0000,0.0000,1,0),(186,183,17,0,'','Apple iPhone 3G',399.0000,399.0000,0.0000,1,0),(187,184,17,0,'','Apple iPhone 3G',399.0000,399.0000,0.0000,1,0),(188,185,17,0,'','Apple iPhone 3G',399.0000,399.0000,0.0000,1,0),(189,186,17,0,'','Apple iPhone 3G',399.0000,399.0000,0.0000,2,0),(190,187,17,0,'','Apple iPhone 3G',399.0000,399.0000,0.0000,1,0),(191,188,17,0,'','Apple iPhone 3G',399.0000,399.0000,0.0000,1,0),(192,189,17,0,'','Apple iPhone 3G',399.0000,399.0000,0.0000,3,0),(193,190,17,0,'','Apple iPhone 3G',399.0000,399.0000,0.0000,1,0),(194,191,17,0,'','Apple iPhone 3G',399.0000,399.0000,0.0000,1,0),(195,192,17,0,'','Apple iPhone 3G',399.0000,399.0000,0.0000,1,0),(196,193,17,0,'','Apple iPhone 3G',399.0000,399.0000,0.0000,2,0),(197,194,17,0,'','Apple iPhone 3G',399.0000,399.0000,0.0000,2,0),(198,195,17,0,'','Apple iPhone 3G',399.0000,399.0000,0.0000,2,0),(199,196,17,0,'','Apple iPhone 3G',399.0000,399.0000,0.0000,1,0),(200,197,17,0,'','Apple iPhone 3G',399.0000,399.0000,0.0000,1,0),(201,198,17,0,'','Apple iPhone 3G',399.0000,399.0000,0.0000,2,0),(202,199,17,0,'','Apple iPhone 3G',399.0000,399.0000,0.0000,2,0),(203,200,17,0,'','Apple iPhone 3G',399.0000,399.0000,0.0000,1,0),(204,201,17,0,'','Apple iPhone 3G',399.0000,399.0000,0.0000,1,0),(205,202,17,0,'','Apple iPhone 3G',399.0000,399.0000,0.0000,3,0),(206,203,17,0,'','Apple iPhone 3G',399.0000,399.0000,0.0000,1,0),(207,204,17,0,'','Apple iPhone 3G',399.0000,399.0000,0.0000,1,0),(208,205,17,0,'','Apple iPhone 3G',399.0000,399.0000,0.0000,1,0),(209,206,17,0,'','Apple iPhone 3G',399.0000,399.0000,0.0000,2,0),(210,207,17,0,'','Apple iPhone 3G',399.0000,399.0000,0.0000,3,0),(211,208,17,0,'','Apple iPhone 3G',399.0000,399.0000,0.0000,1,0),(212,209,17,0,'','Apple iPhone 3G',399.0000,399.0000,0.0000,2,0),(213,210,17,0,'','Apple iPhone 3G',399.0000,399.0000,0.0000,3,0),(214,211,17,0,'','Apple iPhone 3G',399.0000,399.0000,0.0000,2,0),(215,212,17,0,'','Apple iPhone 3G',399.0000,399.0000,0.0000,2,0),(216,213,17,0,'','Apple iPhone 3G',399.0000,399.0000,0.0000,6,0),(217,214,17,0,'','Apple iPhone 3G',399.0000,399.0000,0.0000,3,0),(218,215,17,0,'','Apple iPhone 3G',399.0000,399.0000,0.0000,2,0),(219,216,17,0,'','Apple iPhone 3G',399.0000,399.0000,0.0000,1,0),(220,217,17,0,'','Apple iPhone 3G',399.0000,399.0000,0.0000,1,0),(221,218,17,0,'','Apple iPhone 3G',399.0000,399.0000,0.0000,1,0),(222,219,17,0,'','Apple iPhone 3G',399.0000,399.0000,0.0000,1,0),(223,220,17,0,'','Apple iPhone 3G',399.0000,399.0000,0.0000,1,0),(224,221,17,0,'','Apple iPhone 3G',399.0000,399.0000,0.0000,1,0),(225,222,17,0,'','Apple iPhone 3G',399.0000,399.0000,0.0000,1,0),(226,223,17,0,'','Apple iPhone 3G',399.0000,399.0000,0.0000,2,0),(227,224,17,0,'','Apple iPhone 3G',399.0000,399.0000,0.0000,2,0),(228,225,17,0,'','Apple iPhone 3G',399.0000,399.0000,0.0000,1,0),(229,226,17,0,'','Apple iPhone 3G',399.0000,399.0000,0.0000,4,0),(230,227,17,0,'','Apple iPhone 3G',399.0000,399.0000,0.0000,2,0),(231,228,17,0,'','Apple iPhone 3G',399.0000,399.0000,0.0000,2,0),(232,229,17,0,'','Apple iPhone 3G',399.0000,399.0000,0.0000,1,0),(233,230,17,0,'','Apple iPhone 3G',399.0000,399.0000,0.0000,1,0),(234,231,17,0,'','Apple iPhone 3G',399.0000,399.0000,0.0000,2,0),(235,232,17,0,'','Apple iPhone 3G',399.0000,399.0000,0.0000,1,0),(236,233,17,0,'','Apple iPhone 3G',399.0000,399.0000,0.0000,1,0),(237,234,17,0,'','Apple iPhone 3G',399.0000,399.0000,0.0000,1,0),(238,235,15,0,'','APPLE IPOD NANO 4GB SILVER 3RD GEN',79.0000,79.0000,0.0000,1,0),(239,236,5,0,'','17\" MACBOOK PRO MB166LL/A',1199.0000,1199.0000,0.0000,1,0),(240,236,13,0,'','HP Pavilion TX2510US 12.1-inch Laptop',699.0000,699.0000,0.0000,1,0),(241,236,9,0,'','Lenovo ThinkPad T400 2767',899.0000,899.0000,0.0000,1,0),(242,236,14,0,'','Toshiba Satellite L305D-S5904 15.4-Inch Laptop',599.0000,599.0000,0.0000,1,0),(243,237,17,0,'','Apple iPhone 3G',399.0000,399.0000,0.0000,2,0),(244,238,19,0,'','SONY DSC-T700(g) DIGITAL VIDEO CAMERA',199.0000,199.0000,0.0000,1,0),(245,239,17,0,'','Apple iPhone 3G',399.0000,399.0000,0.0000,1,0),(246,240,17,0,'','Apple iPhone 3G',399.0000,399.0000,0.0000,1,0),(247,241,19,0,'','SONY DSC-T700(g) DIGITAL VIDEO CAMERA',199.0000,199.0000,0.0000,1,0),(248,242,19,0,'','SONY DSC-T700(g) DIGITAL VIDEO CAMERA',199.0000,199.0000,0.0000,1,0),(249,243,17,0,'','Apple iPhone 3G',399.0000,399.0000,0.0000,1,0),(250,244,17,0,'','Apple iPhone 3G',399.0000,399.0000,0.0000,1,0),(251,245,19,0,'','SONY DSC-T700(g) DIGITAL VIDEO CAMERA',199.0000,199.0000,0.0000,1,0),(252,246,19,0,'','SONY DSC-T700(g) DIGITAL VIDEO CAMERA',199.0000,199.0000,0.0000,1,0),(253,247,17,0,'','Apple iPhone 3G',399.0000,399.0000,0.0000,1,0),(254,248,17,0,'','Apple iPhone 3G',399.0000,399.0000,0.0000,1,0),(255,249,19,0,'','SONY DSC-T700(g) DIGITAL VIDEO CAMERA',199.0000,199.0000,0.0000,1,0),(256,250,19,0,'','SONY DSC-T700(g) DIGITAL VIDEO CAMERA',199.0000,199.0000,0.0000,1,0),(257,251,19,0,'','SONY DSC-T700(g) DIGITAL VIDEO CAMERA',199.0000,199.0000,0.0000,1,0),(258,252,19,0,'','SONY DSC-T700(g) DIGITAL VIDEO CAMERA',199.0000,199.0000,0.0000,1,0),(259,253,19,0,'','SONY DSC-T700(g) DIGITAL VIDEO CAMERA',199.0000,199.0000,0.0000,3,0),(260,254,19,0,'','SONY DSC-T700(g) DIGITAL VIDEO CAMERA',199.0000,199.0000,0.0000,1,0),(261,255,19,0,'','SONY DSC-T700(g) DIGITAL VIDEO CAMERA',199.0000,199.0000,0.0000,1,0),(262,256,19,0,'','SONY DSC-T700(g) DIGITAL VIDEO CAMERA',199.0000,199.0000,0.0000,2,0),(263,257,17,0,'','Apple iPhone 3G',399.0000,399.0000,0.0000,1,0),(264,258,17,0,'','Apple iPhone 3G',399.0000,399.0000,0.0000,1,0),(265,259,19,0,'','SONY DSC-T700(g) DIGITAL VIDEO CAMERA',199.0000,199.0000,0.0000,1,0),(266,260,19,0,'','SONY DSC-T700(g) DIGITAL VIDEO CAMERA',199.0000,199.0000,0.0000,1,0),(267,261,17,0,'','Apple iPhone 3G',399.0000,399.0000,0.0000,1,0),(268,262,17,0,'','Apple iPhone 3G',399.0000,399.0000,0.0000,1,0),(269,263,19,0,'','SONY DSC-T700(g) DIGITAL VIDEO CAMERA',199.0000,199.0000,0.0000,1,0),(270,264,19,0,'','SONY DSC-T700(g) DIGITAL VIDEO CAMERA',199.0000,199.0000,0.0000,1,0),(271,265,19,0,'','SONY DSC-T700(g) DIGITAL VIDEO CAMERA',199.0000,199.0000,0.0000,1,0),(272,266,19,0,'','SONY DSC-T700(g) DIGITAL VIDEO CAMERA',199.0000,199.0000,0.0000,1,0),(273,267,19,0,'','SONY DSC-T700(g) DIGITAL VIDEO CAMERA',199.0000,199.0000,0.0000,3,0),(274,268,19,0,'','SONY DSC-T700(g) DIGITAL VIDEO CAMERA',199.0000,199.0000,0.0000,1,0),(275,269,19,0,'','SONY DSC-T700(g) DIGITAL VIDEO CAMERA',199.0000,199.0000,0.0000,1,0),(276,270,19,0,'','SONY DSC-T700(g) DIGITAL VIDEO CAMERA',199.0000,199.0000,0.0000,1,0),(277,271,19,0,'','SONY DSC-T700(g) DIGITAL VIDEO CAMERA',199.0000,199.0000,0.0000,1,0),(278,272,19,0,'','SONY DSC-T700(g) DIGITAL VIDEO CAMERA',199.0000,199.0000,0.0000,2,0),(279,273,17,0,'','Apple iPhone 3G',399.0000,399.0000,0.0000,1,0),(280,274,17,0,'','Apple iPhone 3G',399.0000,399.0000,0.0000,1,0),(281,274,19,0,'','SONY DSC-T700(g) DIGITAL VIDEO CAMERA',199.0000,199.0000,0.0000,1,0),(282,275,17,0,'','Apple iPhone 3G',399.0000,399.0000,0.0000,1,0),(283,275,19,0,'','SONY DSC-T700(g) DIGITAL VIDEO CAMERA',199.0000,199.0000,0.0000,1,0),(284,276,17,0,'','Apple iPhone 3G',399.0000,399.0000,0.0000,1,0),(285,276,19,0,'','SONY DSC-T700(g) DIGITAL VIDEO CAMERA',199.0000,199.0000,0.0000,2,0),(286,277,17,0,'','Apple iPhone 3G',399.0000,399.0000,0.0000,1,0),(287,278,17,0,'','Apple iPhone 3G',399.0000,399.0000,0.0000,1,0),(288,279,19,0,'','SONY DSC-T700(g) DIGITAL VIDEO CAMERA',199.0000,199.0000,0.0000,1,0),(289,280,19,0,'','SONY DSC-T700(g) DIGITAL VIDEO CAMERA',199.0000,199.0000,0.0000,1,0),(290,281,17,0,'','Apple iPhone 3G',399.0000,399.0000,0.0000,1,0),(291,282,17,0,'','Apple iPhone 3G',399.0000,399.0000,0.0000,1,0),(292,283,19,0,'','SONY DSC-T700(g) DIGITAL VIDEO CAMERA',199.0000,199.0000,0.0000,1,0),(293,284,19,0,'','SONY DSC-T700(g) DIGITAL VIDEO CAMERA',199.0000,199.0000,0.0000,1,0),(294,285,19,0,'','SONY DSC-T700(g) DIGITAL VIDEO CAMERA',199.0000,199.0000,0.0000,1,0),(295,286,19,0,'','SONY DSC-T700(g) DIGITAL VIDEO CAMERA',199.0000,199.0000,0.0000,1,0),(296,287,19,0,'','SONY DSC-T700(g) DIGITAL VIDEO CAMERA',199.0000,199.0000,0.0000,3,0),(297,288,19,0,'','SONY DSC-T700(g) DIGITAL VIDEO CAMERA',199.0000,199.0000,0.0000,1,0),(298,289,19,0,'','SONY DSC-T700(g) DIGITAL VIDEO CAMERA',199.0000,199.0000,0.0000,1,0),(299,290,19,0,'','SONY DSC-T700(g) DIGITAL VIDEO CAMERA',199.0000,199.0000,0.0000,1,0),(300,291,19,0,'','SONY DSC-T700(g) DIGITAL VIDEO CAMERA',199.0000,199.0000,0.0000,2,0),(301,292,19,0,'','SONY DSC-T700(g) DIGITAL VIDEO CAMERA',199.0000,199.0000,0.0000,2,0),(302,293,17,0,'','Apple iPhone 3G',399.0000,399.0000,0.0000,1,0),(303,293,19,0,'','SONY DSC-T700(g) DIGITAL VIDEO CAMERA',199.0000,199.0000,0.0000,2,0),(304,294,17,0,'','Apple iPhone 3G',399.0000,399.0000,0.0000,1,0),(305,294,19,0,'','SONY DSC-T700(g) DIGITAL VIDEO CAMERA',199.0000,199.0000,0.0000,3,0),(306,295,19,0,'','SONY DSC-T700(g) DIGITAL VIDEO CAMERA',199.0000,199.0000,0.0000,2,0),(307,296,19,0,'','SONY DSC-T700(g) DIGITAL VIDEO CAMERA',199.0000,199.0000,0.0000,6,0),(308,297,17,0,'','Apple iPhone 3G',399.0000,399.0000,0.0000,1,0),(309,298,17,0,'','Apple iPhone 3G',399.0000,399.0000,0.0000,1,0),(310,298,19,0,'','SONY DSC-T700(g) DIGITAL VIDEO CAMERA',199.0000,199.0000,0.0000,4,0),(311,299,17,0,'','Apple iPhone 3G',399.0000,399.0000,0.0000,1,0),(312,300,17,0,'','Apple iPhone 3G',399.0000,399.0000,0.0000,1,0),(313,301,17,0,'','Apple iPhone 3G',399.0000,399.0000,0.0000,1,0),(314,302,17,0,'','Apple iPhone 3G',399.0000,399.0000,0.0000,1,0),(315,302,19,0,'','SONY DSC-T700(g) DIGITAL VIDEO CAMERA',199.0000,199.0000,0.0000,1,0),(316,303,17,0,'','Apple iPhone 3G',399.0000,399.0000,0.0000,1,0),(317,303,19,0,'','SONY DSC-T700(g) DIGITAL VIDEO CAMERA',199.0000,199.0000,0.0000,1,0),(318,304,17,0,'','Apple iPhone 3G',399.0000,399.0000,0.0000,1,0),(319,304,19,0,'','SONY DSC-T700(g) DIGITAL VIDEO CAMERA',199.0000,199.0000,0.0000,1,0),(320,305,17,0,'','Apple iPhone 3G',399.0000,399.0000,0.0000,1,0),(321,305,19,0,'','SONY DSC-T700(g) DIGITAL VIDEO CAMERA',199.0000,199.0000,0.0000,1,0),(322,306,17,0,'','Apple iPhone 3G',399.0000,399.0000,0.0000,1,0),(323,306,19,0,'','SONY DSC-T700(g) DIGITAL VIDEO CAMERA',199.0000,199.0000,0.0000,1,0),(324,307,17,0,'','Apple iPhone 3G',399.0000,399.0000,0.0000,1,0),(325,307,19,0,'','SONY DSC-T700(g) DIGITAL VIDEO CAMERA',199.0000,199.0000,0.0000,1,0),(326,308,17,0,'','Apple iPhone 3G',399.0000,399.0000,0.0000,1,0),(327,308,19,0,'','SONY DSC-T700(g) DIGITAL VIDEO CAMERA',199.0000,199.0000,0.0000,1,0),(328,309,17,0,'','Apple iPhone 3G',399.0000,399.0000,0.0000,1,0),(329,309,19,0,'','SONY DSC-T700(g) DIGITAL VIDEO CAMERA',199.0000,199.0000,0.0000,1,0),(330,310,17,0,'','Apple iPhone 3G',399.0000,399.0000,0.0000,1,0),(331,310,19,0,'','SONY DSC-T700(g) DIGITAL VIDEO CAMERA',199.0000,199.0000,0.0000,1,0),(332,311,17,0,'','Apple iPhone 3G',399.0000,399.0000,0.0000,1,0),(333,311,19,0,'','SONY DSC-T700(g) DIGITAL VIDEO CAMERA',199.0000,199.0000,0.0000,1,0),(334,312,17,0,'','Apple iPhone 3G',399.0000,399.0000,0.0000,1,0),(335,312,19,0,'','SONY DSC-T700(g) DIGITAL VIDEO CAMERA',199.0000,199.0000,0.0000,1,0);
/*!40000 ALTER TABLE `toc_orders_products` ENABLE KEYS */;
UNLOCK TABLES;

--
-- Table structure for table `toc_orders_products_customizations`
--

DROP TABLE IF EXISTS `toc_orders_products_customizations`;
/*!40101 SET @saved_cs_client     = @@character_set_client */;
/*!40101 SET character_set_client = utf8 */;
CREATE TABLE `toc_orders_products_customizations` (
  `orders_products_customizations_id` int(11) NOT NULL AUTO_INCREMENT,
  `orders_id` int(11) NOT NULL,
  `orders_products_id` int(11) NOT NULL,
  `quantity` int(11) NOT NULL,
  PRIMARY KEY (`orders_products_customizations_id`)
) ENGINE=MyISAM DEFAULT CHARSET=utf8;
/*!40101 SET character_set_client = @saved_cs_client */;

--
-- Dumping data for table `toc_orders_products_customizations`
--

LOCK TABLES `toc_orders_products_customizations` WRITE;
/*!40000 ALTER TABLE `toc_orders_products_customizations` DISABLE KEYS */;
/*!40000 ALTER TABLE `toc_orders_products_customizations` ENABLE KEYS */;
UNLOCK TABLES;

--
-- Table structure for table `toc_orders_products_customizations_values`
--

DROP TABLE IF EXISTS `toc_orders_products_customizations_values`;
/*!40101 SET @saved_cs_client     = @@character_set_client */;
/*!40101 SET character_set_client = utf8 */;
CREATE TABLE `toc_orders_products_customizations_values` (
  `orders_products_customizations_values_id` int(11) NOT NULL AUTO_INCREMENT,
  `orders_products_customizations_id` int(11) NOT NULL,
  `customization_fields_id` int(11) NOT NULL,
  `customization_fields_name` varchar(64) NOT NULL,
  `customization_fields_type` tinyint(1) NOT NULL,
  `customization_fields_value` varchar(255) NOT NULL,
  `cache_file_name` varchar(255) DEFAULT NULL,
  PRIMARY KEY (`orders_products_customizations_values_id`)
) ENGINE=MyISAM DEFAULT CHARSET=utf8;
/*!40101 SET character_set_client = @saved_cs_client */;

--
-- Dumping data for table `toc_orders_products_customizations_values`
--

LOCK TABLES `toc_orders_products_customizations_values` WRITE;
/*!40000 ALTER TABLE `toc_orders_products_customizations_values` DISABLE KEYS */;
/*!40000 ALTER TABLE `toc_orders_products_customizations_values` ENABLE KEYS */;
UNLOCK TABLES;

--
-- Table structure for table `toc_orders_products_download`
--

DROP TABLE IF EXISTS `toc_orders_products_download`;
/*!40101 SET @saved_cs_client     = @@character_set_client */;
/*!40101 SET character_set_client = utf8 */;
CREATE TABLE `toc_orders_products_download` (
  `orders_products_download_id` int(11) NOT NULL AUTO_INCREMENT,
  `orders_id` int(11) NOT NULL,
  `orders_products_id` int(11) NOT NULL,
  `orders_products_filename` varchar(255) NOT NULL,
  `orders_products_cache_filename` varchar(255) NOT NULL,
  `download_maxdays` int(2) NOT NULL,
  `download_count` int(2) NOT NULL,
  `status` tinyint(1) NOT NULL,
  PRIMARY KEY (`orders_products_download_id`)
) ENGINE=MyISAM DEFAULT CHARSET=utf8;
/*!40101 SET character_set_client = @saved_cs_client */;

--
-- Dumping data for table `toc_orders_products_download`
--

LOCK TABLES `toc_orders_products_download` WRITE;
/*!40000 ALTER TABLE `toc_orders_products_download` DISABLE KEYS */;
/*!40000 ALTER TABLE `toc_orders_products_download` ENABLE KEYS */;
UNLOCK TABLES;

--
-- Table structure for table `toc_orders_products_variants`
--

DROP TABLE IF EXISTS `toc_orders_products_variants`;
/*!40101 SET @saved_cs_client     = @@character_set_client */;
/*!40101 SET character_set_client = utf8 */;
CREATE TABLE `toc_orders_products_variants` (
  `orders_products_variants_id` int(11) NOT NULL AUTO_INCREMENT,
  `orders_id` int(11) NOT NULL,
  `orders_products_id` int(11) NOT NULL,
  `products_variants_groups_id` int(11) NOT NULL,
  `products_variants_groups` varchar(32) NOT NULL,
  `products_variants_values_id` int(11) NOT NULL,
  `products_variants_values` varchar(32) NOT NULL,
  PRIMARY KEY (`orders_products_variants_id`)
) ENGINE=MyISAM DEFAULT CHARSET=utf8;
/*!40101 SET character_set_client = @saved_cs_client */;

--
-- Dumping data for table `toc_orders_products_variants`
--

LOCK TABLES `toc_orders_products_variants` WRITE;
/*!40000 ALTER TABLE `toc_orders_products_variants` DISABLE KEYS */;
/*!40000 ALTER TABLE `toc_orders_products_variants` ENABLE KEYS */;
UNLOCK TABLES;

--
-- Table structure for table `toc_orders_refunds`
--

DROP TABLE IF EXISTS `toc_orders_refunds`;
/*!40101 SET @saved_cs_client     = @@character_set_client */;
/*!40101 SET character_set_client = utf8 */;
CREATE TABLE `toc_orders_refunds` (
  `orders_refunds_id` int(11) NOT NULL AUTO_INCREMENT,
  `orders_refunds_type` tinyint(1) NOT NULL,
  `orders_id` int(11) NOT NULL,
  `credit_slips_id` int(11) DEFAULT NULL,
  `sub_total` decimal(15,4) NOT NULL,
  `shipping` decimal(15,4) NOT NULL,
  `handling` decimal(15,4) NOT NULL,
  `refund_total` decimal(15,4) NOT NULL,
  `comments` text NOT NULL,
  `date_added` datetime NOT NULL,
  PRIMARY KEY (`orders_refunds_id`)
) ENGINE=MyISAM DEFAULT CHARSET=utf8;
/*!40101 SET character_set_client = @saved_cs_client */;

--
-- Dumping data for table `toc_orders_refunds`
--

LOCK TABLES `toc_orders_refunds` WRITE;
/*!40000 ALTER TABLE `toc_orders_refunds` DISABLE KEYS */;
/*!40000 ALTER TABLE `toc_orders_refunds` ENABLE KEYS */;
UNLOCK TABLES;

--
-- Table structure for table `toc_orders_refunds_products`
--

DROP TABLE IF EXISTS `toc_orders_refunds_products`;
/*!40101 SET @saved_cs_client     = @@character_set_client */;
/*!40101 SET character_set_client = utf8 */;
CREATE TABLE `toc_orders_refunds_products` (
  `orders_refunds_products_id` int(11) NOT NULL AUTO_INCREMENT,
  `orders_refunds_id` int(11) NOT NULL,
  `orders_products_id` int(11) NOT NULL,
  `products_quantity` int(11) NOT NULL,
  PRIMARY KEY (`orders_refunds_products_id`)
) ENGINE=MyISAM DEFAULT CHARSET=utf8;
/*!40101 SET character_set_client = @saved_cs_client */;

--
-- Dumping data for table `toc_orders_refunds_products`
--

LOCK TABLES `toc_orders_refunds_products` WRITE;
/*!40000 ALTER TABLE `toc_orders_refunds_products` DISABLE KEYS */;
/*!40000 ALTER TABLE `toc_orders_refunds_products` ENABLE KEYS */;
UNLOCK TABLES;

--
-- Table structure for table `toc_orders_returns`
--

DROP TABLE IF EXISTS `toc_orders_returns`;
/*!40101 SET @saved_cs_client     = @@character_set_client */;
/*!40101 SET character_set_client = utf8 */;
CREATE TABLE `toc_orders_returns` (
  `orders_returns_id` int(11) NOT NULL AUTO_INCREMENT,
  `orders_id` int(11) NOT NULL,
  `orders_returns_status_id` int(5) NOT NULL,
  `customers_comments` text,
  `admin_comments` text,
  `date_added` datetime NOT NULL,
  `date_updated` datetime DEFAULT NULL,
  PRIMARY KEY (`orders_returns_id`)
) ENGINE=MyISAM DEFAULT CHARSET=utf8;
/*!40101 SET character_set_client = @saved_cs_client */;

--
-- Dumping data for table `toc_orders_returns`
--

LOCK TABLES `toc_orders_returns` WRITE;
/*!40000 ALTER TABLE `toc_orders_returns` DISABLE KEYS */;
/*!40000 ALTER TABLE `toc_orders_returns` ENABLE KEYS */;
UNLOCK TABLES;

--
-- Table structure for table `toc_orders_returns_products`
--

DROP TABLE IF EXISTS `toc_orders_returns_products`;
/*!40101 SET @saved_cs_client     = @@character_set_client */;
/*!40101 SET character_set_client = utf8 */;
CREATE TABLE `toc_orders_returns_products` (
  `orders_returns_id` int(11) NOT NULL,
  `orders_products_id` int(11) NOT NULL,
  `products_quantity` int(11) NOT NULL,
  PRIMARY KEY (`orders_returns_id`,`orders_products_id`)
) ENGINE=MyISAM DEFAULT CHARSET=utf8;
/*!40101 SET character_set_client = @saved_cs_client */;

--
-- Dumping data for table `toc_orders_returns_products`
--

LOCK TABLES `toc_orders_returns_products` WRITE;
/*!40000 ALTER TABLE `toc_orders_returns_products` DISABLE KEYS */;
/*!40000 ALTER TABLE `toc_orders_returns_products` ENABLE KEYS */;
UNLOCK TABLES;

--
-- Table structure for table `toc_orders_returns_status`
--

DROP TABLE IF EXISTS `toc_orders_returns_status`;
/*!40101 SET @saved_cs_client     = @@character_set_client */;
/*!40101 SET character_set_client = utf8 */;
CREATE TABLE `toc_orders_returns_status` (
  `orders_returns_status_id` int(11) NOT NULL AUTO_INCREMENT,
  `languages_id` int(11) NOT NULL,
  `orders_returns_status_name` varchar(100) NOT NULL,
  PRIMARY KEY (`orders_returns_status_id`,`languages_id`)
) ENGINE=MyISAM AUTO_INCREMENT=8 DEFAULT CHARSET=utf8;
/*!40101 SET character_set_client = @saved_cs_client */;

--
-- Dumping data for table `toc_orders_returns_status`
--

LOCK TABLES `toc_orders_returns_status` WRITE;
/*!40000 ALTER TABLE `toc_orders_returns_status` DISABLE KEYS */;
INSERT INTO `toc_orders_returns_status` VALUES (1,1,'Pending'),(2,1,'Confirmed'),(3,1,'Received'),(4,1,'Return Authorized'),(5,1,'Return Refunded(Credit Slip)'),(6,1,'Return Refunded(Store Credit)'),(7,1,'Return Rejected');
/*!40000 ALTER TABLE `toc_orders_returns_status` ENABLE KEYS */;
UNLOCK TABLES;

--
-- Table structure for table `toc_orders_status`
--

DROP TABLE IF EXISTS `toc_orders_status`;
/*!40101 SET @saved_cs_client     = @@character_set_client */;
/*!40101 SET character_set_client = utf8 */;
CREATE TABLE `toc_orders_status` (
  `orders_status_id` int(11) NOT NULL DEFAULT '0',
  `language_id` int(11) NOT NULL DEFAULT '1',
  `orders_status_name` varchar(32) NOT NULL,
  `public_flag` tinyint(1) NOT NULL DEFAULT '1',
  `downloads_flag` tinyint(1) NOT NULL DEFAULT '0',
  `returns_flag` tinyint(1) NOT NULL DEFAULT '0',
  `gift_certificates_flag` tinyint(1) NOT NULL DEFAULT '0',
  PRIMARY KEY (`orders_status_id`,`language_id`),
  KEY `idx_orders_status_name` (`orders_status_name`)
) ENGINE=MyISAM DEFAULT CHARSET=utf8;
/*!40101 SET character_set_client = @saved_cs_client */;

--
-- Dumping data for table `toc_orders_status`
--

LOCK TABLES `toc_orders_status` WRITE;
/*!40000 ALTER TABLE `toc_orders_status` DISABLE KEYS */;
INSERT INTO `toc_orders_status` VALUES (1,1,'Pending',1,0,0,0),(2,1,'Processing',1,0,0,0),(3,1,'Preparing',1,0,0,0),(4,1,'Partly Paid',1,0,0,0),(5,1,'Paid',1,1,0,1),(6,1,'Partly Delivered',1,1,1,1),(7,1,'Delivered',1,1,1,1),(8,1,'Cancelled',1,0,0,0),(9,1,'PayPal [Transactions]',0,0,0,0);
/*!40000 ALTER TABLE `toc_orders_status` ENABLE KEYS */;
UNLOCK TABLES;

--
-- Table structure for table `toc_orders_status_history`
--

DROP TABLE IF EXISTS `toc_orders_status_history`;
/*!40101 SET @saved_cs_client     = @@character_set_client */;
/*!40101 SET character_set_client = utf8 */;
CREATE TABLE `toc_orders_status_history` (
  `orders_status_history_id` int(11) NOT NULL AUTO_INCREMENT,
  `orders_id` int(11) NOT NULL,
  `orders_status_id` int(5) NOT NULL,
  `date_added` datetime NOT NULL,
  `customer_notified` int(1) DEFAULT '0',
  `comments` text CHARACTER SET utf8 COLLATE utf8_unicode_ci,
  PRIMARY KEY (`orders_status_history_id`)
) ENGINE=MyISAM AUTO_INCREMENT=924 DEFAULT CHARSET=utf8;
/*!40101 SET character_set_client = @saved_cs_client */;

--
-- Dumping data for table `toc_orders_status_history`
--

LOCK TABLES `toc_orders_status_history` WRITE;
/*!40000 ALTER TABLE `toc_orders_status_history` DISABLE KEYS */;
INSERT INTO `toc_orders_status_history` VALUES (3,3,3,'2015-09-07 10:28:30',0,''),(4,3,2,'2015-09-07 10:30:29',0,'PayPal Processing Transaction'),(5,4,3,'2015-09-07 10:38:28',0,''),(6,4,2,'2015-09-07 10:39:31',0,'PayPal Processing Transaction'),(8,6,3,'2015-09-08 12:30:58',0,''),(9,6,2,'2015-09-08 12:32:06',0,'PayPal Processing Transaction'),(10,7,3,'2015-09-08 13:05:04',0,''),(11,8,1,'2015-09-09 09:17:50',0,''),(12,8,5,'2015-09-09 09:17:50',0,''),(13,0,9,'2015-09-09 09:17:51',0,'Payer Status: \nAddress Status: \n\nPayment Status: Pending\nPayment Type: instant\nPending Reason: multicurrency\nReversal Code: None'),(14,9,1,'2015-09-09 15:01:06',0,''),(15,9,5,'2015-09-09 15:01:06',0,''),(16,0,9,'2015-09-09 15:01:07',0,'Payer Status: \nAddress Status: \n\nPayment Status: Pending\nPayment Type: instant\nPending Reason: multicurrency\nReversal Code: None'),(17,10,1,'2015-09-09 15:07:55',0,''),(18,10,5,'2015-09-09 15:07:55',0,''),(19,0,9,'2015-09-09 15:07:56',0,'Payer Status: \nAddress Status: \n\nPayment Status: Pending\nPayment Type: instant\nPending Reason: multicurrency\nReversal Code: None'),(20,11,1,'2015-09-09 15:14:04',0,''),(21,11,5,'2015-09-09 15:14:04',0,''),(22,0,9,'2015-09-09 15:14:05',0,'Payer Status: \nAddress Status: \n\nPayment Status: Pending\nPayment Type: instant\nPending Reason: multicurrency\nReversal Code: None'),(23,12,1,'2015-09-09 15:15:57',0,''),(24,12,5,'2015-09-09 15:15:57',0,''),(25,0,9,'2015-09-09 15:15:58',0,'Payer Status: \nAddress Status: \n\nPayment Status: Pending\nPayment Type: instant\nPending Reason: multicurrency\nReversal Code: None'),(26,13,1,'2015-09-09 16:20:47',0,''),(27,13,5,'2015-09-09 16:20:47',0,''),(28,0,9,'2015-09-09 16:20:48',0,'Payer Status: \nAddress Status: \n\nPayment Status: Pending\nPayment Type: instant\nPending Reason: multicurrency\nReversal Code: None'),(29,14,1,'2015-09-09 16:26:46',0,''),(30,14,5,'2015-09-09 16:26:46',0,''),(31,0,9,'2015-09-09 16:26:47',0,'Payer Status: \nAddress Status: \n\nPayment Status: Pending\nPayment Type: instant\nPending Reason: multicurrency\nReversal Code: None'),(32,15,1,'2015-09-09 17:01:09',0,''),(33,15,5,'2015-09-09 17:01:09',0,''),(34,0,9,'2015-09-09 17:01:10',0,'Payer Status: \nAddress Status: \n\nPayment Status: Pending\nPayment Type: instant\nPending Reason: multicurrency\nReversal Code: None'),(35,16,1,'2015-09-09 17:02:36',0,''),(36,16,5,'2015-09-09 17:02:36',0,''),(37,0,9,'2015-09-09 17:02:37',0,'Payer Status: \nAddress Status: \n\nPayment Status: Pending\nPayment Type: instant\nPending Reason: multicurrency\nReversal Code: None'),(38,17,1,'2015-09-09 17:03:46',0,''),(39,17,5,'2015-09-09 17:03:46',0,''),(40,0,9,'2015-09-09 17:03:47',0,'Payer Status: \nAddress Status: \n\nPayment Status: Pending\nPayment Type: instant\nPending Reason: multicurrency\nReversal Code: None'),(41,18,1,'2015-09-09 17:06:21',0,''),(42,18,5,'2015-09-09 17:06:21',0,''),(43,0,9,'2015-09-09 17:06:22',0,'Payer Status: \nAddress Status: \n\nPayment Status: Pending\nPayment Type: instant\nPending Reason: multicurrency\nReversal Code: None'),(44,19,1,'2015-09-09 17:08:47',0,''),(45,19,5,'2015-09-09 17:08:47',0,''),(46,0,9,'2015-09-09 17:08:48',0,'Payer Status: \nAddress Status: \n\nPayment Status: Pending\nPayment Type: instant\nPending Reason: multicurrency\nReversal Code: None'),(47,20,1,'2015-09-09 17:11:19',0,''),(48,20,5,'2015-09-09 17:11:19',0,''),(49,0,9,'2015-09-09 17:11:20',0,'Payer Status: \nAddress Status: \n\nPayment Status: Pending\nPayment Type: instant\nPending Reason: multicurrency\nReversal Code: None'),(50,21,1,'2015-09-09 17:13:43',0,''),(51,21,5,'2015-09-09 17:13:43',0,''),(52,0,9,'2015-09-09 17:13:44',0,'Payer Status: \nAddress Status: \n\nPayment Status: Pending\nPayment Type: instant\nPending Reason: multicurrency\nReversal Code: None'),(53,22,1,'2015-09-09 17:16:07',0,''),(54,22,5,'2015-09-09 17:16:07',0,''),(55,0,9,'2015-09-09 17:16:09',0,'Payer Status: \nAddress Status: \n\nPayment Status: Pending\nPayment Type: instant\nPending Reason: multicurrency\nReversal Code: None'),(56,23,1,'2015-09-09 17:18:37',0,''),(57,23,5,'2015-09-09 17:18:37',0,''),(58,0,9,'2015-09-09 17:18:39',0,'Payer Status: \nAddress Status: \n\nPayment Status: Pending\nPayment Type: instant\nPending Reason: multicurrency\nReversal Code: None'),(59,24,1,'2015-09-09 17:21:00',0,''),(60,24,5,'2015-09-09 17:21:00',0,''),(61,0,9,'2015-09-09 17:21:01',0,'Payer Status: \nAddress Status: \n\nPayment Status: Pending\nPayment Type: instant\nPending Reason: multicurrency\nReversal Code: None'),(62,25,1,'2015-09-09 17:23:20',0,''),(63,25,5,'2015-09-09 17:23:20',0,''),(64,0,9,'2015-09-09 17:23:21',0,'Payer Status: \nAddress Status: \n\nPayment Status: Pending\nPayment Type: instant\nPending Reason: multicurrency\nReversal Code: None'),(65,26,1,'2015-09-09 17:25:39',0,''),(66,26,5,'2015-09-09 17:25:39',0,''),(67,0,9,'2015-09-09 17:25:40',0,'Payer Status: \nAddress Status: \n\nPayment Status: Pending\nPayment Type: instant\nPending Reason: multicurrency\nReversal Code: None'),(68,27,1,'2015-09-09 17:28:17',0,''),(69,27,5,'2015-09-09 17:28:17',0,''),(70,0,9,'2015-09-09 17:28:18',0,'Payer Status: \nAddress Status: \n\nPayment Status: Pending\nPayment Type: instant\nPending Reason: multicurrency\nReversal Code: None'),(71,28,1,'2015-09-09 17:31:41',0,''),(72,28,5,'2015-09-09 17:31:41',0,''),(73,0,9,'2015-09-09 17:31:42',0,'Payer Status: \nAddress Status: \n\nPayment Status: Pending\nPayment Type: instant\nPending Reason: multicurrency\nReversal Code: None'),(74,29,1,'2015-09-09 17:33:18',0,''),(75,29,5,'2015-09-09 17:33:18',0,''),(76,0,9,'2015-09-09 17:33:19',0,'Payer Status: \nAddress Status: \n\nPayment Status: Pending\nPayment Type: instant\nPending Reason: multicurrency\nReversal Code: None'),(77,30,1,'2015-09-09 17:34:27',0,''),(78,30,5,'2015-09-09 17:34:27',0,''),(79,0,9,'2015-09-09 17:34:28',0,'Payer Status: \nAddress Status: \n\nPayment Status: Pending\nPayment Type: instant\nPending Reason: multicurrency\nReversal Code: None'),(80,31,1,'2015-09-09 17:35:43',0,''),(81,31,5,'2015-09-09 17:35:43',0,''),(82,0,9,'2015-09-09 17:35:44',0,'Payer Status: \nAddress Status: \n\nPayment Status: Pending\nPayment Type: instant\nPending Reason: multicurrency\nReversal Code: None'),(83,32,1,'2015-09-10 09:05:14',0,''),(84,32,5,'2015-09-10 09:05:14',0,''),(85,0,9,'2015-09-10 09:05:15',0,'Payer Status: \nAddress Status: \n\nPayment Status: Pending\nPayment Type: instant\nPending Reason: multicurrency\nReversal Code: None'),(86,33,1,'2015-09-10 09:06:23',0,''),(87,33,5,'2015-09-10 09:06:23',0,''),(88,0,9,'2015-09-10 09:06:24',0,'Payer Status: \nAddress Status: \n\nPayment Status: Pending\nPayment Type: instant\nPending Reason: multicurrency\nReversal Code: None'),(89,34,1,'2015-09-10 09:07:26',0,''),(90,34,5,'2015-09-10 09:07:26',0,''),(91,0,9,'2015-09-10 09:07:27',0,'Payer Status: \nAddress Status: \n\nPayment Status: Pending\nPayment Type: instant\nPending Reason: multicurrency\nReversal Code: None'),(92,35,1,'2015-09-10 09:08:29',0,''),(93,35,5,'2015-09-10 09:08:29',0,''),(94,0,9,'2015-09-10 09:08:30',0,'Payer Status: \nAddress Status: \n\nPayment Status: Pending\nPayment Type: instant\nPending Reason: multicurrency\nReversal Code: None'),(95,36,1,'2015-09-10 09:13:07',0,''),(96,36,5,'2015-09-10 09:13:07',0,''),(97,0,9,'2015-09-10 09:13:08',0,'Payer Status: \nAddress Status: \n\nPayment Status: Pending\nPayment Type: instant\nPending Reason: multicurrency\nReversal Code: None'),(98,37,1,'2015-09-10 09:14:13',0,''),(99,37,5,'2015-09-10 09:14:13',0,''),(100,0,9,'2015-09-10 09:14:14',0,'Payer Status: \nAddress Status: \n\nPayment Status: Pending\nPayment Type: instant\nPending Reason: multicurrency\nReversal Code: None'),(101,38,1,'2015-09-10 09:15:19',0,''),(102,38,5,'2015-09-10 09:15:19',0,''),(103,0,9,'2015-09-10 09:15:20',0,'Payer Status: \nAddress Status: \n\nPayment Status: Pending\nPayment Type: instant\nPending Reason: multicurrency\nReversal Code: None'),(104,39,1,'2015-09-10 09:16:26',0,''),(105,39,5,'2015-09-10 09:16:26',0,''),(106,0,9,'2015-09-10 09:16:27',0,'Payer Status: \nAddress Status: \n\nPayment Status: Pending\nPayment Type: instant\nPending Reason: multicurrency\nReversal Code: None'),(107,40,1,'2015-09-10 09:17:33',0,''),(108,40,5,'2015-09-10 09:17:33',0,''),(109,0,9,'2015-09-10 09:17:34',0,'Payer Status: \nAddress Status: \n\nPayment Status: Pending\nPayment Type: instant\nPending Reason: multicurrency\nReversal Code: None'),(110,41,1,'2015-09-10 09:18:40',0,''),(111,41,5,'2015-09-10 09:18:40',0,''),(112,0,9,'2015-09-10 09:18:41',0,'Payer Status: \nAddress Status: \n\nPayment Status: Pending\nPayment Type: instant\nPending Reason: multicurrency\nReversal Code: None'),(113,42,1,'2015-09-10 09:19:47',0,''),(114,42,5,'2015-09-10 09:19:47',0,''),(115,0,9,'2015-09-10 09:19:48',0,'Payer Status: \nAddress Status: \n\nPayment Status: Pending\nPayment Type: instant\nPending Reason: multicurrency\nReversal Code: None'),(116,43,1,'2015-09-10 11:59:51',0,''),(117,43,5,'2015-09-10 11:59:51',0,''),(118,0,9,'2015-09-10 11:59:52',0,'Payer Status: \nAddress Status: \n\nPayment Status: Pending\nPayment Type: instant\nPending Reason: multicurrency\nReversal Code: None'),(119,44,1,'2015-09-10 12:15:20',0,''),(120,44,5,'2015-09-10 12:15:20',0,''),(121,0,9,'2015-09-10 12:15:21',0,'Payer Status: \nAddress Status: \n\nPayment Status: Pending\nPayment Type: instant\nPending Reason: multicurrency\nReversal Code: None'),(122,45,1,'2015-09-10 12:16:30',0,''),(123,45,5,'2015-09-10 12:16:30',0,''),(124,0,9,'2015-09-10 12:16:31',0,'Payer Status: \nAddress Status: \n\nPayment Status: Pending\nPayment Type: instant\nPending Reason: multicurrency\nReversal Code: None'),(125,46,1,'2015-09-10 12:17:38',0,''),(126,46,5,'2015-09-10 12:17:38',0,''),(127,0,9,'2015-09-10 12:17:39',0,'Payer Status: \nAddress Status: \n\nPayment Status: Pending\nPayment Type: instant\nPending Reason: multicurrency\nReversal Code: None'),(128,47,1,'2015-09-10 12:18:41',0,''),(129,47,5,'2015-09-10 12:18:41',0,''),(130,0,9,'2015-09-10 12:18:42',0,'Payer Status: \nAddress Status: \n\nPayment Status: Pending\nPayment Type: instant\nPending Reason: multicurrency\nReversal Code: None'),(131,48,1,'2015-09-10 15:01:36',0,''),(132,48,5,'2015-09-10 15:01:36',0,''),(133,0,9,'2015-09-10 15:01:37',0,'Payer Status: \nAddress Status: \n\nPayment Status: Pending\nPayment Type: instant\nPending Reason: multicurrency\nReversal Code: None'),(134,49,1,'2015-09-10 15:05:17',0,''),(135,49,5,'2015-09-10 15:05:17',0,''),(136,0,9,'2015-09-10 15:05:18',0,'Payer Status: \nAddress Status: \n\nPayment Status: Pending\nPayment Type: instant\nPending Reason: multicurrency\nReversal Code: None'),(137,50,1,'2015-09-10 15:07:18',0,''),(138,50,5,'2015-09-10 15:07:18',0,''),(139,0,9,'2015-09-10 15:07:19',0,'Payer Status: \nAddress Status: \n\nPayment Status: Pending\nPayment Type: instant\nPending Reason: multicurrency\nReversal Code: None'),(140,51,1,'2015-09-10 15:08:47',0,''),(141,51,5,'2015-09-10 15:08:47',0,''),(142,0,9,'2015-09-10 15:08:48',0,'Payer Status: \nAddress Status: \n\nPayment Status: Pending\nPayment Type: instant\nPending Reason: multicurrency\nReversal Code: None'),(143,52,1,'2015-09-10 15:10:17',0,''),(144,52,5,'2015-09-10 15:10:17',0,''),(145,0,9,'2015-09-10 15:10:18',0,'Payer Status: \nAddress Status: \n\nPayment Status: Pending\nPayment Type: instant\nPending Reason: multicurrency\nReversal Code: None'),(146,53,1,'2015-09-10 15:53:24',0,''),(147,53,5,'2015-09-10 15:53:24',0,''),(148,0,9,'2015-09-10 15:53:25',0,'Payer Status: \nAddress Status: \n\nPayment Status: Pending\nPayment Type: instant\nPending Reason: multicurrency\nReversal Code: None'),(149,54,1,'2015-09-10 15:55:53',0,''),(150,54,5,'2015-09-10 15:55:53',0,''),(151,0,9,'2015-09-10 15:55:54',0,'Payer Status: \nAddress Status: \n\nPayment Status: Pending\nPayment Type: instant\nPending Reason: multicurrency\nReversal Code: None'),(152,55,1,'2015-09-10 15:57:54',0,''),(153,55,5,'2015-09-10 15:57:54',0,''),(154,0,9,'2015-09-10 15:57:55',0,'Payer Status: \nAddress Status: \n\nPayment Status: Pending\nPayment Type: instant\nPending Reason: multicurrency\nReversal Code: None'),(155,56,1,'2015-09-10 15:59:35',0,''),(156,56,5,'2015-09-10 15:59:35',0,''),(157,0,9,'2015-09-10 15:59:36',0,'Payer Status: \nAddress Status: \n\nPayment Status: Pending\nPayment Type: instant\nPending Reason: multicurrency\nReversal Code: None'),(158,57,1,'2015-09-10 16:36:22',0,''),(159,57,5,'2015-09-10 16:36:22',0,''),(160,0,9,'2015-09-10 16:36:23',0,'Payer Status: \nAddress Status: \n\nPayment Status: Pending\nPayment Type: instant\nPending Reason: multicurrency\nReversal Code: None'),(161,58,1,'2015-09-10 16:37:32',0,''),(162,58,5,'2015-09-10 16:37:32',0,''),(163,0,9,'2015-09-10 16:37:33',0,'Payer Status: \nAddress Status: \n\nPayment Status: Pending\nPayment Type: instant\nPending Reason: multicurrency\nReversal Code: None'),(164,59,1,'2015-09-10 16:38:35',0,''),(165,59,5,'2015-09-10 16:38:35',0,''),(166,0,9,'2015-09-10 16:38:36',0,'Payer Status: \nAddress Status: \n\nPayment Status: Pending\nPayment Type: instant\nPending Reason: multicurrency\nReversal Code: None'),(167,60,1,'2015-09-10 16:39:38',0,''),(168,60,5,'2015-09-10 16:39:38',0,''),(169,0,9,'2015-09-10 16:39:39',0,'Payer Status: \nAddress Status: \n\nPayment Status: Pending\nPayment Type: instant\nPending Reason: multicurrency\nReversal Code: None'),(170,61,1,'2015-09-18 09:20:55',0,''),(171,61,5,'2015-09-18 09:20:55',0,''),(172,0,9,'2015-09-18 09:20:56',0,'Payer Status: \nAddress Status: \n\nPayment Status: Pending\nPayment Type: instant\nPending Reason: multicurrency\nReversal Code: None'),(173,62,1,'2015-09-18 09:22:39',0,''),(174,62,5,'2015-09-18 09:22:39',0,''),(175,0,9,'2015-09-18 09:22:40',0,'Payer Status: \nAddress Status: \n\nPayment Status: Pending\nPayment Type: instant\nPending Reason: multicurrency\nReversal Code: None'),(176,63,1,'2015-09-18 09:23:47',0,''),(177,63,5,'2015-09-18 09:23:47',0,''),(178,0,9,'2015-09-18 09:23:48',0,'Payer Status: \nAddress Status: \n\nPayment Status: Pending\nPayment Type: instant\nPending Reason: multicurrency\nReversal Code: None'),(179,64,1,'2015-09-18 09:24:50',0,''),(180,64,5,'2015-09-18 09:24:50',0,''),(181,0,9,'2015-09-18 09:24:51',0,'Payer Status: \nAddress Status: \n\nPayment Status: Pending\nPayment Type: instant\nPending Reason: multicurrency\nReversal Code: None'),(182,65,1,'2015-09-18 09:26:01',0,''),(183,65,5,'2015-09-18 09:26:01',0,''),(184,0,9,'2015-09-18 09:26:02',0,'Payer Status: \nAddress Status: \n\nPayment Status: Pending\nPayment Type: instant\nPending Reason: multicurrency\nReversal Code: None'),(185,66,1,'2015-09-18 11:34:31',0,''),(186,66,5,'2015-09-18 11:34:31',0,''),(187,0,9,'2015-09-18 11:34:33',0,'Payer Status: \nAddress Status: \n\nPayment Status: Pending\nPayment Type: instant\nPending Reason: multicurrency\nReversal Code: None'),(188,67,1,'2015-09-18 11:38:43',0,''),(189,67,5,'2015-09-18 11:38:43',0,''),(190,0,9,'2015-09-18 11:38:44',0,'Payer Status: \nAddress Status: \n\nPayment Status: Pending\nPayment Type: instant\nPending Reason: multicurrency\nReversal Code: None'),(191,68,1,'2015-09-18 11:40:02',0,''),(192,68,5,'2015-09-18 11:40:02',0,''),(193,0,9,'2015-09-18 11:40:03',0,'Payer Status: \nAddress Status: \n\nPayment Status: Pending\nPayment Type: instant\nPending Reason: multicurrency\nReversal Code: None'),(194,69,1,'2015-09-18 11:46:52',0,''),(195,69,5,'2015-09-18 11:46:52',0,''),(196,0,9,'2015-09-18 11:46:53',0,'Payer Status: \nAddress Status: \n\nPayment Status: Pending\nPayment Type: instant\nPending Reason: multicurrency\nReversal Code: None'),(197,70,1,'2015-09-18 11:48:01',0,''),(198,70,5,'2015-09-18 11:48:02',0,''),(199,0,9,'2015-09-18 11:48:03',0,'Payer Status: \nAddress Status: \n\nPayment Status: Pending\nPayment Type: instant\nPending Reason: multicurrency\nReversal Code: None'),(200,71,1,'2015-09-18 11:49:20',0,''),(201,71,5,'2015-09-18 11:49:20',0,''),(202,0,9,'2015-09-18 11:49:21',0,'Payer Status: \nAddress Status: \n\nPayment Status: Pending\nPayment Type: instant\nPending Reason: multicurrency\nReversal Code: None'),(203,72,1,'2015-09-18 11:51:18',0,''),(204,72,5,'2015-09-18 11:51:18',0,''),(205,0,9,'2015-09-18 11:51:19',0,'Payer Status: \nAddress Status: \n\nPayment Status: Pending\nPayment Type: instant\nPending Reason: multicurrency\nReversal Code: None'),(206,73,1,'2015-09-18 11:52:27',0,''),(207,73,5,'2015-09-18 11:52:27',0,''),(208,0,9,'2015-09-18 11:52:28',0,'Payer Status: \nAddress Status: \n\nPayment Status: Pending\nPayment Type: instant\nPending Reason: multicurrency\nReversal Code: None'),(209,74,1,'2015-09-18 11:53:43',0,''),(210,74,5,'2015-09-18 11:53:43',0,''),(211,0,9,'2015-09-18 11:53:44',0,'Payer Status: \nAddress Status: \n\nPayment Status: Pending\nPayment Type: instant\nPending Reason: multicurrency\nReversal Code: None'),(212,75,1,'2015-09-18 11:55:04',0,''),(213,75,5,'2015-09-18 11:55:04',0,''),(214,0,9,'2015-09-18 11:55:05',0,'Payer Status: \nAddress Status: \n\nPayment Status: Pending\nPayment Type: instant\nPending Reason: multicurrency\nReversal Code: None'),(215,76,1,'2015-09-18 11:56:12',0,''),(216,76,5,'2015-09-18 11:56:12',0,''),(217,0,9,'2015-09-18 11:56:13',0,'Payer Status: \nAddress Status: \n\nPayment Status: Pending\nPayment Type: instant\nPending Reason: multicurrency\nReversal Code: None'),(218,77,1,'2015-09-18 11:57:19',0,''),(219,77,5,'2015-09-18 11:57:19',0,''),(220,0,9,'2015-09-18 11:57:20',0,'Payer Status: \nAddress Status: \n\nPayment Status: Pending\nPayment Type: instant\nPending Reason: multicurrency\nReversal Code: None'),(221,78,1,'2015-09-18 11:59:51',0,''),(222,78,5,'2015-09-18 11:59:51',0,''),(223,0,9,'2015-09-18 11:59:52',0,'Payer Status: \nAddress Status: \n\nPayment Status: Pending\nPayment Type: instant\nPending Reason: multicurrency\nReversal Code: None'),(224,79,1,'2015-09-18 12:01:03',0,''),(225,79,5,'2015-09-18 12:01:03',0,''),(226,0,9,'2015-09-18 12:01:04',0,'Payer Status: \nAddress Status: \n\nPayment Status: Pending\nPayment Type: instant\nPending Reason: multicurrency\nReversal Code: None'),(227,80,1,'2015-09-18 12:06:04',0,''),(228,80,5,'2015-09-18 12:06:04',0,''),(229,0,9,'2015-09-18 12:06:05',0,'Payer Status: \nAddress Status: \n\nPayment Status: Pending\nPayment Type: instant\nPending Reason: multicurrency\nReversal Code: None'),(230,81,1,'2015-09-18 13:52:38',0,''),(231,81,5,'2015-09-18 13:52:38',0,''),(232,0,9,'2015-09-18 13:52:39',0,'Payer Status: \nAddress Status: \n\nPayment Status: Pending\nPayment Type: instant\nPending Reason: multicurrency\nReversal Code: None'),(233,82,1,'2015-09-18 13:58:07',0,''),(234,82,5,'2015-09-18 13:58:07',0,''),(235,0,9,'2015-09-18 13:58:08',0,'Payer Status: \nAddress Status: \n\nPayment Status: Pending\nPayment Type: instant\nPending Reason: multicurrency\nReversal Code: None'),(236,83,1,'2015-09-18 14:01:11',0,''),(237,83,5,'2015-09-18 14:01:11',0,''),(238,0,9,'2015-09-18 14:01:12',0,'Payer Status: \nAddress Status: \n\nPayment Status: Pending\nPayment Type: instant\nPending Reason: multicurrency\nReversal Code: None'),(239,84,1,'2015-09-18 14:03:27',0,''),(240,84,5,'2015-09-18 14:03:27',0,''),(241,0,9,'2015-09-18 14:03:28',0,'Payer Status: \nAddress Status: \n\nPayment Status: Pending\nPayment Type: instant\nPending Reason: multicurrency\nReversal Code: None'),(242,85,1,'2015-09-18 14:06:21',0,''),(243,85,5,'2015-09-18 14:06:21',0,''),(244,0,9,'2015-09-18 14:06:22',0,'Payer Status: \nAddress Status: \n\nPayment Status: Pending\nPayment Type: instant\nPending Reason: multicurrency\nReversal Code: None'),(245,86,1,'2015-09-18 14:30:26',0,''),(246,86,5,'2015-09-18 14:30:26',0,''),(247,0,9,'2015-09-18 14:30:27',0,'Payer Status: \nAddress Status: \n\nPayment Status: Pending\nPayment Type: instant\nPending Reason: multicurrency\nReversal Code: None'),(248,87,1,'2015-09-18 14:33:18',0,''),(249,87,5,'2015-09-18 14:33:18',0,''),(250,0,9,'2015-09-18 14:33:19',0,'Payer Status: \nAddress Status: \n\nPayment Status: Pending\nPayment Type: instant\nPending Reason: multicurrency\nReversal Code: None'),(251,88,1,'2015-09-18 14:36:14',0,''),(252,88,5,'2015-09-18 14:36:14',0,''),(253,0,9,'2015-09-18 14:36:15',0,'Payer Status: \nAddress Status: \n\nPayment Status: Pending\nPayment Type: instant\nPending Reason: multicurrency\nReversal Code: None'),(254,89,1,'2015-09-18 14:39:20',0,''),(255,89,5,'2015-09-18 14:39:20',0,''),(256,0,9,'2015-09-18 14:39:21',0,'Payer Status: \nAddress Status: \n\nPayment Status: Pending\nPayment Type: instant\nPending Reason: multicurrency\nReversal Code: None'),(257,90,1,'2015-09-18 14:42:24',0,''),(258,90,5,'2015-09-18 14:42:24',0,''),(259,0,9,'2015-09-18 14:42:25',0,'Payer Status: \nAddress Status: \n\nPayment Status: Pending\nPayment Type: instant\nPending Reason: multicurrency\nReversal Code: None'),(260,91,1,'2015-09-18 14:45:11',0,''),(261,91,5,'2015-09-18 14:45:11',0,''),(262,0,9,'2015-09-18 14:45:12',0,'Payer Status: \nAddress Status: \n\nPayment Status: Pending\nPayment Type: instant\nPending Reason: multicurrency\nReversal Code: None'),(263,92,1,'2015-09-18 14:47:45',0,''),(264,92,5,'2015-09-18 14:47:45',0,''),(265,0,9,'2015-09-18 14:47:46',0,'Payer Status: \nAddress Status: \n\nPayment Status: Pending\nPayment Type: instant\nPending Reason: multicurrency\nReversal Code: None'),(266,93,1,'2015-09-18 14:54:16',0,''),(267,93,5,'2015-09-18 14:54:16',0,''),(268,0,9,'2015-09-18 14:54:17',0,'Payer Status: \nAddress Status: \n\nPayment Status: Pending\nPayment Type: instant\nPending Reason: multicurrency\nReversal Code: None'),(269,94,1,'2015-09-18 14:55:31',0,''),(270,94,5,'2015-09-18 14:55:31',0,''),(271,0,9,'2015-09-18 14:55:32',0,'Payer Status: \nAddress Status: \n\nPayment Status: Pending\nPayment Type: instant\nPending Reason: multicurrency\nReversal Code: None'),(272,95,1,'2015-09-24 16:53:03',0,''),(273,95,5,'2015-09-24 16:53:03',0,''),(274,0,9,'2015-09-24 16:53:04',0,'Payer Status: \nAddress Status: \n\nPayment Status: Pending\nPayment Type: instant\nPending Reason: multicurrency\nReversal Code: None'),(275,96,1,'2015-09-24 16:54:38',0,''),(276,96,5,'2015-09-24 16:54:38',0,''),(277,0,9,'2015-09-24 16:54:39',0,'Payer Status: \nAddress Status: \n\nPayment Status: Pending\nPayment Type: instant\nPending Reason: multicurrency\nReversal Code: None'),(278,97,1,'2015-09-24 16:56:24',0,''),(279,97,5,'2015-09-24 16:56:24',0,''),(280,0,9,'2015-09-24 16:56:25',0,'Payer Status: \nAddress Status: \n\nPayment Status: Pending\nPayment Type: instant\nPending Reason: multicurrency\nReversal Code: None'),(281,98,1,'2015-09-24 16:58:03',0,''),(282,98,5,'2015-09-24 16:58:03',0,''),(283,0,9,'2015-09-24 16:58:04',0,'Payer Status: \nAddress Status: \n\nPayment Status: Pending\nPayment Type: instant\nPending Reason: multicurrency\nReversal Code: None'),(284,99,1,'2015-09-24 17:02:43',0,''),(285,99,5,'2015-09-24 17:02:43',0,''),(286,0,9,'2015-09-24 17:02:44',0,'Payer Status: \nAddress Status: \n\nPayment Status: Pending\nPayment Type: instant\nPending Reason: multicurrency\nReversal Code: None'),(287,100,1,'2015-09-25 09:05:05',0,''),(288,100,5,'2015-09-25 09:05:06',0,''),(289,0,9,'2015-09-25 09:05:07',0,'Payer Status: \nAddress Status: \n\nPayment Status: Pending\nPayment Type: instant\nPending Reason: multicurrency\nReversal Code: None'),(290,101,1,'2015-09-25 09:06:18',0,''),(291,101,5,'2015-09-25 09:06:18',0,''),(292,0,9,'2015-09-25 09:06:19',0,'Payer Status: \nAddress Status: \n\nPayment Status: Pending\nPayment Type: instant\nPending Reason: multicurrency\nReversal Code: None'),(293,102,1,'2015-09-25 09:07:24',0,''),(294,102,5,'2015-09-25 09:07:24',0,''),(295,0,9,'2015-09-25 09:07:25',0,'Payer Status: \nAddress Status: \n\nPayment Status: Pending\nPayment Type: instant\nPending Reason: multicurrency\nReversal Code: None'),(296,103,1,'2015-09-25 09:08:33',0,''),(297,103,5,'2015-09-25 09:08:33',0,''),(298,0,9,'2015-09-25 09:08:34',0,'Payer Status: \nAddress Status: \n\nPayment Status: Pending\nPayment Type: instant\nPending Reason: multicurrency\nReversal Code: None'),(299,104,1,'2015-09-25 18:11:19',0,''),(300,104,5,'2015-09-25 18:11:19',0,''),(301,0,9,'2015-09-25 18:11:20',0,'Payer Status: \nAddress Status: \n\nPayment Status: Pending\nPayment Type: instant\nPending Reason: multicurrency\nReversal Code: None'),(302,105,1,'2015-09-25 18:12:28',0,''),(303,105,5,'2015-09-25 18:12:28',0,''),(304,0,9,'2015-09-25 18:12:29',0,'Payer Status: \nAddress Status: \n\nPayment Status: Pending\nPayment Type: instant\nPending Reason: multicurrency\nReversal Code: None'),(305,106,1,'2015-09-25 18:13:39',0,''),(306,106,5,'2015-09-25 18:13:39',0,''),(307,0,9,'2015-09-25 18:13:40',0,'Payer Status: \nAddress Status: \n\nPayment Status: Pending\nPayment Type: instant\nPending Reason: multicurrency\nReversal Code: None'),(308,107,1,'2015-09-25 18:14:51',0,''),(309,107,5,'2015-09-25 18:14:51',0,''),(310,0,9,'2015-09-25 18:14:52',0,'Payer Status: \nAddress Status: \n\nPayment Status: Pending\nPayment Type: instant\nPending Reason: multicurrency\nReversal Code: None'),(311,108,1,'2015-09-25 19:26:01',0,''),(312,108,5,'2015-09-25 19:26:01',0,''),(313,0,9,'2015-09-25 19:26:02',0,'Payer Status: \nAddress Status: \n\nPayment Status: Pending\nPayment Type: instant\nPending Reason: multicurrency\nReversal Code: None'),(314,109,1,'2015-09-25 19:27:10',0,''),(315,109,5,'2015-09-25 19:27:10',0,''),(316,0,9,'2015-09-25 19:27:11',0,'Payer Status: \nAddress Status: \n\nPayment Status: Pending\nPayment Type: instant\nPending Reason: multicurrency\nReversal Code: None'),(317,110,1,'2015-09-25 19:28:13',0,''),(318,110,5,'2015-09-25 19:28:13',0,''),(319,0,9,'2015-09-25 19:28:14',0,'Payer Status: \nAddress Status: \n\nPayment Status: Pending\nPayment Type: instant\nPending Reason: multicurrency\nReversal Code: None'),(320,111,1,'2015-09-25 19:29:11',0,''),(321,111,5,'2015-09-25 19:29:11',0,''),(322,0,9,'2015-09-25 19:29:13',0,'Payer Status: \nAddress Status: \n\nPayment Status: Pending\nPayment Type: instant\nPending Reason: multicurrency\nReversal Code: None'),(323,112,1,'2015-09-28 10:39:13',0,''),(324,112,5,'2015-09-28 10:39:13',0,''),(325,0,9,'2015-09-28 10:39:14',0,'Payer Status: \nAddress Status: \n\nPayment Status: Pending\nPayment Type: instant\nPending Reason: multicurrency\nReversal Code: None'),(326,113,1,'2015-09-28 10:40:23',0,''),(327,113,5,'2015-09-28 10:40:23',0,''),(328,0,9,'2015-09-28 10:40:24',0,'Payer Status: \nAddress Status: \n\nPayment Status: Pending\nPayment Type: instant\nPending Reason: multicurrency\nReversal Code: None'),(329,114,1,'2015-09-28 10:41:30',0,''),(330,114,5,'2015-09-28 10:41:30',0,''),(331,0,9,'2015-09-28 10:41:31',0,'Payer Status: \nAddress Status: \n\nPayment Status: Pending\nPayment Type: instant\nPending Reason: multicurrency\nReversal Code: None'),(332,115,1,'2015-09-28 10:55:00',0,''),(333,115,5,'2015-09-28 10:55:00',0,''),(334,0,9,'2015-09-28 10:55:01',0,'Payer Status: \nAddress Status: \n\nPayment Status: Pending\nPayment Type: instant\nPending Reason: multicurrency\nReversal Code: None'),(335,116,1,'2015-09-28 10:56:06',0,''),(336,116,5,'2015-09-28 10:56:06',0,''),(337,0,9,'2015-09-28 10:56:07',0,'Payer Status: \nAddress Status: \n\nPayment Status: Pending\nPayment Type: instant\nPending Reason: multicurrency\nReversal Code: None'),(338,117,1,'2015-09-28 10:57:15',0,''),(339,117,5,'2015-09-28 10:57:15',0,''),(340,0,9,'2015-09-28 10:57:16',0,'Payer Status: \nAddress Status: \n\nPayment Status: Pending\nPayment Type: instant\nPending Reason: multicurrency\nReversal Code: None'),(341,118,1,'2015-09-28 11:01:46',0,''),(342,118,5,'2015-09-28 11:01:46',0,''),(343,0,9,'2015-09-28 11:01:47',0,'Payer Status: \nAddress Status: \n\nPayment Status: Pending\nPayment Type: instant\nPending Reason: multicurrency\nReversal Code: None'),(344,119,1,'2015-09-28 11:02:57',0,''),(345,119,5,'2015-09-28 11:02:57',0,''),(346,0,9,'2015-09-28 11:02:58',0,'Payer Status: \nAddress Status: \n\nPayment Status: Pending\nPayment Type: instant\nPending Reason: multicurrency\nReversal Code: None'),(347,120,1,'2015-09-28 11:04:22',0,''),(348,120,5,'2015-09-28 11:04:22',0,''),(349,0,9,'2015-09-28 11:04:23',0,'Payer Status: \nAddress Status: \n\nPayment Status: Pending\nPayment Type: instant\nPending Reason: multicurrency\nReversal Code: None'),(350,121,1,'2015-09-28 11:05:33',0,''),(351,121,5,'2015-09-28 11:05:33',0,''),(352,0,9,'2015-09-28 11:05:34',0,'Payer Status: \nAddress Status: \n\nPayment Status: Pending\nPayment Type: instant\nPending Reason: multicurrency\nReversal Code: None'),(353,122,1,'2015-09-28 11:07:01',0,''),(354,122,5,'2015-09-28 11:07:01',0,''),(355,0,9,'2015-09-28 11:07:02',0,'Payer Status: \nAddress Status: \n\nPayment Status: Pending\nPayment Type: instant\nPending Reason: multicurrency\nReversal Code: None'),(356,123,1,'2015-09-28 11:08:43',0,''),(357,123,5,'2015-09-28 11:08:43',0,''),(358,0,9,'2015-09-28 11:08:44',0,'Payer Status: \nAddress Status: \n\nPayment Status: Pending\nPayment Type: instant\nPending Reason: multicurrency\nReversal Code: None'),(359,124,1,'2015-09-28 11:09:57',0,''),(360,124,5,'2015-09-28 11:09:57',0,''),(361,0,9,'2015-09-28 11:09:58',0,'Payer Status: \nAddress Status: \n\nPayment Status: Pending\nPayment Type: instant\nPending Reason: multicurrency\nReversal Code: None'),(362,125,1,'2015-09-28 11:11:10',0,''),(363,125,5,'2015-09-28 11:11:10',0,''),(364,0,9,'2015-09-28 11:11:11',0,'Payer Status: \nAddress Status: \n\nPayment Status: Pending\nPayment Type: instant\nPending Reason: multicurrency\nReversal Code: None'),(365,126,1,'2015-09-28 11:12:31',0,''),(366,126,5,'2015-09-28 11:12:31',0,''),(367,0,9,'2015-09-28 11:12:32',0,'Payer Status: \nAddress Status: \n\nPayment Status: Pending\nPayment Type: instant\nPending Reason: multicurrency\nReversal Code: None'),(368,127,1,'2015-09-28 11:13:55',0,''),(369,127,5,'2015-09-28 11:13:55',0,''),(370,0,9,'2015-09-28 11:13:56',0,'Payer Status: \nAddress Status: \n\nPayment Status: Pending\nPayment Type: instant\nPending Reason: multicurrency\nReversal Code: None'),(371,128,1,'2015-09-28 11:15:13',0,''),(372,128,5,'2015-09-28 11:15:13',0,''),(373,0,9,'2015-09-28 11:15:14',0,'Payer Status: \nAddress Status: \n\nPayment Status: Pending\nPayment Type: instant\nPending Reason: multicurrency\nReversal Code: None'),(374,129,1,'2015-09-28 11:16:34',0,''),(375,129,5,'2015-09-28 11:16:34',0,''),(376,0,9,'2015-09-28 11:16:35',0,'Payer Status: \nAddress Status: \n\nPayment Status: Pending\nPayment Type: instant\nPending Reason: multicurrency\nReversal Code: None'),(377,130,1,'2015-09-28 11:19:43',0,''),(378,130,5,'2015-09-28 11:19:43',0,''),(379,0,9,'2015-09-28 11:19:44',0,'Payer Status: \nAddress Status: \n\nPayment Status: Pending\nPayment Type: instant\nPending Reason: multicurrency\nReversal Code: None'),(380,131,1,'2015-09-28 11:20:56',0,''),(381,131,5,'2015-09-28 11:20:56',0,''),(382,0,9,'2015-09-28 11:20:57',0,'Payer Status: \nAddress Status: \n\nPayment Status: Pending\nPayment Type: instant\nPending Reason: multicurrency\nReversal Code: None'),(383,132,1,'2015-09-28 11:22:05',0,''),(384,132,5,'2015-09-28 11:22:05',0,''),(385,0,9,'2015-09-28 11:22:06',0,'Payer Status: \nAddress Status: \n\nPayment Status: Pending\nPayment Type: instant\nPending Reason: multicurrency\nReversal Code: None'),(386,133,1,'2015-09-28 11:23:17',0,''),(387,133,5,'2015-09-28 11:23:17',0,''),(388,0,9,'2015-09-28 11:23:18',0,'Payer Status: \nAddress Status: \n\nPayment Status: Pending\nPayment Type: instant\nPending Reason: multicurrency\nReversal Code: None'),(389,134,1,'2015-09-28 11:24:35',0,''),(390,134,5,'2015-09-28 11:24:35',0,''),(391,0,9,'2015-09-28 11:24:36',0,'Payer Status: \nAddress Status: \n\nPayment Status: Pending\nPayment Type: instant\nPending Reason: multicurrency\nReversal Code: None'),(392,135,1,'2015-09-28 11:25:45',0,''),(393,135,5,'2015-09-28 11:25:45',0,''),(394,0,9,'2015-09-28 11:25:46',0,'Payer Status: \nAddress Status: \n\nPayment Status: Pending\nPayment Type: instant\nPending Reason: multicurrency\nReversal Code: None'),(395,136,1,'2015-09-28 11:27:13',0,''),(396,136,5,'2015-09-28 11:27:13',0,''),(397,0,9,'2015-09-28 11:27:14',0,'Payer Status: \nAddress Status: \n\nPayment Status: Pending\nPayment Type: instant\nPending Reason: multicurrency\nReversal Code: None'),(398,137,1,'2015-09-28 11:28:42',0,''),(399,137,5,'2015-09-28 11:28:42',0,''),(400,0,9,'2015-09-28 11:28:43',0,'Payer Status: \nAddress Status: \n\nPayment Status: Pending\nPayment Type: instant\nPending Reason: multicurrency\nReversal Code: None'),(401,138,1,'2015-09-28 11:30:03',0,''),(402,138,5,'2015-09-28 11:30:03',0,''),(403,0,9,'2015-09-28 11:30:04',0,'Payer Status: \nAddress Status: \n\nPayment Status: Pending\nPayment Type: instant\nPending Reason: multicurrency\nReversal Code: None'),(404,139,1,'2015-09-28 11:31:15',0,''),(405,139,5,'2015-09-28 11:31:15',0,''),(406,0,9,'2015-09-28 11:31:16',0,'Payer Status: \nAddress Status: \n\nPayment Status: Pending\nPayment Type: instant\nPending Reason: multicurrency\nReversal Code: None'),(407,140,1,'2015-09-28 11:32:29',0,''),(408,140,5,'2015-09-28 11:32:29',0,''),(409,0,9,'2015-09-28 11:32:30',0,'Payer Status: \nAddress Status: \n\nPayment Status: Pending\nPayment Type: instant\nPending Reason: multicurrency\nReversal Code: None'),(410,141,1,'2015-09-28 11:33:41',0,''),(411,141,5,'2015-09-28 11:33:41',0,''),(412,0,9,'2015-09-28 11:33:42',0,'Payer Status: \nAddress Status: \n\nPayment Status: Pending\nPayment Type: instant\nPending Reason: multicurrency\nReversal Code: None'),(413,142,1,'2015-09-28 11:34:50',0,''),(414,142,5,'2015-09-28 11:34:50',0,''),(415,0,9,'2015-09-28 11:34:51',0,'Payer Status: \nAddress Status: \n\nPayment Status: Pending\nPayment Type: instant\nPending Reason: multicurrency\nReversal Code: None'),(416,143,1,'2015-09-28 11:36:04',0,''),(417,143,5,'2015-09-28 11:36:04',0,''),(418,0,9,'2015-09-28 11:36:05',0,'Payer Status: \nAddress Status: \n\nPayment Status: Pending\nPayment Type: instant\nPending Reason: multicurrency\nReversal Code: None'),(419,144,1,'2015-09-28 11:37:19',0,''),(420,144,5,'2015-09-28 11:37:19',0,''),(421,0,9,'2015-09-28 11:37:20',0,'Payer Status: \nAddress Status: \n\nPayment Status: Pending\nPayment Type: instant\nPending Reason: multicurrency\nReversal Code: None'),(422,145,1,'2015-09-28 11:38:36',0,''),(423,145,5,'2015-09-28 11:38:36',0,''),(424,0,9,'2015-09-28 11:38:37',0,'Payer Status: \nAddress Status: \n\nPayment Status: Pending\nPayment Type: instant\nPending Reason: multicurrency\nReversal Code: None'),(425,146,1,'2015-09-28 11:39:47',0,''),(426,146,5,'2015-09-28 11:39:47',0,''),(427,0,9,'2015-09-28 11:39:48',0,'Payer Status: \nAddress Status: \n\nPayment Status: Pending\nPayment Type: instant\nPending Reason: multicurrency\nReversal Code: None'),(428,147,1,'2015-09-28 11:41:01',0,''),(429,147,5,'2015-09-28 11:41:01',0,''),(430,0,9,'2015-09-28 11:41:03',0,'Payer Status: \nAddress Status: \n\nPayment Status: Pending\nPayment Type: instant\nPending Reason: multicurrency\nReversal Code: None'),(431,148,1,'2015-09-28 11:42:20',0,''),(432,148,5,'2015-09-28 11:42:20',0,''),(433,0,9,'2015-09-28 11:42:21',0,'Payer Status: \nAddress Status: \n\nPayment Status: Pending\nPayment Type: instant\nPending Reason: multicurrency\nReversal Code: None'),(434,149,1,'2015-09-28 11:43:36',0,''),(435,149,5,'2015-09-28 11:43:36',0,''),(436,0,9,'2015-09-28 11:43:37',0,'Payer Status: \nAddress Status: \n\nPayment Status: Pending\nPayment Type: instant\nPending Reason: multicurrency\nReversal Code: None'),(437,150,1,'2015-09-28 11:44:48',0,''),(438,150,5,'2015-09-28 11:44:48',0,''),(439,0,9,'2015-09-28 11:44:49',0,'Payer Status: \nAddress Status: \n\nPayment Status: Pending\nPayment Type: instant\nPending Reason: multicurrency\nReversal Code: None'),(440,151,1,'2015-09-28 11:47:29',0,''),(441,151,5,'2015-09-28 11:47:29',0,''),(442,0,9,'2015-09-28 11:47:30',0,'Payer Status: \nAddress Status: \n\nPayment Status: Pending\nPayment Type: instant\nPending Reason: multicurrency\nReversal Code: None'),(443,152,1,'2015-09-28 11:49:57',0,''),(444,152,5,'2015-09-28 11:49:57',0,''),(445,0,9,'2015-09-28 11:49:58',0,'Payer Status: \nAddress Status: \n\nPayment Status: Pending\nPayment Type: instant\nPending Reason: multicurrency\nReversal Code: None'),(446,153,1,'2015-09-28 14:47:55',0,''),(447,153,5,'2015-09-28 14:47:55',0,''),(448,0,9,'2015-09-28 14:47:56',0,'Payer Status: \nAddress Status: \n\nPayment Status: Pending\nPayment Type: instant\nPending Reason: multicurrency\nReversal Code: None'),(449,154,1,'2015-10-02 16:52:55',0,''),(450,154,5,'2015-10-02 16:52:55',0,''),(451,0,9,'2015-10-02 16:52:56',0,'Payer Status: \nAddress Status: \n\nPayment Status: Pending\nPayment Type: instant\nPending Reason: multicurrency\nReversal Code: None'),(452,155,1,'2015-10-02 16:56:59',0,''),(453,155,5,'2015-10-02 16:56:59',0,''),(454,156,1,'2015-10-02 18:24:11',0,''),(455,156,5,'2015-10-02 18:24:11',0,''),(456,0,9,'2015-10-02 18:24:12',0,'Payer Status: \nAddress Status: \n\nPayment Status: Pending\nPayment Type: instant\nPending Reason: multicurrency\nReversal Code: None'),(457,157,1,'2015-10-02 18:25:15',0,''),(458,157,5,'2015-10-02 18:25:15',0,''),(459,0,9,'2015-10-02 18:25:16',0,'Payer Status: \nAddress Status: \n\nPayment Status: Pending\nPayment Type: instant\nPending Reason: multicurrency\nReversal Code: None'),(460,158,1,'2015-10-02 18:26:18',0,''),(461,158,5,'2015-10-02 18:26:18',0,''),(462,0,9,'2015-10-02 18:26:19',0,'Payer Status: \nAddress Status: \n\nPayment Status: Pending\nPayment Type: instant\nPending Reason: multicurrency\nReversal Code: None'),(463,159,1,'2015-10-02 18:27:20',0,''),(464,159,5,'2015-10-02 18:27:20',0,''),(465,0,9,'2015-10-02 18:27:21',0,'Payer Status: \nAddress Status: \n\nPayment Status: Pending\nPayment Type: instant\nPending Reason: multicurrency\nReversal Code: None'),(466,160,1,'2015-10-02 18:46:47',0,''),(467,160,5,'2015-10-02 18:46:47',0,''),(468,0,9,'2015-10-02 18:46:49',0,'Payer Status: \nAddress Status: \n\nPayment Status: Pending\nPayment Type: instant\nPending Reason: multicurrency\nReversal Code: None'),(469,161,1,'2015-10-02 18:47:52',0,''),(470,161,5,'2015-10-02 18:47:52',0,''),(471,0,9,'2015-10-02 18:47:53',0,'Payer Status: \nAddress Status: \n\nPayment Status: Pending\nPayment Type: instant\nPending Reason: multicurrency\nReversal Code: None'),(472,162,1,'2015-10-02 18:48:54',0,''),(473,162,5,'2015-10-02 18:48:54',0,''),(474,0,9,'2015-10-02 18:48:55',0,'Payer Status: \nAddress Status: \n\nPayment Status: Pending\nPayment Type: instant\nPending Reason: multicurrency\nReversal Code: None'),(475,163,1,'2015-10-02 18:52:27',0,''),(476,163,5,'2015-10-02 18:52:27',0,''),(477,0,9,'2015-10-02 18:52:28',0,'Payer Status: \nAddress Status: \n\nPayment Status: Pending\nPayment Type: instant\nPending Reason: multicurrency\nReversal Code: None'),(478,164,1,'2015-10-02 18:53:31',0,''),(479,164,5,'2015-10-02 18:53:31',0,''),(480,0,9,'2015-10-02 18:53:32',0,'Payer Status: \nAddress Status: \n\nPayment Status: Pending\nPayment Type: instant\nPending Reason: multicurrency\nReversal Code: None'),(481,165,1,'2015-10-05 11:44:46',0,''),(482,165,5,'2015-10-05 11:44:46',0,''),(483,0,9,'2015-10-05 11:44:48',0,'Payer Status: \nAddress Status: \n\nPayment Status: Pending\nPayment Type: instant\nPending Reason: multicurrency\nReversal Code: None'),(484,166,1,'2015-10-05 11:45:50',0,''),(485,166,5,'2015-10-05 11:45:50',0,''),(486,0,9,'2015-10-05 11:45:51',0,'Payer Status: \nAddress Status: \n\nPayment Status: Pending\nPayment Type: instant\nPending Reason: multicurrency\nReversal Code: None'),(487,167,1,'2015-10-05 11:46:56',0,''),(488,167,5,'2015-10-05 11:46:56',0,''),(489,0,9,'2015-10-05 11:46:57',0,'Payer Status: \nAddress Status: \n\nPayment Status: Pending\nPayment Type: instant\nPending Reason: multicurrency\nReversal Code: None'),(490,168,1,'2015-10-05 13:22:47',0,''),(491,168,5,'2015-10-05 13:22:47',0,''),(492,0,9,'2015-10-05 13:22:48',0,'Payer Status: \nAddress Status: \n\nPayment Status: Pending\nPayment Type: instant\nPending Reason: multicurrency\nReversal Code: None'),(493,169,1,'2015-10-05 13:35:51',0,''),(494,169,5,'2015-10-05 13:35:51',0,''),(495,0,9,'2015-10-05 13:35:52',0,'Payer Status: \nAddress Status: \n\nPayment Status: Pending\nPayment Type: instant\nPending Reason: multicurrency\nReversal Code: None'),(496,170,1,'2015-10-05 13:36:57',0,''),(497,170,5,'2015-10-05 13:36:57',0,''),(498,0,9,'2015-10-05 13:36:58',0,'Payer Status: \nAddress Status: \n\nPayment Status: Pending\nPayment Type: instant\nPending Reason: multicurrency\nReversal Code: None'),(499,171,1,'2015-10-05 13:38:07',0,''),(500,171,5,'2015-10-05 13:38:07',0,''),(501,0,9,'2015-10-05 13:38:08',0,'Payer Status: \nAddress Status: \n\nPayment Status: Pending\nPayment Type: instant\nPending Reason: multicurrency\nReversal Code: None'),(502,172,1,'2015-10-05 16:20:59',0,''),(503,172,5,'2015-10-05 16:20:59',0,''),(504,0,9,'2015-10-05 16:21:00',0,'Payer Status: \nAddress Status: \n\nPayment Status: Pending\nPayment Type: instant\nPending Reason: multicurrency\nReversal Code: None'),(505,173,1,'2015-10-05 16:23:49',0,''),(506,173,5,'2015-10-05 16:23:49',0,''),(507,0,9,'2015-10-05 16:23:50',0,'Payer Status: \nAddress Status: \n\nPayment Status: Pending\nPayment Type: instant\nPending Reason: multicurrency\nReversal Code: None'),(508,174,1,'2015-10-05 16:39:57',0,''),(509,174,5,'2015-10-05 16:39:57',0,''),(510,0,9,'2015-10-05 16:39:58',0,'Payer Status: \nAddress Status: \n\nPayment Status: Pending\nPayment Type: instant\nPending Reason: multicurrency\nReversal Code: None'),(511,175,1,'2015-10-05 16:41:13',0,''),(512,175,5,'2015-10-05 16:41:13',0,''),(513,0,9,'2015-10-05 16:41:14',0,'Payer Status: \nAddress Status: \n\nPayment Status: Pending\nPayment Type: instant\nPending Reason: multicurrency\nReversal Code: None'),(514,176,1,'2015-10-05 16:48:16',0,''),(515,176,5,'2015-10-05 16:48:16',0,''),(516,0,9,'2015-10-05 16:48:17',0,'Payer Status: \nAddress Status: \n\nPayment Status: Pending\nPayment Type: instant\nPending Reason: multicurrency\nReversal Code: None'),(517,177,1,'2015-10-05 16:54:45',0,''),(518,177,5,'2015-10-05 16:54:45',0,''),(519,0,9,'2015-10-05 16:54:46',0,'Payer Status: \nAddress Status: \n\nPayment Status: Pending\nPayment Type: instant\nPending Reason: multicurrency\nReversal Code: None'),(520,178,1,'2015-10-05 16:57:03',0,''),(521,178,5,'2015-10-05 16:57:03',0,''),(522,0,9,'2015-10-05 16:57:04',0,'Payer Status: \nAddress Status: \n\nPayment Status: Pending\nPayment Type: instant\nPending Reason: multicurrency\nReversal Code: None'),(523,179,1,'2015-10-05 16:58:14',0,''),(524,179,5,'2015-10-05 16:58:14',0,''),(525,0,9,'2015-10-05 16:58:15',0,'Payer Status: \nAddress Status: \n\nPayment Status: Pending\nPayment Type: instant\nPending Reason: multicurrency\nReversal Code: None'),(526,180,1,'2015-10-05 17:11:29',0,''),(527,180,5,'2015-10-05 17:11:29',0,''),(528,0,9,'2015-10-05 17:11:30',0,'Payer Status: \nAddress Status: \n\nPayment Status: Pending\nPayment Type: instant\nPending Reason: multicurrency\nReversal Code: None'),(529,181,1,'2015-10-05 17:15:18',0,''),(530,181,5,'2015-10-05 17:15:18',0,''),(531,0,9,'2015-10-05 17:15:19',0,'Payer Status: \nAddress Status: \n\nPayment Status: Pending\nPayment Type: instant\nPending Reason: multicurrency\nReversal Code: None'),(532,182,1,'2015-10-05 17:16:29',0,''),(533,182,5,'2015-10-05 17:16:29',0,''),(534,0,9,'2015-10-05 17:16:30',0,'Payer Status: \nAddress Status: \n\nPayment Status: Pending\nPayment Type: instant\nPending Reason: multicurrency\nReversal Code: None'),(535,183,1,'2015-10-05 17:17:35',0,''),(536,183,5,'2015-10-05 17:17:35',0,''),(537,0,9,'2015-10-05 17:17:36',0,'Payer Status: \nAddress Status: \n\nPayment Status: Pending\nPayment Type: instant\nPending Reason: multicurrency\nReversal Code: None'),(538,184,1,'2015-10-05 17:18:52',0,''),(539,184,5,'2015-10-05 17:18:52',0,''),(540,0,9,'2015-10-05 17:18:53',0,'Payer Status: \nAddress Status: \n\nPayment Status: Pending\nPayment Type: instant\nPending Reason: multicurrency\nReversal Code: None'),(541,185,1,'2015-10-06 10:10:24',0,''),(542,185,5,'2015-10-06 10:10:24',0,''),(543,0,9,'2015-10-06 10:10:25',0,'Payer Status: \nAddress Status: \n\nPayment Status: Pending\nPayment Type: instant\nPending Reason: multicurrency\nReversal Code: None'),(544,186,1,'2015-10-06 10:12:28',0,''),(545,186,5,'2015-10-06 10:12:28',0,''),(546,0,9,'2015-10-06 10:12:29',0,'Payer Status: \nAddress Status: \n\nPayment Status: Pending\nPayment Type: instant\nPending Reason: multicurrency\nReversal Code: None'),(547,187,1,'2015-10-06 10:16:43',0,''),(548,187,5,'2015-10-06 10:16:43',0,''),(549,0,9,'2015-10-06 10:16:44',0,'Payer Status: \nAddress Status: \n\nPayment Status: Pending\nPayment Type: instant\nPending Reason: multicurrency\nReversal Code: None'),(550,188,1,'2015-10-06 10:17:46',0,''),(551,188,5,'2015-10-06 10:17:46',0,''),(552,0,9,'2015-10-06 10:17:47',0,'Payer Status: \nAddress Status: \n\nPayment Status: Pending\nPayment Type: instant\nPending Reason: multicurrency\nReversal Code: None'),(553,189,1,'2015-10-06 10:22:26',0,''),(554,189,5,'2015-10-06 10:22:26',0,''),(555,0,9,'2015-10-06 10:22:27',0,'Payer Status: \nAddress Status: \n\nPayment Status: Pending\nPayment Type: instant\nPending Reason: multicurrency\nReversal Code: None'),(556,190,1,'2015-10-06 10:23:29',0,''),(557,190,5,'2015-10-06 10:23:29',0,''),(558,0,9,'2015-10-06 10:23:30',0,'Payer Status: \nAddress Status: \n\nPayment Status: Pending\nPayment Type: instant\nPending Reason: multicurrency\nReversal Code: None'),(559,191,1,'2015-10-06 10:24:30',0,''),(560,191,5,'2015-10-06 10:24:30',0,''),(561,0,9,'2015-10-06 10:24:31',0,'Payer Status: \nAddress Status: \n\nPayment Status: Pending\nPayment Type: instant\nPending Reason: multicurrency\nReversal Code: None'),(562,192,1,'2015-10-06 10:25:35',0,''),(563,192,5,'2015-10-06 10:25:35',0,''),(564,0,9,'2015-10-06 10:25:36',0,'Payer Status: \nAddress Status: \n\nPayment Status: Pending\nPayment Type: instant\nPending Reason: multicurrency\nReversal Code: None'),(565,193,1,'2015-10-06 10:28:16',0,''),(566,193,5,'2015-10-06 10:28:16',0,''),(567,0,9,'2015-10-06 10:28:17',0,'Payer Status: \nAddress Status: \n\nPayment Status: Pending\nPayment Type: instant\nPending Reason: multicurrency\nReversal Code: None'),(568,194,1,'2015-10-06 10:30:51',0,''),(569,194,5,'2015-10-06 10:30:51',0,''),(570,0,9,'2015-10-06 10:30:52',0,'Payer Status: \nAddress Status: \n\nPayment Status: Pending\nPayment Type: instant\nPending Reason: multicurrency\nReversal Code: None'),(571,195,1,'2015-10-06 11:34:32',0,''),(572,195,5,'2015-10-06 11:34:32',0,''),(573,0,9,'2015-10-06 11:34:33',0,'Payer Status: \nAddress Status: \n\nPayment Status: Pending\nPayment Type: instant\nPending Reason: multicurrency\nReversal Code: None'),(574,196,1,'2015-10-06 11:34:36',0,''),(575,196,5,'2015-10-06 11:34:36',0,''),(576,0,9,'2015-10-06 11:34:37',0,'Payer Status: \nAddress Status: \n\nPayment Status: Pending\nPayment Type: instant\nPending Reason: multicurrency\nReversal Code: None'),(577,197,1,'2015-10-06 11:35:58',0,''),(578,197,5,'2015-10-06 11:35:58',0,''),(579,0,9,'2015-10-06 11:35:59',0,'Payer Status: \nAddress Status: \n\nPayment Status: Pending\nPayment Type: instant\nPending Reason: multicurrency\nReversal Code: None'),(580,198,1,'2015-10-06 11:46:31',0,''),(581,198,5,'2015-10-06 11:46:31',0,''),(582,0,9,'2015-10-06 11:46:32',0,'Payer Status: \nAddress Status: \n\nPayment Status: Pending\nPayment Type: instant\nPending Reason: multicurrency\nReversal Code: None'),(583,199,1,'2015-10-06 12:09:07',0,''),(584,199,5,'2015-10-06 12:09:07',0,''),(585,0,9,'2015-10-06 12:09:08',0,'Payer Status: \nAddress Status: \n\nPayment Status: Pending\nPayment Type: instant\nPending Reason: multicurrency\nReversal Code: None'),(586,200,1,'2015-10-06 12:21:56',0,''),(587,200,5,'2015-10-06 12:21:56',0,''),(588,0,9,'2015-10-06 12:21:57',0,'Payer Status: \nAddress Status: \n\nPayment Status: Pending\nPayment Type: instant\nPending Reason: multicurrency\nReversal Code: None'),(589,201,1,'2015-10-06 12:23:01',0,''),(590,201,5,'2015-10-06 12:23:01',0,''),(591,0,9,'2015-10-06 12:23:03',0,'Payer Status: \nAddress Status: \n\nPayment Status: Pending\nPayment Type: instant\nPending Reason: multicurrency\nReversal Code: None'),(592,202,1,'2015-10-06 12:27:45',0,''),(593,202,5,'2015-10-06 12:27:45',0,''),(594,0,9,'2015-10-06 12:27:46',0,'Payer Status: \nAddress Status: \n\nPayment Status: Pending\nPayment Type: instant\nPending Reason: multicurrency\nReversal Code: None'),(595,203,1,'2015-10-06 12:28:50',0,''),(596,203,5,'2015-10-06 12:28:50',0,''),(597,0,9,'2015-10-06 12:28:51',0,'Payer Status: \nAddress Status: \n\nPayment Status: Pending\nPayment Type: instant\nPending Reason: multicurrency\nReversal Code: None'),(598,204,1,'2015-10-06 12:29:53',0,''),(599,204,5,'2015-10-06 12:29:53',0,''),(600,0,9,'2015-10-06 12:29:54',0,'Payer Status: \nAddress Status: \n\nPayment Status: Pending\nPayment Type: instant\nPending Reason: multicurrency\nReversal Code: None'),(601,205,1,'2015-10-06 12:30:56',0,''),(602,205,5,'2015-10-06 12:30:56',0,''),(603,0,9,'2015-10-06 12:30:57',0,'Payer Status: \nAddress Status: \n\nPayment Status: Pending\nPayment Type: instant\nPending Reason: multicurrency\nReversal Code: None'),(604,206,1,'2015-10-06 12:33:35',0,''),(605,206,5,'2015-10-06 12:33:35',0,''),(606,0,9,'2015-10-06 12:33:36',0,'Payer Status: \nAddress Status: \n\nPayment Status: Pending\nPayment Type: instant\nPending Reason: multicurrency\nReversal Code: None'),(607,207,1,'2015-10-06 13:17:50',0,''),(608,207,5,'2015-10-06 13:17:50',0,''),(609,0,9,'2015-10-06 13:17:51',0,'Payer Status: \nAddress Status: \n\nPayment Status: Pending\nPayment Type: instant\nPending Reason: multicurrency\nReversal Code: None'),(610,208,1,'2015-10-06 13:19:01',0,''),(611,208,5,'2015-10-06 13:19:01',0,''),(612,0,9,'2015-10-06 13:19:02',0,'Payer Status: \nAddress Status: \n\nPayment Status: Pending\nPayment Type: instant\nPending Reason: multicurrency\nReversal Code: None'),(613,209,1,'2015-10-06 14:37:01',0,''),(614,209,5,'2015-10-06 14:37:01',0,''),(615,0,9,'2015-10-06 14:37:02',0,'Payer Status: \nAddress Status: \n\nPayment Status: Pending\nPayment Type: instant\nPending Reason: multicurrency\nReversal Code: None'),(616,210,1,'2015-10-06 14:48:56',0,''),(617,210,5,'2015-10-06 14:48:56',0,''),(618,0,9,'2015-10-06 14:48:57',0,'Payer Status: \nAddress Status: \n\nPayment Status: Pending\nPayment Type: instant\nPending Reason: multicurrency\nReversal Code: None'),(619,211,1,'2015-10-06 14:59:06',0,''),(620,211,5,'2015-10-06 14:59:06',0,''),(621,0,9,'2015-10-06 14:59:07',0,'Payer Status: \nAddress Status: \n\nPayment Status: Pending\nPayment Type: instant\nPending Reason: multicurrency\nReversal Code: None'),(622,212,1,'2015-10-06 15:03:33',0,''),(623,212,5,'2015-10-06 15:03:33',0,''),(624,0,9,'2015-10-06 15:03:34',0,'Payer Status: \nAddress Status: \n\nPayment Status: Pending\nPayment Type: instant\nPending Reason: multicurrency\nReversal Code: None'),(625,213,1,'2015-10-06 15:14:22',0,''),(626,213,5,'2015-10-06 15:14:22',0,''),(627,0,9,'2015-10-06 15:14:23',0,'Payer Status: \nAddress Status: \n\nPayment Status: Pending\nPayment Type: instant\nPending Reason: multicurrency\nReversal Code: None'),(628,214,1,'2015-10-06 15:44:15',0,''),(629,214,5,'2015-10-06 15:44:15',0,''),(630,0,9,'2015-10-06 15:44:16',0,'Payer Status: \nAddress Status: \n\nPayment Status: Pending\nPayment Type: instant\nPending Reason: multicurrency\nReversal Code: None'),(631,215,1,'2015-10-06 15:54:46',0,''),(632,215,5,'2015-10-06 15:54:46',0,''),(633,0,9,'2015-10-06 15:54:47',0,'Payer Status: \nAddress Status: \n\nPayment Status: Pending\nPayment Type: instant\nPending Reason: multicurrency\nReversal Code: None'),(634,216,1,'2015-10-06 16:05:40',0,''),(635,216,5,'2015-10-06 16:05:40',0,''),(636,0,9,'2015-10-06 16:05:41',0,'Payer Status: \nAddress Status: \n\nPayment Status: Pending\nPayment Type: instant\nPending Reason: multicurrency\nReversal Code: None'),(637,217,1,'2015-10-06 16:14:49',0,''),(638,217,5,'2015-10-06 16:14:49',0,''),(639,0,9,'2015-10-06 16:14:50',0,'Payer Status: \nAddress Status: \n\nPayment Status: Pending\nPayment Type: instant\nPending Reason: multicurrency\nReversal Code: None'),(640,218,1,'2015-10-06 16:15:57',0,''),(641,218,5,'2015-10-06 16:15:57',0,''),(642,0,9,'2015-10-06 16:15:58',0,'Payer Status: \nAddress Status: \n\nPayment Status: Pending\nPayment Type: instant\nPending Reason: multicurrency\nReversal Code: None'),(643,219,1,'2015-10-06 16:21:01',0,''),(644,219,5,'2015-10-06 16:21:01',0,''),(645,0,9,'2015-10-06 16:21:02',0,'Payer Status: \nAddress Status: \n\nPayment Status: Pending\nPayment Type: instant\nPending Reason: multicurrency\nReversal Code: None'),(646,220,1,'2015-10-06 16:22:10',0,''),(647,220,5,'2015-10-06 16:22:10',0,''),(648,0,9,'2015-10-06 16:22:11',0,'Payer Status: \nAddress Status: \n\nPayment Status: Pending\nPayment Type: instant\nPending Reason: multicurrency\nReversal Code: None'),(649,221,1,'2015-10-06 16:23:14',0,''),(650,221,5,'2015-10-06 16:23:14',0,''),(651,0,9,'2015-10-06 16:23:15',0,'Payer Status: \nAddress Status: \n\nPayment Status: Pending\nPayment Type: instant\nPending Reason: multicurrency\nReversal Code: None'),(652,222,1,'2015-10-06 16:24:18',0,''),(653,222,5,'2015-10-06 16:24:18',0,''),(654,0,9,'2015-10-06 16:24:19',0,'Payer Status: \nAddress Status: \n\nPayment Status: Pending\nPayment Type: instant\nPending Reason: multicurrency\nReversal Code: None'),(655,223,1,'2015-10-06 16:26:54',0,''),(656,223,5,'2015-10-06 16:26:54',0,''),(657,0,9,'2015-10-06 16:26:56',0,'Payer Status: \nAddress Status: \n\nPayment Status: Pending\nPayment Type: instant\nPending Reason: multicurrency\nReversal Code: None'),(658,224,1,'2015-10-06 16:29:44',0,''),(659,224,5,'2015-10-06 16:29:44',0,''),(660,0,9,'2015-10-06 16:29:45',0,'Payer Status: \nAddress Status: \n\nPayment Status: Pending\nPayment Type: instant\nPending Reason: multicurrency\nReversal Code: None'),(661,225,1,'2015-10-08 13:06:22',0,''),(662,225,5,'2015-10-08 13:06:22',0,''),(663,0,9,'2015-10-08 13:06:23',0,'Payer Status: \nAddress Status: \n\nPayment Status: Pending\nPayment Type: instant\nPending Reason: multicurrency\nReversal Code: None'),(664,226,1,'2015-10-08 14:11:24',0,''),(665,226,5,'2015-10-08 14:11:24',0,''),(666,0,9,'2015-10-08 14:11:25',0,'Payer Status: \nAddress Status: \n\nPayment Status: Pending\nPayment Type: instant\nPending Reason: multicurrency\nReversal Code: None'),(667,227,1,'2015-10-08 15:18:46',0,''),(668,227,5,'2015-10-08 15:18:46',0,''),(669,0,9,'2015-10-08 15:18:47',0,'Payer Status: \nAddress Status: \n\nPayment Status: Pending\nPayment Type: instant\nPending Reason: multicurrency\nReversal Code: None'),(670,228,1,'2015-10-08 15:50:04',0,''),(671,228,5,'2015-10-08 15:50:04',0,''),(672,0,9,'2015-10-08 15:50:05',0,'Payer Status: \nAddress Status: \n\nPayment Status: Pending\nPayment Type: instant\nPending Reason: multicurrency\nReversal Code: None'),(673,229,1,'2015-10-08 16:16:01',0,''),(674,229,5,'2015-10-08 16:16:01',0,''),(675,0,9,'2015-10-08 16:16:02',0,'Payer Status: \nAddress Status: \n\nPayment Status: Pending\nPayment Type: instant\nPending Reason: multicurrency\nReversal Code: None'),(676,230,1,'2015-10-08 16:17:33',0,''),(677,230,5,'2015-10-08 16:17:33',0,''),(678,0,9,'2015-10-08 16:17:34',0,'Payer Status: \nAddress Status: \n\nPayment Status: Pending\nPayment Type: instant\nPending Reason: multicurrency\nReversal Code: None'),(679,231,1,'2015-10-12 10:28:00',0,''),(680,231,5,'2015-10-12 10:28:00',0,''),(681,0,9,'2015-10-12 10:28:02',0,'Payer Status: \nAddress Status: \n\nPayment Status: Pending\nPayment Type: instant\nPending Reason: multicurrency\nReversal Code: None'),(682,232,1,'2015-10-12 10:29:14',0,''),(683,232,5,'2015-10-12 10:29:14',0,''),(684,0,9,'2015-10-12 10:29:15',0,'Payer Status: \nAddress Status: \n\nPayment Status: Pending\nPayment Type: instant\nPending Reason: multicurrency\nReversal Code: None'),(685,233,1,'2015-10-12 10:30:18',0,''),(686,233,5,'2015-10-12 10:30:18',0,''),(687,0,9,'2015-10-12 10:30:19',0,'Payer Status: \nAddress Status: \n\nPayment Status: Pending\nPayment Type: instant\nPending Reason: multicurrency\nReversal Code: None'),(688,234,1,'2015-10-12 10:31:20',0,''),(689,234,5,'2015-10-12 10:31:20',0,''),(690,0,9,'2015-10-12 10:31:21',0,'Payer Status: \nAddress Status: \n\nPayment Status: Pending\nPayment Type: instant\nPending Reason: multicurrency\nReversal Code: None'),(691,235,1,'2015-10-12 10:55:31',0,''),(692,235,5,'2015-10-12 10:55:31',0,''),(693,0,9,'2015-10-12 10:55:32',0,'Payer Status: \nAddress Status: \n\nPayment Status: Pending\nPayment Type: instant\nPending Reason: multicurrency\nReversal Code: None'),(694,236,1,'2015-10-12 10:58:11',0,''),(695,236,5,'2015-10-12 10:58:11',0,''),(696,237,1,'2015-10-12 18:02:42',0,''),(697,237,5,'2015-10-12 18:02:42',0,''),(698,0,9,'2015-10-12 18:02:43',0,'Payer Status: \nAddress Status: \n\nPayment Status: Pending\nPayment Type: instant\nPending Reason: multicurrency\nReversal Code: None'),(699,238,1,'2015-10-12 18:04:23',0,''),(700,238,5,'2015-10-12 18:04:23',0,''),(701,0,9,'2015-10-12 18:04:25',0,'Payer Status: \nAddress Status: \n\nPayment Status: Pending\nPayment Type: instant\nPending Reason: multicurrency\nReversal Code: None'),(702,239,1,'2015-10-12 18:06:54',0,''),(703,239,5,'2015-10-12 18:06:54',0,''),(704,0,9,'2015-10-12 18:06:56',0,'Payer Status: \nAddress Status: \n\nPayment Status: Pending\nPayment Type: instant\nPending Reason: multicurrency\nReversal Code: None'),(705,240,1,'2015-10-12 18:07:53',0,''),(706,240,5,'2015-10-12 18:07:53',0,''),(707,0,9,'2015-10-12 18:07:54',0,'Payer Status: \nAddress Status: \n\nPayment Status: Pending\nPayment Type: instant\nPending Reason: multicurrency\nReversal Code: None'),(708,241,1,'2015-10-12 18:08:51',0,''),(709,241,5,'2015-10-12 18:08:51',0,''),(710,0,9,'2015-10-12 18:08:52',0,'Payer Status: \nAddress Status: \n\nPayment Status: Pending\nPayment Type: instant\nPending Reason: multicurrency\nReversal Code: None'),(711,242,1,'2015-10-12 18:10:00',0,''),(712,242,5,'2015-10-12 18:10:00',0,''),(713,0,9,'2015-10-12 18:10:01',0,'Payer Status: \nAddress Status: \n\nPayment Status: Pending\nPayment Type: instant\nPending Reason: multicurrency\nReversal Code: None'),(714,243,1,'2015-10-13 09:46:33',0,''),(715,243,5,'2015-10-13 09:46:33',0,''),(716,0,9,'2015-10-13 09:46:34',0,'Payer Status: \nAddress Status: \n\nPayment Status: Pending\nPayment Type: instant\nPending Reason: multicurrency\nReversal Code: None'),(717,244,1,'2015-10-13 09:47:32',0,''),(718,244,5,'2015-10-13 09:47:32',0,''),(719,0,9,'2015-10-13 09:47:33',0,'Payer Status: \nAddress Status: \n\nPayment Status: Pending\nPayment Type: instant\nPending Reason: multicurrency\nReversal Code: None'),(720,245,1,'2015-10-13 09:48:35',0,''),(721,245,5,'2015-10-13 09:48:35',0,''),(722,0,9,'2015-10-13 09:48:36',0,'Payer Status: \nAddress Status: \n\nPayment Status: Pending\nPayment Type: instant\nPending Reason: multicurrency\nReversal Code: None'),(723,246,1,'2015-10-13 09:49:43',0,''),(724,246,5,'2015-10-13 09:49:43',0,''),(725,0,9,'2015-10-13 09:49:44',0,'Payer Status: \nAddress Status: \n\nPayment Status: Pending\nPayment Type: instant\nPending Reason: multicurrency\nReversal Code: None'),(726,247,1,'2015-10-13 10:20:57',0,''),(727,247,5,'2015-10-13 10:20:57',0,''),(728,0,9,'2015-10-13 10:20:58',0,'Payer Status: \nAddress Status: \n\nPayment Status: Pending\nPayment Type: instant\nPending Reason: multicurrency\nReversal Code: None'),(729,248,1,'2015-10-13 10:22:06',0,''),(730,248,5,'2015-10-13 10:22:06',0,''),(731,0,9,'2015-10-13 10:22:07',0,'Payer Status: \nAddress Status: \n\nPayment Status: Pending\nPayment Type: instant\nPending Reason: multicurrency\nReversal Code: None'),(732,249,1,'2015-10-13 10:23:11',0,''),(733,249,5,'2015-10-13 10:23:11',0,''),(734,0,9,'2015-10-13 10:23:12',0,'Payer Status: \nAddress Status: \n\nPayment Status: Pending\nPayment Type: instant\nPending Reason: multicurrency\nReversal Code: None'),(735,250,1,'2015-10-13 10:24:19',0,''),(736,250,5,'2015-10-13 10:24:19',0,''),(737,0,9,'2015-10-13 10:24:20',0,'Payer Status: \nAddress Status: \n\nPayment Status: Pending\nPayment Type: instant\nPending Reason: multicurrency\nReversal Code: None'),(738,251,1,'2015-10-13 11:27:28',0,''),(739,251,5,'2015-10-13 11:27:28',0,''),(740,0,9,'2015-10-13 11:27:29',0,'Payer Status: \nAddress Status: \n\nPayment Status: Pending\nPayment Type: instant\nPending Reason: multicurrency\nReversal Code: None'),(741,252,1,'2015-10-13 11:28:30',0,''),(742,252,5,'2015-10-13 11:28:30',0,''),(743,0,9,'2015-10-13 11:28:31',0,'Payer Status: \nAddress Status: \n\nPayment Status: Pending\nPayment Type: instant\nPending Reason: multicurrency\nReversal Code: None'),(744,253,1,'2015-10-13 11:35:48',0,''),(745,253,5,'2015-10-13 11:35:48',0,''),(746,0,9,'2015-10-13 11:35:49',0,'Payer Status: \nAddress Status: \n\nPayment Status: Pending\nPayment Type: instant\nPending Reason: multicurrency\nReversal Code: None'),(747,254,1,'2015-10-13 11:36:47',0,''),(748,254,5,'2015-10-13 11:36:47',0,''),(749,0,9,'2015-10-13 11:36:48',0,'Payer Status: \nAddress Status: \n\nPayment Status: Pending\nPayment Type: instant\nPending Reason: multicurrency\nReversal Code: None'),(750,255,1,'2015-10-13 11:37:49',0,''),(751,255,5,'2015-10-13 11:37:49',0,''),(752,0,9,'2015-10-13 11:37:50',0,'Payer Status: \nAddress Status: \n\nPayment Status: Pending\nPayment Type: instant\nPending Reason: multicurrency\nReversal Code: None'),(753,256,1,'2015-10-13 11:40:17',0,''),(754,256,5,'2015-10-13 11:40:17',0,''),(755,0,9,'2015-10-13 11:40:18',0,'Payer Status: \nAddress Status: \n\nPayment Status: Pending\nPayment Type: instant\nPending Reason: multicurrency\nReversal Code: None'),(756,257,1,'2015-10-13 15:12:23',0,''),(757,257,5,'2015-10-13 15:12:23',0,''),(758,0,9,'2015-10-13 15:12:24',0,'Payer Status: \nAddress Status: \n\nPayment Status: Pending\nPayment Type: instant\nPending Reason: multicurrency\nReversal Code: None'),(759,258,1,'2015-10-13 15:13:44',0,''),(760,258,5,'2015-10-13 15:13:44',0,''),(761,0,9,'2015-10-13 15:13:45',0,'Payer Status: \nAddress Status: \n\nPayment Status: Pending\nPayment Type: instant\nPending Reason: multicurrency\nReversal Code: None'),(762,259,1,'2015-10-13 15:14:53',0,''),(763,259,5,'2015-10-13 15:14:53',0,''),(764,0,9,'2015-10-13 15:14:54',0,'Payer Status: \nAddress Status: \n\nPayment Status: Pending\nPayment Type: instant\nPending Reason: multicurrency\nReversal Code: None'),(765,260,1,'2015-10-13 15:15:59',0,''),(766,260,5,'2015-10-13 15:15:59',0,''),(767,0,9,'2015-10-13 15:16:00',0,'Payer Status: \nAddress Status: \n\nPayment Status: Pending\nPayment Type: instant\nPending Reason: multicurrency\nReversal Code: None'),(768,261,1,'2015-10-13 15:42:34',0,''),(769,261,5,'2015-10-13 15:42:34',0,''),(770,0,9,'2015-10-13 15:42:35',0,'Payer Status: \nAddress Status: \n\nPayment Status: Pending\nPayment Type: instant\nPending Reason: multicurrency\nReversal Code: None'),(771,262,1,'2015-10-13 15:43:48',0,''),(772,262,5,'2015-10-13 15:43:48',0,''),(773,0,9,'2015-10-13 15:43:49',0,'Payer Status: \nAddress Status: \n\nPayment Status: Pending\nPayment Type: instant\nPending Reason: multicurrency\nReversal Code: None'),(774,263,1,'2015-10-13 15:44:57',0,''),(775,263,5,'2015-10-13 15:44:57',0,''),(776,0,9,'2015-10-13 15:44:58',0,'Payer Status: \nAddress Status: \n\nPayment Status: Pending\nPayment Type: instant\nPending Reason: multicurrency\nReversal Code: None'),(777,264,1,'2015-10-13 15:46:14',0,''),(778,264,5,'2015-10-13 15:46:14',0,''),(779,0,9,'2015-10-13 15:46:15',0,'Payer Status: \nAddress Status: \n\nPayment Status: Pending\nPayment Type: instant\nPending Reason: multicurrency\nReversal Code: None'),(780,265,1,'2015-10-13 16:11:05',0,''),(781,265,5,'2015-10-13 16:11:05',0,''),(782,0,9,'2015-10-13 16:11:06',0,'Payer Status: \nAddress Status: \n\nPayment Status: Pending\nPayment Type: instant\nPending Reason: multicurrency\nReversal Code: None'),(783,266,1,'2015-10-13 16:12:36',0,''),(784,266,5,'2015-10-13 16:12:36',0,''),(785,0,9,'2015-10-13 16:12:37',0,'Payer Status: \nAddress Status: \n\nPayment Status: Pending\nPayment Type: instant\nPending Reason: multicurrency\nReversal Code: None'),(786,267,1,'2015-10-13 16:17:56',0,''),(787,267,5,'2015-10-13 16:17:56',0,''),(788,0,9,'2015-10-13 16:17:58',0,'Payer Status: \nAddress Status: \n\nPayment Status: Pending\nPayment Type: instant\nPending Reason: multicurrency\nReversal Code: None'),(789,268,1,'2015-10-13 16:19:09',0,''),(790,268,5,'2015-10-13 16:19:09',0,''),(791,0,9,'2015-10-13 16:19:10',0,'Payer Status: \nAddress Status: \n\nPayment Status: Pending\nPayment Type: instant\nPending Reason: multicurrency\nReversal Code: None'),(792,269,1,'2015-10-13 16:20:42',0,''),(793,269,5,'2015-10-13 16:20:42',0,''),(794,0,9,'2015-10-13 16:20:43',0,'Payer Status: \nAddress Status: \n\nPayment Status: Pending\nPayment Type: instant\nPending Reason: multicurrency\nReversal Code: None'),(795,270,1,'2015-10-13 16:22:05',0,''),(796,270,5,'2015-10-13 16:22:05',0,''),(797,0,9,'2015-10-13 16:22:06',0,'Payer Status: \nAddress Status: \n\nPayment Status: Pending\nPayment Type: instant\nPending Reason: multicurrency\nReversal Code: None'),(798,271,1,'2015-10-13 16:23:22',0,''),(799,271,5,'2015-10-13 16:23:22',0,''),(800,0,9,'2015-10-13 16:23:23',0,'Payer Status: \nAddress Status: \n\nPayment Status: Pending\nPayment Type: instant\nPending Reason: multicurrency\nReversal Code: None'),(801,272,1,'2015-10-13 16:26:41',0,''),(802,272,5,'2015-10-13 16:26:41',0,''),(803,0,9,'2015-10-13 16:26:42',0,'Payer Status: \nAddress Status: \n\nPayment Status: Pending\nPayment Type: instant\nPending Reason: multicurrency\nReversal Code: None'),(804,273,1,'2015-10-13 16:35:48',0,''),(805,273,5,'2015-10-13 16:35:48',0,''),(806,0,9,'2015-10-13 16:35:49',0,'Payer Status: \nAddress Status: \n\nPayment Status: Pending\nPayment Type: instant\nPending Reason: multicurrency\nReversal Code: None'),(807,274,1,'2015-10-13 16:36:00',0,''),(808,274,5,'2015-10-13 16:36:00',0,''),(809,0,9,'2015-10-13 16:36:01',0,'Payer Status: \nAddress Status: \n\nPayment Status: Pending\nPayment Type: instant\nPending Reason: multicurrency\nReversal Code: None'),(810,275,1,'2015-10-13 16:51:33',0,''),(811,275,5,'2015-10-13 16:51:33',0,''),(812,0,9,'2015-10-13 16:51:34',0,'Payer Status: \nAddress Status: \n\nPayment Status: Pending\nPayment Type: instant\nPending Reason: multicurrency\nReversal Code: None'),(813,276,1,'2015-10-13 16:51:37',0,''),(814,276,5,'2015-10-13 16:51:37',0,''),(815,0,9,'2015-10-13 16:51:39',0,'Payer Status: \nAddress Status: \n\nPayment Status: Pending\nPayment Type: instant\nPending Reason: multicurrency\nReversal Code: None'),(816,277,1,'2015-10-14 12:08:15',0,''),(817,277,5,'2015-10-14 12:08:15',0,''),(818,0,9,'2015-10-14 12:08:16',0,'Payer Status: \nAddress Status: \n\nPayment Status: Pending\nPayment Type: instant\nPending Reason: multicurrency\nReversal Code: None'),(819,278,1,'2015-10-14 12:09:16',0,''),(820,278,5,'2015-10-14 12:09:16',0,''),(821,0,9,'2015-10-14 12:09:17',0,'Payer Status: \nAddress Status: \n\nPayment Status: Pending\nPayment Type: instant\nPending Reason: multicurrency\nReversal Code: None'),(822,279,1,'2015-10-14 12:10:23',0,''),(823,279,5,'2015-10-14 12:10:23',0,''),(824,0,9,'2015-10-14 12:10:24',0,'Payer Status: \nAddress Status: \n\nPayment Status: Pending\nPayment Type: instant\nPending Reason: multicurrency\nReversal Code: None'),(825,280,1,'2015-10-14 12:11:25',0,''),(826,280,5,'2015-10-14 12:11:25',0,''),(827,0,9,'2015-10-14 12:11:26',0,'Payer Status: \nAddress Status: \n\nPayment Status: Pending\nPayment Type: instant\nPending Reason: multicurrency\nReversal Code: None'),(828,281,1,'2015-10-14 12:20:06',0,''),(829,281,5,'2015-10-14 12:20:06',0,''),(830,0,9,'2015-10-14 12:20:07',0,'Payer Status: \nAddress Status: \n\nPayment Status: Pending\nPayment Type: instant\nPending Reason: multicurrency\nReversal Code: None'),(831,282,1,'2015-10-14 12:21:08',0,''),(832,282,5,'2015-10-14 12:21:08',0,''),(833,0,9,'2015-10-14 12:21:09',0,'Payer Status: \nAddress Status: \n\nPayment Status: Pending\nPayment Type: instant\nPending Reason: multicurrency\nReversal Code: None'),(834,283,1,'2015-10-14 12:22:14',0,''),(835,283,5,'2015-10-14 12:22:14',0,''),(836,0,9,'2015-10-14 12:22:15',0,'Payer Status: \nAddress Status: \n\nPayment Status: Pending\nPayment Type: instant\nPending Reason: multicurrency\nReversal Code: None'),(837,284,1,'2015-10-14 12:23:19',0,''),(838,284,5,'2015-10-14 12:23:19',0,''),(839,0,9,'2015-10-14 12:23:20',0,'Payer Status: \nAddress Status: \n\nPayment Status: Pending\nPayment Type: instant\nPending Reason: multicurrency\nReversal Code: None'),(840,285,1,'2015-10-14 12:33:53',0,''),(841,285,5,'2015-10-14 12:33:53',0,''),(842,0,9,'2015-10-14 12:33:54',0,'Payer Status: \nAddress Status: \n\nPayment Status: Pending\nPayment Type: instant\nPending Reason: multicurrency\nReversal Code: None'),(843,286,1,'2015-10-14 12:34:53',0,''),(844,286,5,'2015-10-14 12:34:53',0,''),(845,0,9,'2015-10-14 12:34:54',0,'Payer Status: \nAddress Status: \n\nPayment Status: Pending\nPayment Type: instant\nPending Reason: multicurrency\nReversal Code: None'),(846,287,1,'2015-10-14 12:39:37',0,''),(847,287,5,'2015-10-14 12:39:37',0,''),(848,0,9,'2015-10-14 12:39:38',0,'Payer Status: \nAddress Status: \n\nPayment Status: Pending\nPayment Type: instant\nPending Reason: multicurrency\nReversal Code: None'),(849,288,1,'2015-10-14 12:40:37',0,''),(850,288,5,'2015-10-14 12:40:37',0,''),(851,0,9,'2015-10-14 12:40:38',0,'Payer Status: \nAddress Status: \n\nPayment Status: Pending\nPayment Type: instant\nPending Reason: multicurrency\nReversal Code: None'),(852,289,1,'2015-10-14 12:41:37',0,''),(853,289,5,'2015-10-14 12:41:37',0,''),(854,0,9,'2015-10-14 12:41:38',0,'Payer Status: \nAddress Status: \n\nPayment Status: Pending\nPayment Type: instant\nPending Reason: multicurrency\nReversal Code: None'),(855,290,1,'2015-10-14 12:42:38',0,''),(856,290,5,'2015-10-14 12:42:38',0,''),(857,0,9,'2015-10-14 12:42:39',0,'Payer Status: \nAddress Status: \n\nPayment Status: Pending\nPayment Type: instant\nPending Reason: multicurrency\nReversal Code: None'),(858,291,1,'2015-10-14 12:45:12',0,''),(859,291,5,'2015-10-14 12:45:12',0,''),(860,0,9,'2015-10-14 12:45:13',0,'Payer Status: \nAddress Status: \n\nPayment Status: Pending\nPayment Type: instant\nPending Reason: multicurrency\nReversal Code: None'),(861,292,1,'2015-10-14 12:47:45',0,''),(862,292,5,'2015-10-14 12:47:45',0,''),(863,0,9,'2015-10-14 12:47:46',0,'Payer Status: \nAddress Status: \n\nPayment Status: Pending\nPayment Type: instant\nPending Reason: multicurrency\nReversal Code: None'),(864,293,1,'2015-10-14 14:10:07',0,''),(865,293,5,'2015-10-14 14:10:07',0,''),(866,0,9,'2015-10-14 14:10:08',0,'Payer Status: \nAddress Status: \n\nPayment Status: Pending\nPayment Type: instant\nPending Reason: multicurrency\nReversal Code: None'),(867,294,1,'2015-10-14 14:10:11',0,''),(868,294,5,'2015-10-14 14:10:11',0,''),(869,0,9,'2015-10-14 14:10:12',0,'Payer Status: \nAddress Status: \n\nPayment Status: Pending\nPayment Type: instant\nPending Reason: multicurrency\nReversal Code: None'),(870,295,1,'2015-10-14 14:24:47',0,''),(871,295,5,'2015-10-14 14:24:47',0,''),(872,0,9,'2015-10-14 14:24:48',0,'Payer Status: \nAddress Status: \n\nPayment Status: Pending\nPayment Type: instant\nPending Reason: multicurrency\nReversal Code: None'),(873,296,1,'2015-10-14 14:36:04',0,''),(874,296,5,'2015-10-14 14:36:04',0,''),(875,0,9,'2015-10-14 14:36:05',0,'Payer Status: \nAddress Status: \n\nPayment Status: Pending\nPayment Type: instant\nPending Reason: multicurrency\nReversal Code: None'),(876,297,1,'2015-10-14 14:38:22',0,''),(877,297,5,'2015-10-14 14:38:22',0,''),(878,0,9,'2015-10-14 14:38:23',0,'Payer Status: \nAddress Status: \n\nPayment Status: Pending\nPayment Type: instant\nPending Reason: multicurrency\nReversal Code: None'),(879,298,1,'2015-10-14 15:03:50',0,''),(880,298,5,'2015-10-14 15:03:50',0,''),(881,0,9,'2015-10-14 15:03:51',0,'Payer Status: \nAddress Status: \n\nPayment Status: Pending\nPayment Type: instant\nPending Reason: multicurrency\nReversal Code: None'),(882,299,1,'2015-10-14 15:12:49',0,''),(883,299,5,'2015-10-14 15:12:49',0,''),(884,0,9,'2015-10-14 15:12:50',0,'Payer Status: \nAddress Status: \n\nPayment Status: Pending\nPayment Type: instant\nPending Reason: multicurrency\nReversal Code: None'),(885,300,1,'2015-10-14 15:24:51',0,''),(886,300,5,'2015-10-14 15:24:51',0,''),(887,0,9,'2015-10-14 15:24:52',0,'Payer Status: \nAddress Status: \n\nPayment Status: Pending\nPayment Type: instant\nPending Reason: multicurrency\nReversal Code: None'),(888,301,1,'2015-10-14 15:39:36',0,''),(889,301,5,'2015-10-14 15:39:36',0,''),(890,0,9,'2015-10-14 15:39:37',0,'Payer Status: \nAddress Status: \n\nPayment Status: Pending\nPayment Type: instant\nPending Reason: multicurrency\nReversal Code: None'),(891,302,1,'2015-10-14 15:43:21',0,''),(892,302,5,'2015-10-14 15:43:21',0,''),(893,0,9,'2015-10-14 15:43:22',0,'Payer Status: \nAddress Status: \n\nPayment Status: Pending\nPayment Type: instant\nPending Reason: multicurrency\nReversal Code: None'),(894,303,1,'2015-10-14 15:46:47',0,''),(895,303,5,'2015-10-14 15:46:47',0,''),(896,0,9,'2015-10-14 15:46:48',0,'Payer Status: \nAddress Status: \n\nPayment Status: Pending\nPayment Type: instant\nPending Reason: multicurrency\nReversal Code: None'),(897,304,1,'2015-10-14 15:50:03',0,''),(898,304,5,'2015-10-14 15:50:03',0,''),(899,0,9,'2015-10-14 15:50:04',0,'Payer Status: \nAddress Status: \n\nPayment Status: Pending\nPayment Type: instant\nPending Reason: multicurrency\nReversal Code: None'),(900,305,1,'2015-10-14 16:13:21',0,''),(901,305,5,'2015-10-14 16:13:21',0,''),(902,0,9,'2015-10-14 16:13:22',0,'Payer Status: \nAddress Status: \n\nPayment Status: Pending\nPayment Type: instant\nPending Reason: multicurrency\nReversal Code: None'),(903,306,1,'2015-10-14 16:16:38',0,''),(904,306,5,'2015-10-14 16:16:38',0,''),(905,0,9,'2015-10-14 16:16:39',0,'Payer Status: \nAddress Status: \n\nPayment Status: Pending\nPayment Type: instant\nPending Reason: multicurrency\nReversal Code: None'),(906,307,1,'2015-10-14 16:20:10',0,''),(907,307,5,'2015-10-14 16:20:10',0,''),(908,0,9,'2015-10-14 16:20:11',0,'Payer Status: \nAddress Status: \n\nPayment Status: Pending\nPayment Type: instant\nPending Reason: multicurrency\nReversal Code: None'),(909,308,1,'2015-10-14 16:23:11',0,''),(910,308,5,'2015-10-14 16:23:11',0,''),(911,0,9,'2015-10-14 16:23:12',0,'Payer Status: \nAddress Status: \n\nPayment Status: Pending\nPayment Type: instant\nPending Reason: multicurrency\nReversal Code: None'),(912,309,1,'2015-10-14 16:32:18',0,''),(913,309,5,'2015-10-14 16:32:18',0,''),(914,0,9,'2015-10-14 16:32:19',0,'Payer Status: \nAddress Status: \n\nPayment Status: Pending\nPayment Type: instant\nPending Reason: multicurrency\nReversal Code: None'),(915,310,1,'2015-10-14 16:35:09',0,''),(916,310,5,'2015-10-14 16:35:09',0,''),(917,0,9,'2015-10-14 16:35:10',0,'Payer Status: \nAddress Status: \n\nPayment Status: Pending\nPayment Type: instant\nPending Reason: multicurrency\nReversal Code: None'),(918,311,1,'2015-10-14 16:38:42',0,''),(919,311,5,'2015-10-14 16:38:42',0,''),(920,0,9,'2015-10-14 16:38:43',0,'Payer Status: \nAddress Status: \n\nPayment Status: Pending\nPayment Type: instant\nPending Reason: multicurrency\nReversal Code: None'),(921,312,1,'2015-10-14 16:42:08',0,''),(922,312,5,'2015-10-14 16:42:08',0,''),(923,0,9,'2015-10-14 16:42:09',0,'Payer Status: \nAddress Status: \n\nPayment Status: Pending\nPayment Type: instant\nPending Reason: multicurrency\nReversal Code: None');
/*!40000 ALTER TABLE `toc_orders_status_history` ENABLE KEYS */;
UNLOCK TABLES;

--
-- Table structure for table `toc_orders_total`
--

DROP TABLE IF EXISTS `toc_orders_total`;
/*!40101 SET @saved_cs_client     = @@character_set_client */;
/*!40101 SET character_set_client = utf8 */;
CREATE TABLE `toc_orders_total` (
  `orders_total_id` int(10) unsigned NOT NULL AUTO_INCREMENT,
  `orders_id` int(11) NOT NULL,
  `title` varchar(255) NOT NULL,
  `text` varchar(255) NOT NULL,
  `value` decimal(15,4) NOT NULL,
  `class` varchar(32) NOT NULL,
  `sort_order` int(11) NOT NULL,
  PRIMARY KEY (`orders_total_id`),
  KEY `idx_orders_total_orders_id` (`orders_id`)
) ENGINE=MyISAM AUTO_INCREMENT=937 DEFAULT CHARSET=utf8;
/*!40101 SET character_set_client = @saved_cs_client */;

--
-- Dumping data for table `toc_orders_total`
--

LOCK TABLES `toc_orders_total` WRITE;
/*!40000 ALTER TABLE `toc_orders_total` DISABLE KEYS */;
INSERT INTO `toc_orders_total` VALUES (9,3,'Total:','<b>$305.00</b>',305.0000,'total',80),(8,3,'Flat Rate (Best Way):','$5.00',5.0000,'shipping-flat_flat',20),(7,3,'Sub-Total:','$300.00',300.0000,'sub_total',10),(10,4,'Sub-Total:','$120.00',120.0000,'sub_total',10),(11,4,'Flat Rate (Best Way):','$5.00',5.0000,'shipping-flat_flat',20),(12,4,'Total:','<b>$125.00</b>',125.0000,'total',80),(18,6,'Total:','<b>$384.00</b>',384.0000,'total',80),(17,6,'Flat Rate (Best Way):','$5.00',5.0000,'shipping-flat_flat',20),(16,6,'Sub-Total:','$379.00',379.0000,'sub_total',10),(19,7,'Sub-Total:','$300.00',300.0000,'sub_total',10),(20,7,'Flat Rate (Best Way):','$5.00',5.0000,'shipping-flat_flat',20),(21,7,'Total:','<b>$305.00</b>',305.0000,'total',80),(22,8,'Sub-Total:','$379.00',379.0000,'sub_total',10),(23,8,'Flat Rate (Best Way):','$5.00',5.0000,'shipping-flat_flat',20),(24,8,'Total:','<b>$384.00</b>',384.0000,'total',80),(25,9,'Sub-Total:','$399.00',399.0000,'sub_total',10),(26,9,'Flat Rate (Best Way):','$5.00',5.0000,'shipping-flat_flat',20),(27,9,'Total:','<b>$404.00</b>',404.0000,'total',80),(28,10,'Sub-Total:','$1,995.00',1995.0000,'sub_total',10),(29,10,'Flat Rate (Best Way):','$5.00',5.0000,'shipping-flat_flat',20),(30,10,'Total:','<b>$2,000.00</b>',2000.0000,'total',80),(31,11,'Sub-Total:','$798.00',798.0000,'sub_total',10),(32,11,'Flat Rate (Best Way):','$5.00',5.0000,'shipping-flat_flat',20),(33,11,'Total:','<b>$803.00</b>',803.0000,'total',80),(34,12,'Sub-Total:','$399.00',399.0000,'sub_total',10),(35,12,'Flat Rate (Best Way):','$5.00',5.0000,'shipping-flat_flat',20),(36,12,'Total:','<b>$404.00</b>',404.0000,'total',80),(37,13,'Sub-Total:','$2,394.00',2394.0000,'sub_total',10),(38,13,'Flat Rate (Best Way):','$5.00',5.0000,'shipping-flat_flat',20),(39,13,'Total:','<b>$2,399.00</b>',2399.0000,'total',80),(40,14,'Sub-Total:','$399.00',399.0000,'sub_total',10),(41,14,'Flat Rate (Best Way):','$5.00',5.0000,'shipping-flat_flat',20),(42,14,'Total:','<b>$404.00</b>',404.0000,'total',80),(43,15,'Sub-Total:','$399.00',399.0000,'sub_total',10),(44,15,'Flat Rate (Best Way):','$5.00',5.0000,'shipping-flat_flat',20),(45,15,'Total:','<b>$404.00</b>',404.0000,'total',80),(46,16,'Sub-Total:','$399.00',399.0000,'sub_total',10),(47,16,'Flat Rate (Best Way):','$5.00',5.0000,'shipping-flat_flat',20),(48,16,'Total:','<b>$404.00</b>',404.0000,'total',80),(49,17,'Sub-Total:','$399.00',399.0000,'sub_total',10),(50,17,'Flat Rate (Best Way):','$5.00',5.0000,'shipping-flat_flat',20),(51,17,'Total:','<b>$404.00</b>',404.0000,'total',80),(52,18,'Sub-Total:','$399.00',399.0000,'sub_total',10),(53,18,'Flat Rate (Best Way):','$5.00',5.0000,'shipping-flat_flat',20),(54,18,'Total:','<b>$404.00</b>',404.0000,'total',80),(55,19,'Sub-Total:','$399.00',399.0000,'sub_total',10),(56,19,'Flat Rate (Best Way):','$5.00',5.0000,'shipping-flat_flat',20),(57,19,'Total:','<b>$404.00</b>',404.0000,'total',80),(58,20,'Sub-Total:','$399.00',399.0000,'sub_total',10),(59,20,'Flat Rate (Best Way):','$5.00',5.0000,'shipping-flat_flat',20),(60,20,'Total:','<b>$404.00</b>',404.0000,'total',80),(61,21,'Sub-Total:','$399.00',399.0000,'sub_total',10),(62,21,'Flat Rate (Best Way):','$5.00',5.0000,'shipping-flat_flat',20),(63,21,'Total:','<b>$404.00</b>',404.0000,'total',80),(64,22,'Sub-Total:','$399.00',399.0000,'sub_total',10),(65,22,'Flat Rate (Best Way):','$5.00',5.0000,'shipping-flat_flat',20),(66,22,'Total:','<b>$404.00</b>',404.0000,'total',80),(67,23,'Sub-Total:','$399.00',399.0000,'sub_total',10),(68,23,'Flat Rate (Best Way):','$5.00',5.0000,'shipping-flat_flat',20),(69,23,'Total:','<b>$404.00</b>',404.0000,'total',80),(70,24,'Sub-Total:','$399.00',399.0000,'sub_total',10),(71,24,'Flat Rate (Best Way):','$5.00',5.0000,'shipping-flat_flat',20),(72,24,'Total:','<b>$404.00</b>',404.0000,'total',80),(73,25,'Sub-Total:','$399.00',399.0000,'sub_total',10),(74,25,'Flat Rate (Best Way):','$5.00',5.0000,'shipping-flat_flat',20),(75,25,'Total:','<b>$404.00</b>',404.0000,'total',80),(76,26,'Sub-Total:','$399.00',399.0000,'sub_total',10),(77,26,'Flat Rate (Best Way):','$5.00',5.0000,'shipping-flat_flat',20),(78,26,'Total:','<b>$404.00</b>',404.0000,'total',80),(79,27,'Sub-Total:','$399.00',399.0000,'sub_total',10),(80,27,'Flat Rate (Best Way):','$5.00',5.0000,'shipping-flat_flat',20),(81,27,'Total:','<b>$404.00</b>',404.0000,'total',80),(82,28,'Sub-Total:','$399.00',399.0000,'sub_total',10),(83,28,'Flat Rate (Best Way):','$5.00',5.0000,'shipping-flat_flat',20),(84,28,'Total:','<b>$404.00</b>',404.0000,'total',80),(85,29,'Sub-Total:','$399.00',399.0000,'sub_total',10),(86,29,'Flat Rate (Best Way):','$5.00',5.0000,'shipping-flat_flat',20),(87,29,'Total:','<b>$404.00</b>',404.0000,'total',80),(88,30,'Sub-Total:','$399.00',399.0000,'sub_total',10),(89,30,'Flat Rate (Best Way):','$5.00',5.0000,'shipping-flat_flat',20),(90,30,'Total:','<b>$404.00</b>',404.0000,'total',80),(91,31,'Sub-Total:','$399.00',399.0000,'sub_total',10),(92,31,'Flat Rate (Best Way):','$5.00',5.0000,'shipping-flat_flat',20),(93,31,'Total:','<b>$404.00</b>',404.0000,'total',80),(94,32,'Sub-Total:','$399.00',399.0000,'sub_total',10),(95,32,'Flat Rate (Best Way):','$5.00',5.0000,'shipping-flat_flat',20),(96,32,'Total:','<b>$404.00</b>',404.0000,'total',80),(97,33,'Sub-Total:','$399.00',399.0000,'sub_total',10),(98,33,'Flat Rate (Best Way):','$5.00',5.0000,'shipping-flat_flat',20),(99,33,'Total:','<b>$404.00</b>',404.0000,'total',80),(100,34,'Sub-Total:','$399.00',399.0000,'sub_total',10),(101,34,'Flat Rate (Best Way):','$5.00',5.0000,'shipping-flat_flat',20),(102,34,'Total:','<b>$404.00</b>',404.0000,'total',80),(103,35,'Sub-Total:','$399.00',399.0000,'sub_total',10),(104,35,'Flat Rate (Best Way):','$5.00',5.0000,'shipping-flat_flat',20),(105,35,'Total:','<b>$404.00</b>',404.0000,'total',80),(106,36,'Sub-Total:','$399.00',399.0000,'sub_total',10),(107,36,'Flat Rate (Best Way):','$5.00',5.0000,'shipping-flat_flat',20),(108,36,'Total:','<b>$404.00</b>',404.0000,'total',80),(109,37,'Sub-Total:','$399.00',399.0000,'sub_total',10),(110,37,'Flat Rate (Best Way):','$5.00',5.0000,'shipping-flat_flat',20),(111,37,'Total:','<b>$404.00</b>',404.0000,'total',80),(112,38,'Sub-Total:','$399.00',399.0000,'sub_total',10),(113,38,'Flat Rate (Best Way):','$5.00',5.0000,'shipping-flat_flat',20),(114,38,'Total:','<b>$404.00</b>',404.0000,'total',80),(115,39,'Sub-Total:','$399.00',399.0000,'sub_total',10),(116,39,'Flat Rate (Best Way):','$5.00',5.0000,'shipping-flat_flat',20),(117,39,'Total:','<b>$404.00</b>',404.0000,'total',80),(118,40,'Sub-Total:','$399.00',399.0000,'sub_total',10),(119,40,'Flat Rate (Best Way):','$5.00',5.0000,'shipping-flat_flat',20),(120,40,'Total:','<b>$404.00</b>',404.0000,'total',80),(121,41,'Sub-Total:','$399.00',399.0000,'sub_total',10),(122,41,'Flat Rate (Best Way):','$5.00',5.0000,'shipping-flat_flat',20),(123,41,'Total:','<b>$404.00</b>',404.0000,'total',80),(124,42,'Sub-Total:','$399.00',399.0000,'sub_total',10),(125,42,'Flat Rate (Best Way):','$5.00',5.0000,'shipping-flat_flat',20),(126,42,'Total:','<b>$404.00</b>',404.0000,'total',80),(127,43,'Sub-Total:','$798.00',798.0000,'sub_total',10),(128,43,'Flat Rate (Best Way):','$5.00',5.0000,'shipping-flat_flat',20),(129,43,'Total:','<b>$803.00</b>',803.0000,'total',80),(130,44,'Sub-Total:','$798.00',798.0000,'sub_total',10),(131,44,'Flat Rate (Best Way):','$5.00',5.0000,'shipping-flat_flat',20),(132,44,'Total:','<b>$803.00</b>',803.0000,'total',80),(133,45,'Sub-Total:','$399.00',399.0000,'sub_total',10),(134,45,'Flat Rate (Best Way):','$5.00',5.0000,'shipping-flat_flat',20),(135,45,'Total:','<b>$404.00</b>',404.0000,'total',80),(136,46,'Sub-Total:','$399.00',399.0000,'sub_total',10),(137,46,'Flat Rate (Best Way):','$5.00',5.0000,'shipping-flat_flat',20),(138,46,'Total:','<b>$404.00</b>',404.0000,'total',80),(139,47,'Sub-Total:','$399.00',399.0000,'sub_total',10),(140,47,'Flat Rate (Best Way):','$5.00',5.0000,'shipping-flat_flat',20),(141,47,'Total:','<b>$404.00</b>',404.0000,'total',80),(142,48,'Sub-Total:','$798.00',798.0000,'sub_total',10),(143,48,'Flat Rate (Best Way):','$5.00',5.0000,'shipping-flat_flat',20),(144,48,'Total:','<b>$803.00</b>',803.0000,'total',80),(145,49,'Sub-Total:','$399.00',399.0000,'sub_total',10),(146,49,'Flat Rate (Best Way):','$5.00',5.0000,'shipping-flat_flat',20),(147,49,'Total:','<b>$404.00</b>',404.0000,'total',80),(148,50,'Sub-Total:','$399.00',399.0000,'sub_total',10),(149,50,'Flat Rate (Best Way):','$5.00',5.0000,'shipping-flat_flat',20),(150,50,'Total:','<b>$404.00</b>',404.0000,'total',80),(151,51,'Sub-Total:','$399.00',399.0000,'sub_total',10),(152,51,'Flat Rate (Best Way):','$5.00',5.0000,'shipping-flat_flat',20),(153,51,'Total:','<b>$404.00</b>',404.0000,'total',80),(154,52,'Sub-Total:','$399.00',399.0000,'sub_total',10),(155,52,'Flat Rate (Best Way):','$5.00',5.0000,'shipping-flat_flat',20),(156,52,'Total:','<b>$404.00</b>',404.0000,'total',80),(157,53,'Sub-Total:','$399.00',399.0000,'sub_total',10),(158,53,'Flat Rate (Best Way):','$5.00',5.0000,'shipping-flat_flat',20),(159,53,'Total:','<b>$404.00</b>',404.0000,'total',80),(160,54,'Sub-Total:','$399.00',399.0000,'sub_total',10),(161,54,'Flat Rate (Best Way):','$5.00',5.0000,'shipping-flat_flat',20),(162,54,'Total:','<b>$404.00</b>',404.0000,'total',80),(163,55,'Sub-Total:','$399.00',399.0000,'sub_total',10),(164,55,'Flat Rate (Best Way):','$5.00',5.0000,'shipping-flat_flat',20),(165,55,'Total:','<b>$404.00</b>',404.0000,'total',80),(166,56,'Sub-Total:','$399.00',399.0000,'sub_total',10),(167,56,'Flat Rate (Best Way):','$5.00',5.0000,'shipping-flat_flat',20),(168,56,'Total:','<b>$404.00</b>',404.0000,'total',80),(169,57,'Sub-Total:','$399.00',399.0000,'sub_total',10),(170,57,'Flat Rate (Best Way):','$5.00',5.0000,'shipping-flat_flat',20),(171,57,'Total:','<b>$404.00</b>',404.0000,'total',80),(172,58,'Sub-Total:','$399.00',399.0000,'sub_total',10),(173,58,'Flat Rate (Best Way):','$5.00',5.0000,'shipping-flat_flat',20),(174,58,'Total:','<b>$404.00</b>',404.0000,'total',80),(175,59,'Sub-Total:','$399.00',399.0000,'sub_total',10),(176,59,'Flat Rate (Best Way):','$5.00',5.0000,'shipping-flat_flat',20),(177,59,'Total:','<b>$404.00</b>',404.0000,'total',80),(178,60,'Sub-Total:','$399.00',399.0000,'sub_total',10),(179,60,'Flat Rate (Best Way):','$5.00',5.0000,'shipping-flat_flat',20),(180,60,'Total:','<b>$404.00</b>',404.0000,'total',80),(181,61,'Sub-Total:','$798.00',798.0000,'sub_total',10),(182,61,'Flat Rate (Best Way):','$5.00',5.0000,'shipping-flat_flat',20),(183,61,'Total:','<b>$803.00</b>',803.0000,'total',80),(184,62,'Sub-Total:','$399.00',399.0000,'sub_total',10),(185,62,'Flat Rate (Best Way):','$5.00',5.0000,'shipping-flat_flat',20),(186,62,'Total:','<b>$404.00</b>',404.0000,'total',80),(187,63,'Sub-Total:','$399.00',399.0000,'sub_total',10),(188,63,'Flat Rate (Best Way):','$5.00',5.0000,'shipping-flat_flat',20),(189,63,'Total:','<b>$404.00</b>',404.0000,'total',80),(190,64,'Sub-Total:','$399.00',399.0000,'sub_total',10),(191,64,'Flat Rate (Best Way):','$5.00',5.0000,'shipping-flat_flat',20),(192,64,'Total:','<b>$404.00</b>',404.0000,'total',80),(193,65,'Sub-Total:','$399.00',399.0000,'sub_total',10),(194,65,'Flat Rate (Best Way):','$5.00',5.0000,'shipping-flat_flat',20),(195,65,'Total:','<b>$404.00</b>',404.0000,'total',80),(196,66,'Sub-Total:','$798.00',798.0000,'sub_total',10),(197,66,'Flat Rate (Best Way):','$5.00',5.0000,'shipping-flat_flat',20),(198,66,'Total:','<b>$803.00</b>',803.0000,'total',80),(199,67,'Sub-Total:','$399.00',399.0000,'sub_total',10),(200,67,'Flat Rate (Best Way):','$5.00',5.0000,'shipping-flat_flat',20),(201,67,'Total:','<b>$404.00</b>',404.0000,'total',80),(202,68,'Sub-Total:','$399.00',399.0000,'sub_total',10),(203,68,'Flat Rate (Best Way):','$5.00',5.0000,'shipping-flat_flat',20),(204,68,'Total:','<b>$404.00</b>',404.0000,'total',80),(205,69,'Sub-Total:','$1,197.00',1197.0000,'sub_total',10),(206,69,'Flat Rate (Best Way):','$5.00',5.0000,'shipping-flat_flat',20),(207,69,'Total:','<b>$1,202.00</b>',1202.0000,'total',80),(208,70,'Sub-Total:','$399.00',399.0000,'sub_total',10),(209,70,'Flat Rate (Best Way):','$5.00',5.0000,'shipping-flat_flat',20),(210,70,'Total:','<b>$404.00</b>',404.0000,'total',80),(211,71,'Sub-Total:','$399.00',399.0000,'sub_total',10),(212,71,'Flat Rate (Best Way):','$5.00',5.0000,'shipping-flat_flat',20),(213,71,'Total:','<b>$404.00</b>',404.0000,'total',80),(214,72,'Sub-Total:','$399.00',399.0000,'sub_total',10),(215,72,'Flat Rate (Best Way):','$5.00',5.0000,'shipping-flat_flat',20),(216,72,'Total:','<b>$404.00</b>',404.0000,'total',80),(217,73,'Sub-Total:','$399.00',399.0000,'sub_total',10),(218,73,'Flat Rate (Best Way):','$5.00',5.0000,'shipping-flat_flat',20),(219,73,'Total:','<b>$404.00</b>',404.0000,'total',80),(220,74,'Sub-Total:','$399.00',399.0000,'sub_total',10),(221,74,'Flat Rate (Best Way):','$5.00',5.0000,'shipping-flat_flat',20),(222,74,'Total:','<b>$404.00</b>',404.0000,'total',80),(223,75,'Sub-Total:','$399.00',399.0000,'sub_total',10),(224,75,'Flat Rate (Best Way):','$5.00',5.0000,'shipping-flat_flat',20),(225,75,'Total:','<b>$404.00</b>',404.0000,'total',80),(226,76,'Sub-Total:','$399.00',399.0000,'sub_total',10),(227,76,'Flat Rate (Best Way):','$5.00',5.0000,'shipping-flat_flat',20),(228,76,'Total:','<b>$404.00</b>',404.0000,'total',80),(229,77,'Sub-Total:','$399.00',399.0000,'sub_total',10),(230,77,'Flat Rate (Best Way):','$5.00',5.0000,'shipping-flat_flat',20),(231,77,'Total:','<b>$404.00</b>',404.0000,'total',80),(232,78,'Sub-Total:','$798.00',798.0000,'sub_total',10),(233,78,'Flat Rate (Best Way):','$5.00',5.0000,'shipping-flat_flat',20),(234,78,'Total:','<b>$803.00</b>',803.0000,'total',80),(235,79,'Sub-Total:','$399.00',399.0000,'sub_total',10),(236,79,'Flat Rate (Best Way):','$5.00',5.0000,'shipping-flat_flat',20),(237,79,'Total:','<b>$404.00</b>',404.0000,'total',80),(238,80,'Sub-Total:','$1,197.00',1197.0000,'sub_total',10),(239,80,'Flat Rate (Best Way):','$5.00',5.0000,'shipping-flat_flat',20),(240,80,'Total:','<b>$1,202.00</b>',1202.0000,'total',80),(241,81,'Sub-Total:','$1,596.00',1596.0000,'sub_total',10),(242,81,'Flat Rate (Best Way):','$5.00',5.0000,'shipping-flat_flat',20),(243,81,'Total:','<b>$1,601.00</b>',1601.0000,'total',80),(244,82,'Sub-Total:','$798.00',798.0000,'sub_total',10),(245,82,'Flat Rate (Best Way):','$5.00',5.0000,'shipping-flat_flat',20),(246,82,'Total:','<b>$803.00</b>',803.0000,'total',80),(247,83,'Sub-Total:','$399.00',399.0000,'sub_total',10),(248,83,'Flat Rate (Best Way):','$5.00',5.0000,'shipping-flat_flat',20),(249,83,'Total:','<b>$404.00</b>',404.0000,'total',80),(250,84,'Sub-Total:','$399.00',399.0000,'sub_total',10),(251,84,'Flat Rate (Best Way):','$5.00',5.0000,'shipping-flat_flat',20),(252,84,'Total:','<b>$404.00</b>',404.0000,'total',80),(253,85,'Sub-Total:','$399.00',399.0000,'sub_total',10),(254,85,'Flat Rate (Best Way):','$5.00',5.0000,'shipping-flat_flat',20),(255,85,'Total:','<b>$404.00</b>',404.0000,'total',80),(256,86,'Sub-Total:','$1,995.00',1995.0000,'sub_total',10),(257,86,'Flat Rate (Best Way):','$5.00',5.0000,'shipping-flat_flat',20),(258,86,'Total:','<b>$2,000.00</b>',2000.0000,'total',80),(259,87,'Sub-Total:','$798.00',798.0000,'sub_total',10),(260,87,'Flat Rate (Best Way):','$5.00',5.0000,'shipping-flat_flat',20),(261,87,'Total:','<b>$803.00</b>',803.0000,'total',80),(262,88,'Sub-Total:','$798.00',798.0000,'sub_total',10),(263,88,'Flat Rate (Best Way):','$5.00',5.0000,'shipping-flat_flat',20),(264,88,'Total:','<b>$803.00</b>',803.0000,'total',80),(265,89,'Sub-Total:','$798.00',798.0000,'sub_total',10),(266,89,'Flat Rate (Best Way):','$5.00',5.0000,'shipping-flat_flat',20),(267,89,'Total:','<b>$803.00</b>',803.0000,'total',80),(268,90,'Sub-Total:','$798.00',798.0000,'sub_total',10),(269,90,'Flat Rate (Best Way):','$5.00',5.0000,'shipping-flat_flat',20),(270,90,'Total:','<b>$803.00</b>',803.0000,'total',80),(271,91,'Sub-Total:','$798.00',798.0000,'sub_total',10),(272,91,'Flat Rate (Best Way):','$5.00',5.0000,'shipping-flat_flat',20),(273,91,'Total:','<b>$803.00</b>',803.0000,'total',80),(274,92,'Sub-Total:','$798.00',798.0000,'sub_total',10),(275,92,'Flat Rate (Best Way):','$5.00',5.0000,'shipping-flat_flat',20),(276,92,'Total:','<b>$803.00</b>',803.0000,'total',80),(277,93,'Sub-Total:','$1,596.00',1596.0000,'sub_total',10),(278,93,'Flat Rate (Best Way):','$5.00',5.0000,'shipping-flat_flat',20),(279,93,'Total:','<b>$1,601.00</b>',1601.0000,'total',80),(280,94,'Sub-Total:','$399.00',399.0000,'sub_total',10),(281,94,'Flat Rate (Best Way):','$5.00',5.0000,'shipping-flat_flat',20),(282,94,'Total:','<b>$404.00</b>',404.0000,'total',80),(283,95,'Sub-Total:','$18,753.00',18753.0000,'sub_total',10),(284,95,'Flat Rate (Best Way):','$5.00',5.0000,'shipping-flat_flat',20),(285,95,'Total:','<b>$18,758.00</b>',18758.0000,'total',80),(286,96,'Sub-Total:','$399.00',399.0000,'sub_total',10),(287,96,'Flat Rate (Best Way):','$5.00',5.0000,'shipping-flat_flat',20),(288,96,'Total:','<b>$404.00</b>',404.0000,'total',80),(289,97,'Sub-Total:','$399.00',399.0000,'sub_total',10),(290,97,'Flat Rate (Best Way):','$5.00',5.0000,'shipping-flat_flat',20),(291,97,'Total:','<b>$404.00</b>',404.0000,'total',80),(292,98,'Sub-Total:','$399.00',399.0000,'sub_total',10),(293,98,'Flat Rate (Best Way):','$5.00',5.0000,'shipping-flat_flat',20),(294,98,'Total:','<b>$404.00</b>',404.0000,'total',80),(295,99,'Sub-Total:','$1,197.00',1197.0000,'sub_total',10),(296,99,'Flat Rate (Best Way):','$5.00',5.0000,'shipping-flat_flat',20),(297,99,'Total:','<b>$1,202.00</b>',1202.0000,'total',80),(298,100,'Sub-Total:','$399.00',399.0000,'sub_total',10),(299,100,'Flat Rate (Best Way):','$5.00',5.0000,'shipping-flat_flat',20),(300,100,'Total:','<b>$404.00</b>',404.0000,'total',80),(301,101,'Sub-Total:','$399.00',399.0000,'sub_total',10),(302,101,'Flat Rate (Best Way):','$5.00',5.0000,'shipping-flat_flat',20),(303,101,'Total:','<b>$404.00</b>',404.0000,'total',80),(304,102,'Sub-Total:','$399.00',399.0000,'sub_total',10),(305,102,'Flat Rate (Best Way):','$5.00',5.0000,'shipping-flat_flat',20),(306,102,'Total:','<b>$404.00</b>',404.0000,'total',80),(307,103,'Sub-Total:','$399.00',399.0000,'sub_total',10),(308,103,'Flat Rate (Best Way):','$5.00',5.0000,'shipping-flat_flat',20),(309,103,'Total:','<b>$404.00</b>',404.0000,'total',80),(310,104,'Sub-Total:','$399.00',399.0000,'sub_total',10),(311,104,'Flat Rate (Best Way):','$5.00',5.0000,'shipping-flat_flat',20),(312,104,'Total:','<b>$404.00</b>',404.0000,'total',80),(313,105,'Sub-Total:','$399.00',399.0000,'sub_total',10),(314,105,'Flat Rate (Best Way):','$5.00',5.0000,'shipping-flat_flat',20),(315,105,'Total:','<b>$404.00</b>',404.0000,'total',80),(316,106,'Sub-Total:','$399.00',399.0000,'sub_total',10),(317,106,'Flat Rate (Best Way):','$5.00',5.0000,'shipping-flat_flat',20),(318,106,'Total:','<b>$404.00</b>',404.0000,'total',80),(319,107,'Sub-Total:','$399.00',399.0000,'sub_total',10),(320,107,'Flat Rate (Best Way):','$5.00',5.0000,'shipping-flat_flat',20),(321,107,'Total:','<b>$404.00</b>',404.0000,'total',80),(322,108,'Sub-Total:','$399.00',399.0000,'sub_total',10),(323,108,'Flat Rate (Best Way):','$5.00',5.0000,'shipping-flat_flat',20),(324,108,'Total:','<b>$404.00</b>',404.0000,'total',80),(325,109,'Sub-Total:','$399.00',399.0000,'sub_total',10),(326,109,'Flat Rate (Best Way):','$5.00',5.0000,'shipping-flat_flat',20),(327,109,'Total:','<b>$404.00</b>',404.0000,'total',80),(328,110,'Sub-Total:','$399.00',399.0000,'sub_total',10),(329,110,'Flat Rate (Best Way):','$5.00',5.0000,'shipping-flat_flat',20),(330,110,'Total:','<b>$404.00</b>',404.0000,'total',80),(331,111,'Sub-Total:','$399.00',399.0000,'sub_total',10),(332,111,'Flat Rate (Best Way):','$5.00',5.0000,'shipping-flat_flat',20),(333,111,'Total:','<b>$404.00</b>',404.0000,'total',80),(334,112,'Sub-Total:','$399.00',399.0000,'sub_total',10),(335,112,'Flat Rate (Best Way):','$5.00',5.0000,'shipping-flat_flat',20),(336,112,'Total:','<b>$404.00</b>',404.0000,'total',80),(337,113,'Sub-Total:','$399.00',399.0000,'sub_total',10),(338,113,'Flat Rate (Best Way):','$5.00',5.0000,'shipping-flat_flat',20),(339,113,'Total:','<b>$404.00</b>',404.0000,'total',80),(340,114,'Sub-Total:','$399.00',399.0000,'sub_total',10),(341,114,'Flat Rate (Best Way):','$5.00',5.0000,'shipping-flat_flat',20),(342,114,'Total:','<b>$404.00</b>',404.0000,'total',80),(343,115,'Sub-Total:','$1,197.00',1197.0000,'sub_total',10),(344,115,'Flat Rate (Best Way):','$5.00',5.0000,'shipping-flat_flat',20),(345,115,'Total:','<b>$1,202.00</b>',1202.0000,'total',80),(346,116,'Sub-Total:','$399.00',399.0000,'sub_total',10),(347,116,'Flat Rate (Best Way):','$5.00',5.0000,'shipping-flat_flat',20),(348,116,'Total:','<b>$404.00</b>',404.0000,'total',80),(349,117,'Sub-Total:','$399.00',399.0000,'sub_total',10),(350,117,'Flat Rate (Best Way):','$5.00',5.0000,'shipping-flat_flat',20),(351,117,'Total:','<b>$404.00</b>',404.0000,'total',80),(352,118,'Sub-Total:','$1,197.00',1197.0000,'sub_total',10),(353,118,'Flat Rate (Best Way):','$5.00',5.0000,'shipping-flat_flat',20),(354,118,'Total:','<b>$1,202.00</b>',1202.0000,'total',80),(355,119,'Sub-Total:','$399.00',399.0000,'sub_total',10),(356,119,'Flat Rate (Best Way):','$5.00',5.0000,'shipping-flat_flat',20),(357,119,'Total:','<b>$404.00</b>',404.0000,'total',80),(358,120,'Sub-Total:','$399.00',399.0000,'sub_total',10),(359,120,'Flat Rate (Best Way):','$5.00',5.0000,'shipping-flat_flat',20),(360,120,'Total:','<b>$404.00</b>',404.0000,'total',80),(361,121,'Sub-Total:','$399.00',399.0000,'sub_total',10),(362,121,'Flat Rate (Best Way):','$5.00',5.0000,'shipping-flat_flat',20),(363,121,'Total:','<b>$404.00</b>',404.0000,'total',80),(364,122,'Sub-Total:','$399.00',399.0000,'sub_total',10),(365,122,'Flat Rate (Best Way):','$5.00',5.0000,'shipping-flat_flat',20),(366,122,'Total:','<b>$404.00</b>',404.0000,'total',80),(367,123,'Sub-Total:','$399.00',399.0000,'sub_total',10),(368,123,'Flat Rate (Best Way):','$5.00',5.0000,'shipping-flat_flat',20),(369,123,'Total:','<b>$404.00</b>',404.0000,'total',80),(370,124,'Sub-Total:','$399.00',399.0000,'sub_total',10),(371,124,'Flat Rate (Best Way):','$5.00',5.0000,'shipping-flat_flat',20),(372,124,'Total:','<b>$404.00</b>',404.0000,'total',80),(373,125,'Sub-Total:','$399.00',399.0000,'sub_total',10),(374,125,'Flat Rate (Best Way):','$5.00',5.0000,'shipping-flat_flat',20),(375,125,'Total:','<b>$404.00</b>',404.0000,'total',80),(376,126,'Sub-Total:','$399.00',399.0000,'sub_total',10),(377,126,'Flat Rate (Best Way):','$5.00',5.0000,'shipping-flat_flat',20),(378,126,'Total:','<b>$404.00</b>',404.0000,'total',80),(379,127,'Sub-Total:','$399.00',399.0000,'sub_total',10),(380,127,'Flat Rate (Best Way):','$5.00',5.0000,'shipping-flat_flat',20),(381,127,'Total:','<b>$404.00</b>',404.0000,'total',80),(382,128,'Sub-Total:','$399.00',399.0000,'sub_total',10),(383,128,'Flat Rate (Best Way):','$5.00',5.0000,'shipping-flat_flat',20),(384,128,'Total:','<b>$404.00</b>',404.0000,'total',80),(385,129,'Sub-Total:','$399.00',399.0000,'sub_total',10),(386,129,'Flat Rate (Best Way):','$5.00',5.0000,'shipping-flat_flat',20),(387,129,'Total:','<b>$404.00</b>',404.0000,'total',80),(388,130,'Sub-Total:','$798.00',798.0000,'sub_total',10),(389,130,'Flat Rate (Best Way):','$5.00',5.0000,'shipping-flat_flat',20),(390,130,'Total:','<b>$803.00</b>',803.0000,'total',80),(391,131,'Sub-Total:','$399.00',399.0000,'sub_total',10),(392,131,'Flat Rate (Best Way):','$5.00',5.0000,'shipping-flat_flat',20),(393,131,'Total:','<b>$404.00</b>',404.0000,'total',80),(394,132,'Sub-Total:','$399.00',399.0000,'sub_total',10),(395,132,'Flat Rate (Best Way):','$5.00',5.0000,'shipping-flat_flat',20),(396,132,'Total:','<b>$404.00</b>',404.0000,'total',80),(397,133,'Sub-Total:','$399.00',399.0000,'sub_total',10),(398,133,'Flat Rate (Best Way):','$5.00',5.0000,'shipping-flat_flat',20),(399,133,'Total:','<b>$404.00</b>',404.0000,'total',80),(400,134,'Sub-Total:','$399.00',399.0000,'sub_total',10),(401,134,'Flat Rate (Best Way):','$5.00',5.0000,'shipping-flat_flat',20),(402,134,'Total:','<b>$404.00</b>',404.0000,'total',80),(403,135,'Sub-Total:','$399.00',399.0000,'sub_total',10),(404,135,'Flat Rate (Best Way):','$5.00',5.0000,'shipping-flat_flat',20),(405,135,'Total:','<b>$404.00</b>',404.0000,'total',80),(406,136,'Sub-Total:','$399.00',399.0000,'sub_total',10),(407,136,'Flat Rate (Best Way):','$5.00',5.0000,'shipping-flat_flat',20),(408,136,'Total:','<b>$404.00</b>',404.0000,'total',80),(409,137,'Sub-Total:','$399.00',399.0000,'sub_total',10),(410,137,'Flat Rate (Best Way):','$5.00',5.0000,'shipping-flat_flat',20),(411,137,'Total:','<b>$404.00</b>',404.0000,'total',80),(412,138,'Sub-Total:','$399.00',399.0000,'sub_total',10),(413,138,'Flat Rate (Best Way):','$5.00',5.0000,'shipping-flat_flat',20),(414,138,'Total:','<b>$404.00</b>',404.0000,'total',80),(415,139,'Sub-Total:','$399.00',399.0000,'sub_total',10),(416,139,'Flat Rate (Best Way):','$5.00',5.0000,'shipping-flat_flat',20),(417,139,'Total:','<b>$404.00</b>',404.0000,'total',80),(418,140,'Sub-Total:','$399.00',399.0000,'sub_total',10),(419,140,'Flat Rate (Best Way):','$5.00',5.0000,'shipping-flat_flat',20),(420,140,'Total:','<b>$404.00</b>',404.0000,'total',80),(421,141,'Sub-Total:','$399.00',399.0000,'sub_total',10),(422,141,'Flat Rate (Best Way):','$5.00',5.0000,'shipping-flat_flat',20),(423,141,'Total:','<b>$404.00</b>',404.0000,'total',80),(424,142,'Sub-Total:','$399.00',399.0000,'sub_total',10),(425,142,'Flat Rate (Best Way):','$5.00',5.0000,'shipping-flat_flat',20),(426,142,'Total:','<b>$404.00</b>',404.0000,'total',80),(427,143,'Sub-Total:','$399.00',399.0000,'sub_total',10),(428,143,'Flat Rate (Best Way):','$5.00',5.0000,'shipping-flat_flat',20),(429,143,'Total:','<b>$404.00</b>',404.0000,'total',80),(430,144,'Sub-Total:','$399.00',399.0000,'sub_total',10),(431,144,'Flat Rate (Best Way):','$5.00',5.0000,'shipping-flat_flat',20),(432,144,'Total:','<b>$404.00</b>',404.0000,'total',80),(433,145,'Sub-Total:','$399.00',399.0000,'sub_total',10),(434,145,'Flat Rate (Best Way):','$5.00',5.0000,'shipping-flat_flat',20),(435,145,'Total:','<b>$404.00</b>',404.0000,'total',80),(436,146,'Sub-Total:','$399.00',399.0000,'sub_total',10),(437,146,'Flat Rate (Best Way):','$5.00',5.0000,'shipping-flat_flat',20),(438,146,'Total:','<b>$404.00</b>',404.0000,'total',80),(439,147,'Sub-Total:','$399.00',399.0000,'sub_total',10),(440,147,'Flat Rate (Best Way):','$5.00',5.0000,'shipping-flat_flat',20),(441,147,'Total:','<b>$404.00</b>',404.0000,'total',80),(442,148,'Sub-Total:','$399.00',399.0000,'sub_total',10),(443,148,'Flat Rate (Best Way):','$5.00',5.0000,'shipping-flat_flat',20),(444,148,'Total:','<b>$404.00</b>',404.0000,'total',80),(445,149,'Sub-Total:','$399.00',399.0000,'sub_total',10),(446,149,'Flat Rate (Best Way):','$5.00',5.0000,'shipping-flat_flat',20),(447,149,'Total:','<b>$404.00</b>',404.0000,'total',80),(448,150,'Sub-Total:','$399.00',399.0000,'sub_total',10),(449,150,'Flat Rate (Best Way):','$5.00',5.0000,'shipping-flat_flat',20),(450,150,'Total:','<b>$404.00</b>',404.0000,'total',80),(451,151,'Sub-Total:','$798.00',798.0000,'sub_total',10),(452,151,'Flat Rate (Best Way):','$5.00',5.0000,'shipping-flat_flat',20),(453,151,'Total:','<b>$803.00</b>',803.0000,'total',80),(454,152,'Sub-Total:','$798.00',798.0000,'sub_total',10),(455,152,'Flat Rate (Best Way):','$5.00',5.0000,'shipping-flat_flat',20),(456,152,'Total:','<b>$803.00</b>',803.0000,'total',80),(457,153,'Sub-Total:','$1,596.00',1596.0000,'sub_total',10),(458,153,'Flat Rate (Best Way):','$5.00',5.0000,'shipping-flat_flat',20),(459,153,'Total:','<b>$1,601.00</b>',1601.0000,'total',80),(460,154,'Sub-Total:','$399.00',399.0000,'sub_total',10),(461,154,'Flat Rate (Best Way):','$5.00',5.0000,'shipping-flat_flat',20),(462,154,'Total:','<b>$404.00</b>',404.0000,'total',80),(463,155,'Sub-Total:','$399.00',399.0000,'sub_total',10),(464,155,'Flat Rate (Best Way):','$5.00',5.0000,'shipping-flat_flat',20),(465,155,'Total:','<b>$404.00</b>',404.0000,'total',80),(466,156,'Sub-Total:','$399.00',399.0000,'sub_total',10),(467,156,'Flat Rate (Best Way):','$5.00',5.0000,'shipping-flat_flat',20),(468,156,'Total:','<b>$404.00</b>',404.0000,'total',80),(469,157,'Sub-Total:','$399.00',399.0000,'sub_total',10),(470,157,'Flat Rate (Best Way):','$5.00',5.0000,'shipping-flat_flat',20),(471,157,'Total:','<b>$404.00</b>',404.0000,'total',80),(472,158,'Sub-Total:','$399.00',399.0000,'sub_total',10),(473,158,'Flat Rate (Best Way):','$5.00',5.0000,'shipping-flat_flat',20),(474,158,'Total:','<b>$404.00</b>',404.0000,'total',80),(475,159,'Sub-Total:','$399.00',399.0000,'sub_total',10),(476,159,'Flat Rate (Best Way):','$5.00',5.0000,'shipping-flat_flat',20),(477,159,'Total:','<b>$404.00</b>',404.0000,'total',80),(478,160,'Sub-Total:','$399.00',399.0000,'sub_total',10),(479,160,'Flat Rate (Best Way):','$5.00',5.0000,'shipping-flat_flat',20),(480,160,'Total:','<b>$404.00</b>',404.0000,'total',80),(481,161,'Sub-Total:','$399.00',399.0000,'sub_total',10),(482,161,'Flat Rate (Best Way):','$5.00',5.0000,'shipping-flat_flat',20),(483,161,'Total:','<b>$404.00</b>',404.0000,'total',80),(484,162,'Sub-Total:','$399.00',399.0000,'sub_total',10),(485,162,'Flat Rate (Best Way):','$5.00',5.0000,'shipping-flat_flat',20),(486,162,'Total:','<b>$404.00</b>',404.0000,'total',80),(487,163,'Sub-Total:','$399.00',399.0000,'sub_total',10),(488,163,'Flat Rate (Best Way):','$5.00',5.0000,'shipping-flat_flat',20),(489,163,'Total:','<b>$404.00</b>',404.0000,'total',80),(490,164,'Sub-Total:','$399.00',399.0000,'sub_total',10),(491,164,'Flat Rate (Best Way):','$5.00',5.0000,'shipping-flat_flat',20),(492,164,'Total:','<b>$404.00</b>',404.0000,'total',80),(493,165,'Sub-Total:','$399.00',399.0000,'sub_total',10),(494,165,'Flat Rate (Best Way):','$5.00',5.0000,'shipping-flat_flat',20),(495,165,'Total:','<b>$404.00</b>',404.0000,'total',80),(496,166,'Sub-Total:','$399.00',399.0000,'sub_total',10),(497,166,'Flat Rate (Best Way):','$5.00',5.0000,'shipping-flat_flat',20),(498,166,'Total:','<b>$404.00</b>',404.0000,'total',80),(499,167,'Sub-Total:','$399.00',399.0000,'sub_total',10),(500,167,'Flat Rate (Best Way):','$5.00',5.0000,'shipping-flat_flat',20),(501,167,'Total:','<b>$404.00</b>',404.0000,'total',80),(502,168,'Sub-Total:','$798.00',798.0000,'sub_total',10),(503,168,'Flat Rate (Best Way):','$5.00',5.0000,'shipping-flat_flat',20),(504,168,'Total:','<b>$803.00</b>',803.0000,'total',80),(505,169,'Sub-Total:','$2,394.00',2394.0000,'sub_total',10),(506,169,'Flat Rate (Best Way):','$5.00',5.0000,'shipping-flat_flat',20),(507,169,'Total:','<b>$2,399.00</b>',2399.0000,'total',80),(508,170,'Sub-Total:','$399.00',399.0000,'sub_total',10),(509,170,'Flat Rate (Best Way):','$5.00',5.0000,'shipping-flat_flat',20),(510,170,'Total:','<b>$404.00</b>',404.0000,'total',80),(511,171,'Sub-Total:','$399.00',399.0000,'sub_total',10),(512,171,'Flat Rate (Best Way):','$5.00',5.0000,'shipping-flat_flat',20),(513,171,'Total:','<b>$404.00</b>',404.0000,'total',80),(514,172,'Sub-Total:','$399.00',399.0000,'sub_total',10),(515,172,'Flat Rate (Best Way):','$5.00',5.0000,'shipping-flat_flat',20),(516,172,'Total:','<b>$404.00</b>',404.0000,'total',80),(517,173,'Sub-Total:','$399.00',399.0000,'sub_total',10),(518,173,'Flat Rate (Best Way):','$5.00',5.0000,'shipping-flat_flat',20),(519,173,'Total:','<b>$404.00</b>',404.0000,'total',80),(520,174,'Sub-Total:','$399.00',399.0000,'sub_total',10),(521,174,'Flat Rate (Best Way):','$5.00',5.0000,'shipping-flat_flat',20),(522,174,'Total:','<b>$404.00</b>',404.0000,'total',80),(523,175,'Sub-Total:','$399.00',399.0000,'sub_total',10),(524,175,'Flat Rate (Best Way):','$5.00',5.0000,'shipping-flat_flat',20),(525,175,'Total:','<b>$404.00</b>',404.0000,'total',80),(526,176,'Sub-Total:','$1,197.00',1197.0000,'sub_total',10),(527,176,'Flat Rate (Best Way):','$5.00',5.0000,'shipping-flat_flat',20),(528,176,'Total:','<b>$1,202.00</b>',1202.0000,'total',80),(529,177,'Sub-Total:','$399.00',399.0000,'sub_total',10),(530,177,'Flat Rate (Best Way):','$5.00',5.0000,'shipping-flat_flat',20),(531,177,'Total:','<b>$404.00</b>',404.0000,'total',80),(532,178,'Sub-Total:','$399.00',399.0000,'sub_total',10),(533,178,'Flat Rate (Best Way):','$5.00',5.0000,'shipping-flat_flat',20),(534,178,'Total:','<b>$404.00</b>',404.0000,'total',80),(535,179,'Sub-Total:','$399.00',399.0000,'sub_total',10),(536,179,'Flat Rate (Best Way):','$5.00',5.0000,'shipping-flat_flat',20),(537,179,'Total:','<b>$404.00</b>',404.0000,'total',80),(538,180,'Sub-Total:','$399.00',399.0000,'sub_total',10),(539,180,'Flat Rate (Best Way):','$5.00',5.0000,'shipping-flat_flat',20),(540,180,'Total:','<b>$404.00</b>',404.0000,'total',80),(541,181,'Sub-Total:','$399.00',399.0000,'sub_total',10),(542,181,'Flat Rate (Best Way):','$5.00',5.0000,'shipping-flat_flat',20),(543,181,'Total:','<b>$404.00</b>',404.0000,'total',80),(544,182,'Sub-Total:','$399.00',399.0000,'sub_total',10),(545,182,'Flat Rate (Best Way):','$5.00',5.0000,'shipping-flat_flat',20),(546,182,'Total:','<b>$404.00</b>',404.0000,'total',80),(547,183,'Sub-Total:','$399.00',399.0000,'sub_total',10),(548,183,'Flat Rate (Best Way):','$5.00',5.0000,'shipping-flat_flat',20),(549,183,'Total:','<b>$404.00</b>',404.0000,'total',80),(550,184,'Sub-Total:','$399.00',399.0000,'sub_total',10),(551,184,'Flat Rate (Best Way):','$5.00',5.0000,'shipping-flat_flat',20),(552,184,'Total:','<b>$404.00</b>',404.0000,'total',80),(553,185,'Sub-Total:','$399.00',399.0000,'sub_total',10),(554,185,'Flat Rate (Best Way):','$5.00',5.0000,'shipping-flat_flat',20),(555,185,'Total:','<b>$404.00</b>',404.0000,'total',80),(556,186,'Sub-Total:','$798.00',798.0000,'sub_total',10),(557,186,'Flat Rate (Best Way):','$5.00',5.0000,'shipping-flat_flat',20),(558,186,'Total:','<b>$803.00</b>',803.0000,'total',80),(559,187,'Sub-Total:','$399.00',399.0000,'sub_total',10),(560,187,'Flat Rate (Best Way):','$5.00',5.0000,'shipping-flat_flat',20),(561,187,'Total:','<b>$404.00</b>',404.0000,'total',80),(562,188,'Sub-Total:','$399.00',399.0000,'sub_total',10),(563,188,'Flat Rate (Best Way):','$5.00',5.0000,'shipping-flat_flat',20),(564,188,'Total:','<b>$404.00</b>',404.0000,'total',80),(565,189,'Sub-Total:','$1,197.00',1197.0000,'sub_total',10),(566,189,'Flat Rate (Best Way):','$5.00',5.0000,'shipping-flat_flat',20),(567,189,'Total:','<b>$1,202.00</b>',1202.0000,'total',80),(568,190,'Sub-Total:','$399.00',399.0000,'sub_total',10),(569,190,'Flat Rate (Best Way):','$5.00',5.0000,'shipping-flat_flat',20),(570,190,'Total:','<b>$404.00</b>',404.0000,'total',80),(571,191,'Sub-Total:','$399.00',399.0000,'sub_total',10),(572,191,'Flat Rate (Best Way):','$5.00',5.0000,'shipping-flat_flat',20),(573,191,'Total:','<b>$404.00</b>',404.0000,'total',80),(574,192,'Sub-Total:','$399.00',399.0000,'sub_total',10),(575,192,'Flat Rate (Best Way):','$5.00',5.0000,'shipping-flat_flat',20),(576,192,'Total:','<b>$404.00</b>',404.0000,'total',80),(577,193,'Sub-Total:','$798.00',798.0000,'sub_total',10),(578,193,'Flat Rate (Best Way):','$5.00',5.0000,'shipping-flat_flat',20),(579,193,'Total:','<b>$803.00</b>',803.0000,'total',80),(580,194,'Sub-Total:','$798.00',798.0000,'sub_total',10),(581,194,'Flat Rate (Best Way):','$5.00',5.0000,'shipping-flat_flat',20),(582,194,'Total:','<b>$803.00</b>',803.0000,'total',80),(583,195,'Sub-Total:','$798.00',798.0000,'sub_total',10),(584,195,'Flat Rate (Best Way):','$5.00',5.0000,'shipping-flat_flat',20),(585,195,'Total:','<b>$803.00</b>',803.0000,'total',80),(586,196,'Sub-Total:','$399.00',399.0000,'sub_total',10),(587,196,'Flat Rate (Best Way):','$5.00',5.0000,'shipping-flat_flat',20),(588,196,'Total:','<b>$404.00</b>',404.0000,'total',80),(589,197,'Sub-Total:','$399.00',399.0000,'sub_total',10),(590,197,'Flat Rate (Best Way):','$5.00',5.0000,'shipping-flat_flat',20),(591,197,'Total:','<b>$404.00</b>',404.0000,'total',80),(592,198,'Sub-Total:','$798.00',798.0000,'sub_total',10),(593,198,'Flat Rate (Best Way):','$5.00',5.0000,'shipping-flat_flat',20),(594,198,'Total:','<b>$803.00</b>',803.0000,'total',80),(595,199,'Sub-Total:','$798.00',798.0000,'sub_total',10),(596,199,'Flat Rate (Best Way):','$5.00',5.0000,'shipping-flat_flat',20),(597,199,'Total:','<b>$803.00</b>',803.0000,'total',80),(598,200,'Sub-Total:','$399.00',399.0000,'sub_total',10),(599,200,'Flat Rate (Best Way):','$5.00',5.0000,'shipping-flat_flat',20),(600,200,'Total:','<b>$404.00</b>',404.0000,'total',80),(601,201,'Sub-Total:','$399.00',399.0000,'sub_total',10),(602,201,'Flat Rate (Best Way):','$5.00',5.0000,'shipping-flat_flat',20),(603,201,'Total:','<b>$404.00</b>',404.0000,'total',80),(604,202,'Sub-Total:','$1,197.00',1197.0000,'sub_total',10),(605,202,'Flat Rate (Best Way):','$5.00',5.0000,'shipping-flat_flat',20),(606,202,'Total:','<b>$1,202.00</b>',1202.0000,'total',80),(607,203,'Sub-Total:','$399.00',399.0000,'sub_total',10),(608,203,'Flat Rate (Best Way):','$5.00',5.0000,'shipping-flat_flat',20),(609,203,'Total:','<b>$404.00</b>',404.0000,'total',80),(610,204,'Sub-Total:','$399.00',399.0000,'sub_total',10),(611,204,'Flat Rate (Best Way):','$5.00',5.0000,'shipping-flat_flat',20),(612,204,'Total:','<b>$404.00</b>',404.0000,'total',80),(613,205,'Sub-Total:','$399.00',399.0000,'sub_total',10),(614,205,'Flat Rate (Best Way):','$5.00',5.0000,'shipping-flat_flat',20),(615,205,'Total:','<b>$404.00</b>',404.0000,'total',80),(616,206,'Sub-Total:','$798.00',798.0000,'sub_total',10),(617,206,'Flat Rate (Best Way):','$5.00',5.0000,'shipping-flat_flat',20),(618,206,'Total:','<b>$803.00</b>',803.0000,'total',80),(619,207,'Sub-Total:','$1,197.00',1197.0000,'sub_total',10),(620,207,'Flat Rate (Best Way):','$5.00',5.0000,'shipping-flat_flat',20),(621,207,'Total:','<b>$1,202.00</b>',1202.0000,'total',80),(622,208,'Sub-Total:','$399.00',399.0000,'sub_total',10),(623,208,'Flat Rate (Best Way):','$5.00',5.0000,'shipping-flat_flat',20),(624,208,'Total:','<b>$404.00</b>',404.0000,'total',80),(625,209,'Sub-Total:','$798.00',798.0000,'sub_total',10),(626,209,'Flat Rate (Best Way):','$5.00',5.0000,'shipping-flat_flat',20),(627,209,'Total:','<b>$803.00</b>',803.0000,'total',80),(628,210,'Sub-Total:','$1,197.00',1197.0000,'sub_total',10),(629,210,'Flat Rate (Best Way):','$5.00',5.0000,'shipping-flat_flat',20),(630,210,'Total:','<b>$1,202.00</b>',1202.0000,'total',80),(631,211,'Sub-Total:','$798.00',798.0000,'sub_total',10),(632,211,'Flat Rate (Best Way):','$5.00',5.0000,'shipping-flat_flat',20),(633,211,'Total:','<b>$803.00</b>',803.0000,'total',80),(634,212,'Sub-Total:','$798.00',798.0000,'sub_total',10),(635,212,'Flat Rate (Best Way):','$5.00',5.0000,'shipping-flat_flat',20),(636,212,'Total:','<b>$803.00</b>',803.0000,'total',80),(637,213,'Sub-Total:','$2,394.00',2394.0000,'sub_total',10),(638,213,'Flat Rate (Best Way):','$5.00',5.0000,'shipping-flat_flat',20),(639,213,'Total:','<b>$2,399.00</b>',2399.0000,'total',80),(640,214,'Sub-Total:','$1,197.00',1197.0000,'sub_total',10),(641,214,'Flat Rate (Best Way):','$5.00',5.0000,'shipping-flat_flat',20),(642,214,'Total:','<b>$1,202.00</b>',1202.0000,'total',80),(643,215,'Sub-Total:','$798.00',798.0000,'sub_total',10),(644,215,'Flat Rate (Best Way):','$5.00',5.0000,'shipping-flat_flat',20),(645,215,'Total:','<b>$803.00</b>',803.0000,'total',80),(646,216,'Sub-Total:','$399.00',399.0000,'sub_total',10),(647,216,'Flat Rate (Best Way):','$5.00',5.0000,'shipping-flat_flat',20),(648,216,'Total:','<b>$404.00</b>',404.0000,'total',80),(649,217,'Sub-Total:','$399.00',399.0000,'sub_total',10),(650,217,'Flat Rate (Best Way):','$5.00',5.0000,'shipping-flat_flat',20),(651,217,'Total:','<b>$404.00</b>',404.0000,'total',80),(652,218,'Sub-Total:','$399.00',399.0000,'sub_total',10),(653,218,'Flat Rate (Best Way):','$5.00',5.0000,'shipping-flat_flat',20),(654,218,'Total:','<b>$404.00</b>',404.0000,'total',80),(655,219,'Sub-Total:','$399.00',399.0000,'sub_total',10),(656,219,'Flat Rate (Best Way):','$5.00',5.0000,'shipping-flat_flat',20),(657,219,'Total:','<b>$404.00</b>',404.0000,'total',80),(658,220,'Sub-Total:','$399.00',399.0000,'sub_total',10),(659,220,'Flat Rate (Best Way):','$5.00',5.0000,'shipping-flat_flat',20),(660,220,'Total:','<b>$404.00</b>',404.0000,'total',80),(661,221,'Sub-Total:','$399.00',399.0000,'sub_total',10),(662,221,'Flat Rate (Best Way):','$5.00',5.0000,'shipping-flat_flat',20),(663,221,'Total:','<b>$404.00</b>',404.0000,'total',80),(664,222,'Sub-Total:','$399.00',399.0000,'sub_total',10),(665,222,'Flat Rate (Best Way):','$5.00',5.0000,'shipping-flat_flat',20),(666,222,'Total:','<b>$404.00</b>',404.0000,'total',80),(667,223,'Sub-Total:','$798.00',798.0000,'sub_total',10),(668,223,'Flat Rate (Best Way):','$5.00',5.0000,'shipping-flat_flat',20),(669,223,'Total:','<b>$803.00</b>',803.0000,'total',80),(670,224,'Sub-Total:','$798.00',798.0000,'sub_total',10),(671,224,'Flat Rate (Best Way):','$5.00',5.0000,'shipping-flat_flat',20),(672,224,'Total:','<b>$803.00</b>',803.0000,'total',80),(673,225,'Sub-Total:','$399.00',399.0000,'sub_total',10),(674,225,'Flat Rate (Best Way):','$5.00',5.0000,'shipping-flat_flat',20),(675,225,'Total:','<b>$404.00</b>',404.0000,'total',80),(676,226,'Sub-Total:','$1,596.00',1596.0000,'sub_total',10),(677,226,'Flat Rate (Best Way):','$5.00',5.0000,'shipping-flat_flat',20),(678,226,'Total:','<b>$1,601.00</b>',1601.0000,'total',80),(679,227,'Sub-Total:','$798.00',798.0000,'sub_total',10),(680,227,'Flat Rate (Best Way):','$5.00',5.0000,'shipping-flat_flat',20),(681,227,'Total:','<b>$803.00</b>',803.0000,'total',80),(682,228,'Sub-Total:','$798.00',798.0000,'sub_total',10),(683,228,'Flat Rate (Best Way):','$5.00',5.0000,'shipping-flat_flat',20),(684,228,'Total:','<b>$803.00</b>',803.0000,'total',80),(685,229,'Sub-Total:','$399.00',399.0000,'sub_total',10),(686,229,'Flat Rate (Best Way):','$5.00',5.0000,'shipping-flat_flat',20),(687,229,'Total:','<b>$404.00</b>',404.0000,'total',80),(688,230,'Sub-Total:','$399.00',399.0000,'sub_total',10),(689,230,'Flat Rate (Best Way):','$5.00',5.0000,'shipping-flat_flat',20),(690,230,'Total:','<b>$404.00</b>',404.0000,'total',80),(691,231,'Sub-Total:','$798.00',798.0000,'sub_total',10),(692,231,'Flat Rate (Best Way):','$5.00',5.0000,'shipping-flat_flat',20),(693,231,'Total:','<b>$803.00</b>',803.0000,'total',80),(694,232,'Sub-Total:','$399.00',399.0000,'sub_total',10),(695,232,'Flat Rate (Best Way):','$5.00',5.0000,'shipping-flat_flat',20),(696,232,'Total:','<b>$404.00</b>',404.0000,'total',80),(697,233,'Sub-Total:','$399.00',399.0000,'sub_total',10),(698,233,'Flat Rate (Best Way):','$5.00',5.0000,'shipping-flat_flat',20),(699,233,'Total:','<b>$404.00</b>',404.0000,'total',80),(700,234,'Sub-Total:','$399.00',399.0000,'sub_total',10),(701,234,'Flat Rate (Best Way):','$5.00',5.0000,'shipping-flat_flat',20),(702,234,'Total:','<b>$404.00</b>',404.0000,'total',80),(703,235,'Sub-Total:','$79.00',79.0000,'sub_total',10),(704,235,'Flat Rate (Best Way):','$5.00',5.0000,'shipping-flat_flat',20),(705,235,'Total:','<b>$84.00</b>',84.0000,'total',80),(706,236,'Sub-Total:','$3,396.00',3396.0000,'sub_total',10),(707,236,'Flat Rate (Best Way):','$5.00',5.0000,'shipping-flat_flat',20),(708,236,'Total:','<b>$3,401.00</b>',3401.0000,'total',80),(709,237,'Sub-Total:','$798.00',798.0000,'sub_total',10),(710,237,'Flat Rate (Best Way):','$5.00',5.0000,'shipping-flat_flat',20),(711,237,'Total:','<b>$803.00</b>',803.0000,'total',80),(712,238,'Sub-Total:','$199.00',199.0000,'sub_total',10),(713,238,'Flat Rate (Best Way):','$5.00',5.0000,'shipping-flat_flat',20),(714,238,'Total:','<b>$204.00</b>',204.0000,'total',80),(715,239,'Sub-Total:','$399.00',399.0000,'sub_total',10),(716,239,'Flat Rate (Best Way):','$5.00',5.0000,'shipping-flat_flat',20),(717,239,'Total:','<b>$404.00</b>',404.0000,'total',80),(718,240,'Sub-Total:','$399.00',399.0000,'sub_total',10),(719,240,'Flat Rate (Best Way):','$5.00',5.0000,'shipping-flat_flat',20),(720,240,'Total:','<b>$404.00</b>',404.0000,'total',80),(721,241,'Sub-Total:','$199.00',199.0000,'sub_total',10),(722,241,'Flat Rate (Best Way):','$5.00',5.0000,'shipping-flat_flat',20),(723,241,'Total:','<b>$204.00</b>',204.0000,'total',80),(724,242,'Sub-Total:','$199.00',199.0000,'sub_total',10),(725,242,'Flat Rate (Best Way):','$5.00',5.0000,'shipping-flat_flat',20),(726,242,'Total:','<b>$204.00</b>',204.0000,'total',80),(727,243,'Sub-Total:','$399.00',399.0000,'sub_total',10),(728,243,'Flat Rate (Best Way):','$5.00',5.0000,'shipping-flat_flat',20),(729,243,'Total:','<b>$404.00</b>',404.0000,'total',80),(730,244,'Sub-Total:','$399.00',399.0000,'sub_total',10),(731,244,'Flat Rate (Best Way):','$5.00',5.0000,'shipping-flat_flat',20),(732,244,'Total:','<b>$404.00</b>',404.0000,'total',80),(733,245,'Sub-Total:','$199.00',199.0000,'sub_total',10),(734,245,'Flat Rate (Best Way):','$5.00',5.0000,'shipping-flat_flat',20),(735,245,'Total:','<b>$204.00</b>',204.0000,'total',80),(736,246,'Sub-Total:','$199.00',199.0000,'sub_total',10),(737,246,'Flat Rate (Best Way):','$5.00',5.0000,'shipping-flat_flat',20),(738,246,'Total:','<b>$204.00</b>',204.0000,'total',80),(739,247,'Sub-Total:','$399.00',399.0000,'sub_total',10),(740,247,'Flat Rate (Best Way):','$5.00',5.0000,'shipping-flat_flat',20),(741,247,'Total:','<b>$404.00</b>',404.0000,'total',80),(742,248,'Sub-Total:','$399.00',399.0000,'sub_total',10),(743,248,'Flat Rate (Best Way):','$5.00',5.0000,'shipping-flat_flat',20),(744,248,'Total:','<b>$404.00</b>',404.0000,'total',80),(745,249,'Sub-Total:','$199.00',199.0000,'sub_total',10),(746,249,'Flat Rate (Best Way):','$5.00',5.0000,'shipping-flat_flat',20),(747,249,'Total:','<b>$204.00</b>',204.0000,'total',80),(748,250,'Sub-Total:','$199.00',199.0000,'sub_total',10),(749,250,'Flat Rate (Best Way):','$5.00',5.0000,'shipping-flat_flat',20),(750,250,'Total:','<b>$204.00</b>',204.0000,'total',80),(751,251,'Sub-Total:','$199.00',199.0000,'sub_total',10),(752,251,'Flat Rate (Best Way):','$5.00',5.0000,'shipping-flat_flat',20),(753,251,'Total:','<b>$204.00</b>',204.0000,'total',80),(754,252,'Sub-Total:','$199.00',199.0000,'sub_total',10),(755,252,'Flat Rate (Best Way):','$5.00',5.0000,'shipping-flat_flat',20),(756,252,'Total:','<b>$204.00</b>',204.0000,'total',80),(757,253,'Sub-Total:','$597.00',597.0000,'sub_total',10),(758,253,'Flat Rate (Best Way):','$5.00',5.0000,'shipping-flat_flat',20),(759,253,'Total:','<b>$602.00</b>',602.0000,'total',80),(760,254,'Sub-Total:','$199.00',199.0000,'sub_total',10),(761,254,'Flat Rate (Best Way):','$5.00',5.0000,'shipping-flat_flat',20),(762,254,'Total:','<b>$204.00</b>',204.0000,'total',80),(763,255,'Sub-Total:','$199.00',199.0000,'sub_total',10),(764,255,'Flat Rate (Best Way):','$5.00',5.0000,'shipping-flat_flat',20),(765,255,'Total:','<b>$204.00</b>',204.0000,'total',80),(766,256,'Sub-Total:','$398.00',398.0000,'sub_total',10),(767,256,'Flat Rate (Best Way):','$5.00',5.0000,'shipping-flat_flat',20),(768,256,'Total:','<b>$403.00</b>',403.0000,'total',80),(769,257,'Sub-Total:','$399.00',399.0000,'sub_total',10),(770,257,'Flat Rate (Best Way):','$5.00',5.0000,'shipping-flat_flat',20),(771,257,'Total:','<b>$404.00</b>',404.0000,'total',80),(772,258,'Sub-Total:','$399.00',399.0000,'sub_total',10),(773,258,'Flat Rate (Best Way):','$5.00',5.0000,'shipping-flat_flat',20),(774,258,'Total:','<b>$404.00</b>',404.0000,'total',80),(775,259,'Sub-Total:','$199.00',199.0000,'sub_total',10),(776,259,'Flat Rate (Best Way):','$5.00',5.0000,'shipping-flat_flat',20),(777,259,'Total:','<b>$204.00</b>',204.0000,'total',80),(778,260,'Sub-Total:','$199.00',199.0000,'sub_total',10),(779,260,'Flat Rate (Best Way):','$5.00',5.0000,'shipping-flat_flat',20),(780,260,'Total:','<b>$204.00</b>',204.0000,'total',80),(781,261,'Sub-Total:','$399.00',399.0000,'sub_total',10),(782,261,'Flat Rate (Best Way):','$5.00',5.0000,'shipping-flat_flat',20),(783,261,'Total:','<b>$404.00</b>',404.0000,'total',80),(784,262,'Sub-Total:','$399.00',399.0000,'sub_total',10),(785,262,'Flat Rate (Best Way):','$5.00',5.0000,'shipping-flat_flat',20),(786,262,'Total:','<b>$404.00</b>',404.0000,'total',80),(787,263,'Sub-Total:','$199.00',199.0000,'sub_total',10),(788,263,'Flat Rate (Best Way):','$5.00',5.0000,'shipping-flat_flat',20),(789,263,'Total:','<b>$204.00</b>',204.0000,'total',80),(790,264,'Sub-Total:','$199.00',199.0000,'sub_total',10),(791,264,'Flat Rate (Best Way):','$5.00',5.0000,'shipping-flat_flat',20),(792,264,'Total:','<b>$204.00</b>',204.0000,'total',80),(793,265,'Sub-Total:','$199.00',199.0000,'sub_total',10),(794,265,'Flat Rate (Best Way):','$5.00',5.0000,'shipping-flat_flat',20),(795,265,'Total:','<b>$204.00</b>',204.0000,'total',80),(796,266,'Sub-Total:','$199.00',199.0000,'sub_total',10),(797,266,'Flat Rate (Best Way):','$5.00',5.0000,'shipping-flat_flat',20),(798,266,'Total:','<b>$204.00</b>',204.0000,'total',80),(799,267,'Sub-Total:','$597.00',597.0000,'sub_total',10),(800,267,'Flat Rate (Best Way):','$5.00',5.0000,'shipping-flat_flat',20),(801,267,'Total:','<b>$602.00</b>',602.0000,'total',80),(802,268,'Sub-Total:','$199.00',199.0000,'sub_total',10),(803,268,'Flat Rate (Best Way):','$5.00',5.0000,'shipping-flat_flat',20),(804,268,'Total:','<b>$204.00</b>',204.0000,'total',80),(805,269,'Sub-Total:','$199.00',199.0000,'sub_total',10),(806,269,'Flat Rate (Best Way):','$5.00',5.0000,'shipping-flat_flat',20),(807,269,'Total:','<b>$204.00</b>',204.0000,'total',80),(808,270,'Sub-Total:','$199.00',199.0000,'sub_total',10),(809,270,'Flat Rate (Best Way):','$5.00',5.0000,'shipping-flat_flat',20),(810,270,'Total:','<b>$204.00</b>',204.0000,'total',80),(811,271,'Sub-Total:','$199.00',199.0000,'sub_total',10),(812,271,'Flat Rate (Best Way):','$5.00',5.0000,'shipping-flat_flat',20),(813,271,'Total:','<b>$204.00</b>',204.0000,'total',80),(814,272,'Sub-Total:','$398.00',398.0000,'sub_total',10),(815,272,'Flat Rate (Best Way):','$5.00',5.0000,'shipping-flat_flat',20),(816,272,'Total:','<b>$403.00</b>',403.0000,'total',80),(817,273,'Sub-Total:','$399.00',399.0000,'sub_total',10),(818,273,'Flat Rate (Best Way):','$5.00',5.0000,'shipping-flat_flat',20),(819,273,'Total:','<b>$404.00</b>',404.0000,'total',80),(820,274,'Sub-Total:','$598.00',598.0000,'sub_total',10),(821,274,'Flat Rate (Best Way):','$5.00',5.0000,'shipping-flat_flat',20),(822,274,'Total:','<b>$603.00</b>',603.0000,'total',80),(823,275,'Sub-Total:','$598.00',598.0000,'sub_total',10),(824,275,'Flat Rate (Best Way):','$5.00',5.0000,'shipping-flat_flat',20),(825,275,'Total:','<b>$603.00</b>',603.0000,'total',80),(826,276,'Sub-Total:','$797.00',797.0000,'sub_total',10),(827,276,'Flat Rate (Best Way):','$5.00',5.0000,'shipping-flat_flat',20),(828,276,'Total:','<b>$802.00</b>',802.0000,'total',80),(829,277,'Sub-Total:','$399.00',399.0000,'sub_total',10),(830,277,'Flat Rate (Best Way):','$5.00',5.0000,'shipping-flat_flat',20),(831,277,'Total:','<b>$404.00</b>',404.0000,'total',80),(832,278,'Sub-Total:','$399.00',399.0000,'sub_total',10),(833,278,'Flat Rate (Best Way):','$5.00',5.0000,'shipping-flat_flat',20),(834,278,'Total:','<b>$404.00</b>',404.0000,'total',80),(835,279,'Sub-Total:','$199.00',199.0000,'sub_total',10),(836,279,'Flat Rate (Best Way):','$5.00',5.0000,'shipping-flat_flat',20),(837,279,'Total:','<b>$204.00</b>',204.0000,'total',80),(838,280,'Sub-Total:','$199.00',199.0000,'sub_total',10),(839,280,'Flat Rate (Best Way):','$5.00',5.0000,'shipping-flat_flat',20),(840,280,'Total:','<b>$204.00</b>',204.0000,'total',80),(841,281,'Sub-Total:','$399.00',399.0000,'sub_total',10),(842,281,'Flat Rate (Best Way):','$5.00',5.0000,'shipping-flat_flat',20),(843,281,'Total:','<b>$404.00</b>',404.0000,'total',80),(844,282,'Sub-Total:','$399.00',399.0000,'sub_total',10),(845,282,'Flat Rate (Best Way):','$5.00',5.0000,'shipping-flat_flat',20),(846,282,'Total:','<b>$404.00</b>',404.0000,'total',80),(847,283,'Sub-Total:','$199.00',199.0000,'sub_total',10),(848,283,'Flat Rate (Best Way):','$5.00',5.0000,'shipping-flat_flat',20),(849,283,'Total:','<b>$204.00</b>',204.0000,'total',80),(850,284,'Sub-Total:','$199.00',199.0000,'sub_total',10),(851,284,'Flat Rate (Best Way):','$5.00',5.0000,'shipping-flat_flat',20),(852,284,'Total:','<b>$204.00</b>',204.0000,'total',80),(853,285,'Sub-Total:','$199.00',199.0000,'sub_total',10),(854,285,'Flat Rate (Best Way):','$5.00',5.0000,'shipping-flat_flat',20),(855,285,'Total:','<b>$204.00</b>',204.0000,'total',80),(856,286,'Sub-Total:','$199.00',199.0000,'sub_total',10),(857,286,'Flat Rate (Best Way):','$5.00',5.0000,'shipping-flat_flat',20),(858,286,'Total:','<b>$204.00</b>',204.0000,'total',80),(859,287,'Sub-Total:','$597.00',597.0000,'sub_total',10),(860,287,'Flat Rate (Best Way):','$5.00',5.0000,'shipping-flat_flat',20),(861,287,'Total:','<b>$602.00</b>',602.0000,'total',80),(862,288,'Sub-Total:','$199.00',199.0000,'sub_total',10),(863,288,'Flat Rate (Best Way):','$5.00',5.0000,'shipping-flat_flat',20),(864,288,'Total:','<b>$204.00</b>',204.0000,'total',80),(865,289,'Sub-Total:','$199.00',199.0000,'sub_total',10),(866,289,'Flat Rate (Best Way):','$5.00',5.0000,'shipping-flat_flat',20),(867,289,'Total:','<b>$204.00</b>',204.0000,'total',80),(868,290,'Sub-Total:','$199.00',199.0000,'sub_total',10),(869,290,'Flat Rate (Best Way):','$5.00',5.0000,'shipping-flat_flat',20),(870,290,'Total:','<b>$204.00</b>',204.0000,'total',80),(871,291,'Sub-Total:','$398.00',398.0000,'sub_total',10),(872,291,'Flat Rate (Best Way):','$5.00',5.0000,'shipping-flat_flat',20),(873,291,'Total:','<b>$403.00</b>',403.0000,'total',80),(874,292,'Sub-Total:','$398.00',398.0000,'sub_total',10),(875,292,'Flat Rate (Best Way):','$5.00',5.0000,'shipping-flat_flat',20),(876,292,'Total:','<b>$403.00</b>',403.0000,'total',80),(877,293,'Sub-Total:','$797.00',797.0000,'sub_total',10),(878,293,'Flat Rate (Best Way):','$5.00',5.0000,'shipping-flat_flat',20),(879,293,'Total:','<b>$802.00</b>',802.0000,'total',80),(880,294,'Sub-Total:','$996.00',996.0000,'sub_total',10),(881,294,'Flat Rate (Best Way):','$5.00',5.0000,'shipping-flat_flat',20),(882,294,'Total:','<b>$1,001.00</b>',1001.0000,'total',80),(883,295,'Sub-Total:','$398.00',398.0000,'sub_total',10),(884,295,'Flat Rate (Best Way):','$5.00',5.0000,'shipping-flat_flat',20),(885,295,'Total:','<b>$403.00</b>',403.0000,'total',80),(886,296,'Sub-Total:','$1,194.00',1194.0000,'sub_total',10),(887,296,'Flat Rate (Best Way):','$5.00',5.0000,'shipping-flat_flat',20),(888,296,'Total:','<b>$1,199.00</b>',1199.0000,'total',80),(889,297,'Sub-Total:','$399.00',399.0000,'sub_total',10),(890,297,'Flat Rate (Best Way):','$5.00',5.0000,'shipping-flat_flat',20),(891,297,'Total:','<b>$404.00</b>',404.0000,'total',80),(892,298,'Sub-Total:','$1,195.00',1195.0000,'sub_total',10),(893,298,'Flat Rate (Best Way):','$5.00',5.0000,'shipping-flat_flat',20),(894,298,'Total:','<b>$1,200.00</b>',1200.0000,'total',80),(895,299,'Sub-Total:','$399.00',399.0000,'sub_total',10),(896,299,'Flat Rate (Best Way):','$5.00',5.0000,'shipping-flat_flat',20),(897,299,'Total:','<b>$404.00</b>',404.0000,'total',80),(898,300,'Sub-Total:','$399.00',399.0000,'sub_total',10),(899,300,'Flat Rate (Best Way):','$5.00',5.0000,'shipping-flat_flat',20),(900,300,'Total:','<b>$404.00</b>',404.0000,'total',80),(901,301,'Sub-Total:','$399.00',399.0000,'sub_total',10),(902,301,'Flat Rate (Best Way):','$5.00',5.0000,'shipping-flat_flat',20),(903,301,'Total:','<b>$404.00</b>',404.0000,'total',80),(904,302,'Sub-Total:','$598.00',598.0000,'sub_total',10),(905,302,'Flat Rate (Best Way):','$5.00',5.0000,'shipping-flat_flat',20),(906,302,'Total:','<b>$603.00</b>',603.0000,'total',80),(907,303,'Sub-Total:','$598.00',598.0000,'sub_total',10),(908,303,'Flat Rate (Best Way):','$5.00',5.0000,'shipping-flat_flat',20),(909,303,'Total:','<b>$603.00</b>',603.0000,'total',80),(910,304,'Sub-Total:','$598.00',598.0000,'sub_total',10),(911,304,'Flat Rate (Best Way):','$5.00',5.0000,'shipping-flat_flat',20),(912,304,'Total:','<b>$603.00</b>',603.0000,'total',80),(913,305,'Sub-Total:','$598.00',598.0000,'sub_total',10),(914,305,'Flat Rate (Best Way):','$5.00',5.0000,'shipping-flat_flat',20),(915,305,'Total:','<b>$603.00</b>',603.0000,'total',80),(916,306,'Sub-Total:','$598.00',598.0000,'sub_total',10),(917,306,'Flat Rate (Best Way):','$5.00',5.0000,'shipping-flat_flat',20),(918,306,'Total:','<b>$603.00</b>',603.0000,'total',80),(919,307,'Sub-Total:','$598.00',598.0000,'sub_total',10),(920,307,'Flat Rate (Best Way):','$5.00',5.0000,'shipping-flat_flat',20),(921,307,'Total:','<b>$603.00</b>',603.0000,'total',80),(922,308,'Sub-Total:','$598.00',598.0000,'sub_total',10),(923,308,'Flat Rate (Best Way):','$5.00',5.0000,'shipping-flat_flat',20),(924,308,'Total:','<b>$603.00</b>',603.0000,'total',80),(925,309,'Sub-Total:','$598.00',598.0000,'sub_total',10),(926,309,'Flat Rate (Best Way):','$5.00',5.0000,'shipping-flat_flat',20),(927,309,'Total:','<b>$603.00</b>',603.0000,'total',80),(928,310,'Sub-Total:','$598.00',598.0000,'sub_total',10),(929,310,'Flat Rate (Best Way):','$5.00',5.0000,'shipping-flat_flat',20),(930,310,'Total:','<b>$603.00</b>',603.0000,'total',80),(931,311,'Sub-Total:','$598.00',598.0000,'sub_total',10),(932,311,'Flat Rate (Best Way):','$5.00',5.0000,'shipping-flat_flat',20),(933,311,'Total:','<b>$603.00</b>',603.0000,'total',80),(934,312,'Sub-Total:','$598.00',598.0000,'sub_total',10),(935,312,'Flat Rate (Best Way):','$5.00',5.0000,'shipping-flat_flat',20),(936,312,'Total:','<b>$603.00</b>',603.0000,'total',80);
/*!40000 ALTER TABLE `toc_orders_total` ENABLE KEYS */;
UNLOCK TABLES;

--
-- Table structure for table `toc_orders_transactions_history`
--

DROP TABLE IF EXISTS `toc_orders_transactions_history`;
/*!40101 SET @saved_cs_client     = @@character_set_client */;
/*!40101 SET character_set_client = utf8 */;
CREATE TABLE `toc_orders_transactions_history` (
  `id` int(10) unsigned NOT NULL AUTO_INCREMENT,
  `orders_id` int(10) unsigned NOT NULL,
  `transaction_code` int(11) NOT NULL,
  `transaction_return_value` text NOT NULL,
  `transaction_return_status` int(11) NOT NULL,
  `date_added` datetime DEFAULT NULL,
  PRIMARY KEY (`id`),
  KEY `idx_orders_transactions_history_orders_id` (`orders_id`)
) ENGINE=MyISAM DEFAULT CHARSET=utf8;
/*!40101 SET character_set_client = @saved_cs_client */;

--
-- Dumping data for table `toc_orders_transactions_history`
--

LOCK TABLES `toc_orders_transactions_history` WRITE;
/*!40000 ALTER TABLE `toc_orders_transactions_history` DISABLE KEYS */;
/*!40000 ALTER TABLE `toc_orders_transactions_history` ENABLE KEYS */;
UNLOCK TABLES;

--
-- Table structure for table `toc_orders_transactions_status`
--

DROP TABLE IF EXISTS `toc_orders_transactions_status`;
/*!40101 SET @saved_cs_client     = @@character_set_client */;
/*!40101 SET character_set_client = utf8 */;
CREATE TABLE `toc_orders_transactions_status` (
  `id` int(10) unsigned NOT NULL,
  `language_id` int(10) unsigned NOT NULL,
  `status_name` varchar(32) NOT NULL,
  PRIMARY KEY (`id`,`language_id`),
  KEY `idx_orders_transactions_status_name` (`status_name`)
) ENGINE=MyISAM DEFAULT CHARSET=utf8;
/*!40101 SET character_set_client = @saved_cs_client */;

--
-- Dumping data for table `toc_orders_transactions_status`
--

LOCK TABLES `toc_orders_transactions_status` WRITE;
/*!40000 ALTER TABLE `toc_orders_transactions_status` DISABLE KEYS */;
INSERT INTO `toc_orders_transactions_status` VALUES (1,1,'Authorize'),(2,1,'Cancel'),(3,1,'Approve'),(4,1,'Inquiry');
/*!40000 ALTER TABLE `toc_orders_transactions_status` ENABLE KEYS */;
UNLOCK TABLES;

--
-- Table structure for table `toc_piwik_access`
--

DROP TABLE IF EXISTS `toc_piwik_access`;
/*!40101 SET @saved_cs_client     = @@character_set_client */;
/*!40101 SET character_set_client = utf8 */;
CREATE TABLE `toc_piwik_access` (
  `login` varchar(100) NOT NULL,
  `idsite` int(10) unsigned NOT NULL,
  `access` varchar(10) DEFAULT NULL,
  PRIMARY KEY (`login`,`idsite`)
) ENGINE=MyISAM DEFAULT CHARSET=utf8;
/*!40101 SET character_set_client = @saved_cs_client */;

--
-- Dumping data for table `toc_piwik_access`
--

LOCK TABLES `toc_piwik_access` WRITE;
/*!40000 ALTER TABLE `toc_piwik_access` DISABLE KEYS */;
INSERT INTO `toc_piwik_access` VALUES ('toc_piwik_view',1,'view');
/*!40000 ALTER TABLE `toc_piwik_access` ENABLE KEYS */;
UNLOCK TABLES;

--
-- Table structure for table `toc_piwik_archive_blob_2015_09`
--

DROP TABLE IF EXISTS `toc_piwik_archive_blob_2015_09`;
/*!40101 SET @saved_cs_client     = @@character_set_client */;
/*!40101 SET character_set_client = utf8 */;
CREATE TABLE `toc_piwik_archive_blob_2015_09` (
  `idarchive` int(10) unsigned NOT NULL,
  `name` varchar(255) NOT NULL,
  `idsite` int(10) unsigned DEFAULT NULL,
  `date1` date DEFAULT NULL,
  `date2` date DEFAULT NULL,
  `period` tinyint(3) unsigned DEFAULT NULL,
  `ts_archived` datetime DEFAULT NULL,
  `value` mediumblob,
  PRIMARY KEY (`idarchive`,`name`),
  KEY `index_period_archived` (`period`,`ts_archived`)
) ENGINE=InnoDB DEFAULT CHARSET=utf8;
/*!40101 SET character_set_client = @saved_cs_client */;

--
-- Dumping data for table `toc_piwik_archive_blob_2015_09`
--

LOCK TABLES `toc_piwik_archive_blob_2015_09` WRITE;
/*!40000 ALTER TABLE `toc_piwik_archive_blob_2015_09` DISABLE KEYS */;
/*!40000 ALTER TABLE `toc_piwik_archive_blob_2015_09` ENABLE KEYS */;
UNLOCK TABLES;

--
-- Table structure for table `toc_piwik_archive_blob_2015_10`
--

DROP TABLE IF EXISTS `toc_piwik_archive_blob_2015_10`;
/*!40101 SET @saved_cs_client     = @@character_set_client */;
/*!40101 SET character_set_client = utf8 */;
CREATE TABLE `toc_piwik_archive_blob_2015_10` (
  `idarchive` int(10) unsigned NOT NULL,
  `name` varchar(255) NOT NULL,
  `idsite` int(10) unsigned DEFAULT NULL,
  `date1` date DEFAULT NULL,
  `date2` date DEFAULT NULL,
  `period` tinyint(3) unsigned DEFAULT NULL,
  `ts_archived` datetime DEFAULT NULL,
  `value` mediumblob,
  PRIMARY KEY (`idarchive`,`name`),
  KEY `index_period_archived` (`period`,`ts_archived`)
) ENGINE=InnoDB DEFAULT CHARSET=utf8;
/*!40101 SET character_set_client = @saved_cs_client */;

--
-- Dumping data for table `toc_piwik_archive_blob_2015_10`
--

LOCK TABLES `toc_piwik_archive_blob_2015_10` WRITE;
/*!40000 ALTER TABLE `toc_piwik_archive_blob_2015_10` DISABLE KEYS */;
/*!40000 ALTER TABLE `toc_piwik_archive_blob_2015_10` ENABLE KEYS */;
UNLOCK TABLES;

--
-- Table structure for table `toc_piwik_archive_blob_2015_11`
--

DROP TABLE IF EXISTS `toc_piwik_archive_blob_2015_11`;
/*!40101 SET @saved_cs_client     = @@character_set_client */;
/*!40101 SET character_set_client = utf8 */;
CREATE TABLE `toc_piwik_archive_blob_2015_11` (
  `idarchive` int(10) unsigned NOT NULL,
  `name` varchar(255) NOT NULL,
  `idsite` int(10) unsigned DEFAULT NULL,
  `date1` date DEFAULT NULL,
  `date2` date DEFAULT NULL,
  `period` tinyint(3) unsigned DEFAULT NULL,
  `ts_archived` datetime DEFAULT NULL,
  `value` mediumblob,
  PRIMARY KEY (`idarchive`,`name`),
  KEY `index_period_archived` (`period`,`ts_archived`)
) ENGINE=InnoDB DEFAULT CHARSET=utf8;
/*!40101 SET character_set_client = @saved_cs_client */;

--
-- Dumping data for table `toc_piwik_archive_blob_2015_11`
--

LOCK TABLES `toc_piwik_archive_blob_2015_11` WRITE;
/*!40000 ALTER TABLE `toc_piwik_archive_blob_2015_11` DISABLE KEYS */;
/*!40000 ALTER TABLE `toc_piwik_archive_blob_2015_11` ENABLE KEYS */;
UNLOCK TABLES;

--
-- Table structure for table `toc_piwik_archive_numeric_2015_09`
--

DROP TABLE IF EXISTS `toc_piwik_archive_numeric_2015_09`;
/*!40101 SET @saved_cs_client     = @@character_set_client */;
/*!40101 SET character_set_client = utf8 */;
CREATE TABLE `toc_piwik_archive_numeric_2015_09` (
  `idarchive` int(10) unsigned NOT NULL,
  `name` varchar(255) NOT NULL,
  `idsite` int(10) unsigned DEFAULT NULL,
  `date1` date DEFAULT NULL,
  `date2` date DEFAULT NULL,
  `period` tinyint(3) unsigned DEFAULT NULL,
  `ts_archived` datetime DEFAULT NULL,
  `value` float DEFAULT NULL,
  PRIMARY KEY (`idarchive`,`name`),
  KEY `index_idsite_dates_period` (`idsite`,`date1`,`date2`,`period`),
  KEY `index_period_archived` (`period`,`ts_archived`)
) ENGINE=InnoDB DEFAULT CHARSET=utf8;
/*!40101 SET character_set_client = @saved_cs_client */;

--
-- Dumping data for table `toc_piwik_archive_numeric_2015_09`
--

LOCK TABLES `toc_piwik_archive_numeric_2015_09` WRITE;
/*!40000 ALTER TABLE `toc_piwik_archive_numeric_2015_09` DISABLE KEYS */;
INSERT INTO `toc_piwik_archive_numeric_2015_09` VALUES (1,'done',1,'2015-09-06','2015-09-06',1,'2015-09-07 16:22:44',1),(2,'done',1,'2015-09-07','2015-09-07',1,'2015-09-07 16:22:44',1),(3,'done',1,'2015-09-07','2015-09-07',1,'2015-09-07 17:24:10',1),(4,'done',1,'2015-09-07','2015-09-07',1,'2015-09-07 17:25:40',1),(5,'done',1,'2015-09-07','2015-09-07',1,'2015-09-07 17:39:10',1),(6,'done',1,'2015-09-07','2015-09-07',1,'2015-09-07 17:39:29',1),(7,'done',1,'2015-09-07','2015-09-07',1,'2015-09-07 17:40:10',1),(8,'done',1,'2015-09-07','2015-09-07',1,'2015-09-07 17:41:40',1),(9,'done',1,'2015-09-07','2015-09-07',1,'2015-09-08 12:10:21',1),(10,'done',1,'2015-09-08','2015-09-08',1,'2015-09-08 12:10:21',1),(11,'done',1,'2015-09-08','2015-09-08',1,'2015-09-08 14:51:13',1),(12,'done',1,'2015-09-08','2015-09-08',1,'2015-09-08 14:52:13',1),(13,'done',1,'2015-09-08','2015-09-08',1,'2015-09-08 14:57:49',1),(14,'done',1,'2015-09-08','2015-09-08',1,'2015-09-08 16:29:02',1),(15,'done',1,'2015-09-08','2015-09-08',1,'2015-09-08 16:55:01',1),(16,'done',1,'2015-09-08','2015-09-08',1,'2015-09-08 16:55:31',1),(17,'done',1,'2015-09-08','2015-09-08',1,'2015-09-09 14:00:56',1),(18,'done',1,'2015-09-09','2015-09-09',1,'2015-09-09 14:00:56',1),(19,'done',1,'2015-09-09','2015-09-09',1,'2015-09-14 12:04:03',1),(20,'done',1,'2015-09-10','2015-09-10',1,'2015-09-14 12:04:03',1),(21,'done',1,'2015-09-11','2015-09-11',1,'2015-09-14 12:04:03',1),(22,'done',1,'2015-09-12','2015-09-12',1,'2015-09-14 12:04:03',1),(23,'done',1,'2015-09-13','2015-09-13',1,'2015-09-14 12:04:03',1),(24,'done',1,'2015-09-14','2015-09-14',1,'2015-09-14 12:04:03',1),(25,'done',1,'2015-09-14','2015-09-14',1,'2015-09-17 15:09:49',1),(26,'done',1,'2015-09-15','2015-09-15',1,'2015-09-17 15:09:49',1),(27,'done',1,'2015-09-16','2015-09-16',1,'2015-09-17 15:09:49',1),(28,'done',1,'2015-09-17','2015-09-17',1,'2015-09-17 15:09:49',1),(29,'done',1,'2015-09-17','2015-09-17',1,'2015-09-17 16:11:10',1),(30,'done',1,'2015-09-17','2015-09-17',1,'2015-09-17 16:33:38',1),(31,'done',1,'2015-09-17','2015-09-17',1,'2015-09-18 09:15:27',1),(32,'done',1,'2015-09-18','2015-09-18',1,'2015-09-18 09:15:27',1),(33,'done',1,'2015-09-18','2015-09-18',1,'2015-09-25 15:13:57',1),(34,'done',1,'2015-09-19','2015-09-19',1,'2015-09-25 15:13:57',1),(35,'done',1,'2015-09-20','2015-09-20',1,'2015-09-25 15:13:57',1),(36,'done',1,'2015-09-21','2015-09-21',1,'2015-09-25 15:13:57',1),(37,'done',1,'2015-09-22','2015-09-22',1,'2015-09-25 15:13:57',1),(38,'done',1,'2015-09-23','2015-09-23',1,'2015-09-25 15:13:57',1),(39,'done',1,'2015-09-24','2015-09-24',1,'2015-09-25 15:13:58',1),(40,'done',1,'2015-09-25','2015-09-25',1,'2015-09-25 15:13:58',1),(41,'done',1,'2015-09-25','2015-09-25',1,'2015-09-25 15:14:49',1),(42,'done',1,'2015-09-25','2015-09-25',1,'2015-10-02 15:21:44',1),(43,'done',1,'2015-09-26','2015-09-26',1,'2015-10-02 15:21:44',1),(44,'done',1,'2015-09-27','2015-09-27',1,'2015-10-02 15:21:44',1),(45,'done',1,'2015-09-28','2015-09-28',1,'2015-10-02 15:21:44',1),(46,'done',1,'2015-09-29','2015-09-29',1,'2015-10-02 15:21:44',1),(47,'done',1,'2015-09-30','2015-09-30',1,'2015-10-02 15:21:44',1);
/*!40000 ALTER TABLE `toc_piwik_archive_numeric_2015_09` ENABLE KEYS */;
UNLOCK TABLES;

--
-- Table structure for table `toc_piwik_archive_numeric_2015_10`
--

DROP TABLE IF EXISTS `toc_piwik_archive_numeric_2015_10`;
/*!40101 SET @saved_cs_client     = @@character_set_client */;
/*!40101 SET character_set_client = utf8 */;
CREATE TABLE `toc_piwik_archive_numeric_2015_10` (
  `idarchive` int(10) unsigned NOT NULL,
  `name` varchar(255) NOT NULL,
  `idsite` int(10) unsigned DEFAULT NULL,
  `date1` date DEFAULT NULL,
  `date2` date DEFAULT NULL,
  `period` tinyint(3) unsigned DEFAULT NULL,
  `ts_archived` datetime DEFAULT NULL,
  `value` float DEFAULT NULL,
  PRIMARY KEY (`idarchive`,`name`),
  KEY `index_idsite_dates_period` (`idsite`,`date1`,`date2`,`period`),
  KEY `index_period_archived` (`period`,`ts_archived`)
) ENGINE=InnoDB DEFAULT CHARSET=utf8;
/*!40101 SET character_set_client = @saved_cs_client */;

--
-- Dumping data for table `toc_piwik_archive_numeric_2015_10`
--

LOCK TABLES `toc_piwik_archive_numeric_2015_10` WRITE;
/*!40000 ALTER TABLE `toc_piwik_archive_numeric_2015_10` DISABLE KEYS */;
INSERT INTO `toc_piwik_archive_numeric_2015_10` VALUES (1,'done',1,'2015-10-01','2015-10-01',1,'2015-10-02 15:21:45',1),(2,'done',1,'2015-10-02','2015-10-02',1,'2015-10-02 15:21:45',1),(3,'done',1,'2015-10-02','2015-10-02',1,'2015-10-02 16:59:01',1),(4,'done',1,'2015-10-07','2015-10-07',1,'2015-10-21 14:38:20',1),(5,'done',1,'2015-10-08','2015-10-08',1,'2015-10-21 14:38:20',1),(6,'done',1,'2015-10-09','2015-10-09',1,'2015-10-21 14:38:20',1),(7,'done',1,'2015-10-10','2015-10-10',1,'2015-10-21 14:38:20',1),(8,'done',1,'2015-10-11','2015-10-11',1,'2015-10-21 14:38:20',1),(9,'done',1,'2015-10-12','2015-10-12',1,'2015-10-21 14:38:20',1),(10,'done',1,'2015-10-13','2015-10-13',1,'2015-10-21 14:38:21',1),(11,'done',1,'2015-10-14','2015-10-14',1,'2015-10-21 14:38:21',1),(12,'done',1,'2015-10-15','2015-10-15',1,'2015-10-21 14:38:21',1),(13,'done',1,'2015-10-16','2015-10-16',1,'2015-10-21 14:38:21',1),(14,'done',1,'2015-10-17','2015-10-17',1,'2015-10-21 14:38:21',1),(15,'done',1,'2015-10-18','2015-10-18',1,'2015-10-21 14:38:21',1),(16,'done',1,'2015-10-19','2015-10-19',1,'2015-10-21 14:38:21',1),(17,'done',1,'2015-10-20','2015-10-20',1,'2015-10-21 14:38:21',1),(18,'done',1,'2015-10-21','2015-10-21',1,'2015-10-21 14:38:21',1),(19,'done',1,'2015-10-21','2015-10-21',1,'2015-10-21 14:39:44',1),(20,'done',1,'2015-10-21','2015-10-21',1,'2015-10-21 14:41:34',1),(21,'done',1,'2015-10-21','2015-10-21',1,'2015-10-23 09:25:08',1),(22,'done',1,'2015-10-22','2015-10-22',1,'2015-10-23 09:25:08',1),(23,'done',1,'2015-10-23','2015-10-23',1,'2015-10-23 09:25:08',1),(24,'done',1,'2015-10-23','2015-10-23',1,'2015-10-23 09:27:28',1),(25,'done',1,'2015-10-23','2015-10-23',1,'2015-10-23 09:35:12',1),(26,'done',1,'2015-10-23','2015-10-23',1,'2015-10-23 09:35:32',1),(27,'done',1,'2015-10-23','2015-10-23',1,'2015-10-23 09:37:07',1),(28,'done',1,'2015-10-23','2015-10-23',1,'2015-10-23 09:45:28',1),(29,'done',1,'2015-10-23','2015-10-23',1,'2015-10-23 09:49:35',1),(30,'done',1,'2015-10-23','2015-10-23',1,'2015-10-23 09:51:53',1),(31,'done',1,'2015-10-23','2015-10-23',1,'2015-10-23 10:04:49',1),(32,'done',1,'2015-10-23','2015-10-23',1,'2015-10-23 10:29:22',1),(33,'done',1,'2015-10-23','2015-10-23',1,'2015-11-03 17:22:53',1),(34,'done',1,'2015-10-24','2015-10-24',1,'2015-11-03 17:22:53',1),(35,'done',1,'2015-10-25','2015-10-25',1,'2015-11-03 17:22:53',1),(36,'done',1,'2015-10-26','2015-10-26',1,'2015-11-03 17:22:53',1),(37,'done',1,'2015-10-27','2015-10-27',1,'2015-11-03 17:22:53',1),(38,'done',1,'2015-10-28','2015-10-28',1,'2015-11-03 17:22:53',1),(39,'done',1,'2015-10-29','2015-10-29',1,'2015-11-03 17:22:53',1),(40,'done',1,'2015-10-30','2015-10-30',1,'2015-11-03 17:22:53',1),(41,'done',1,'2015-10-31','2015-10-31',1,'2015-11-03 17:22:53',1);
/*!40000 ALTER TABLE `toc_piwik_archive_numeric_2015_10` ENABLE KEYS */;
UNLOCK TABLES;

--
-- Table structure for table `toc_piwik_archive_numeric_2015_11`
--

DROP TABLE IF EXISTS `toc_piwik_archive_numeric_2015_11`;
/*!40101 SET @saved_cs_client     = @@character_set_client */;
/*!40101 SET character_set_client = utf8 */;
CREATE TABLE `toc_piwik_archive_numeric_2015_11` (
  `idarchive` int(10) unsigned NOT NULL,
  `name` varchar(255) NOT NULL,
  `idsite` int(10) unsigned DEFAULT NULL,
  `date1` date DEFAULT NULL,
  `date2` date DEFAULT NULL,
  `period` tinyint(3) unsigned DEFAULT NULL,
  `ts_archived` datetime DEFAULT NULL,
  `value` float DEFAULT NULL,
  PRIMARY KEY (`idarchive`,`name`),
  KEY `index_idsite_dates_period` (`idsite`,`date1`,`date2`,`period`),
  KEY `index_period_archived` (`period`,`ts_archived`)
) ENGINE=InnoDB DEFAULT CHARSET=utf8;
/*!40101 SET character_set_client = @saved_cs_client */;

--
-- Dumping data for table `toc_piwik_archive_numeric_2015_11`
--

LOCK TABLES `toc_piwik_archive_numeric_2015_11` WRITE;
/*!40000 ALTER TABLE `toc_piwik_archive_numeric_2015_11` DISABLE KEYS */;
INSERT INTO `toc_piwik_archive_numeric_2015_11` VALUES (1,'done',1,'2015-11-01','2015-11-01',1,'2015-11-03 17:22:53',1),(2,'done',1,'2015-11-02','2015-11-02',1,'2015-11-03 17:22:54',1),(3,'done',1,'2015-11-03','2015-11-03',1,'2015-11-03 17:22:54',1);
/*!40000 ALTER TABLE `toc_piwik_archive_numeric_2015_11` ENABLE KEYS */;
UNLOCK TABLES;

--
-- Table structure for table `toc_piwik_goal`
--

DROP TABLE IF EXISTS `toc_piwik_goal`;
/*!40101 SET @saved_cs_client     = @@character_set_client */;
/*!40101 SET character_set_client = utf8 */;
CREATE TABLE `toc_piwik_goal` (
  `idsite` int(11) NOT NULL,
  `idgoal` int(11) NOT NULL,
  `name` varchar(50) NOT NULL,
  `match_attribute` varchar(20) NOT NULL,
  `pattern` varchar(255) NOT NULL,
  `pattern_type` varchar(10) NOT NULL,
  `case_sensitive` tinyint(4) NOT NULL,
  `revenue` float NOT NULL,
  `deleted` tinyint(4) NOT NULL DEFAULT '0',
  PRIMARY KEY (`idsite`,`idgoal`)
) ENGINE=MyISAM DEFAULT CHARSET=utf8;
/*!40101 SET character_set_client = @saved_cs_client */;

--
-- Dumping data for table `toc_piwik_goal`
--

LOCK TABLES `toc_piwik_goal` WRITE;
/*!40000 ALTER TABLE `toc_piwik_goal` DISABLE KEYS */;
/*!40000 ALTER TABLE `toc_piwik_goal` ENABLE KEYS */;
UNLOCK TABLES;

--
-- Table structure for table `toc_piwik_log_action`
--

DROP TABLE IF EXISTS `toc_piwik_log_action`;
/*!40101 SET @saved_cs_client     = @@character_set_client */;
/*!40101 SET character_set_client = utf8 */;
CREATE TABLE `toc_piwik_log_action` (
  `idaction` int(10) unsigned NOT NULL AUTO_INCREMENT,
  `name` text,
  `hash` int(10) unsigned NOT NULL,
  `type` tinyint(3) unsigned DEFAULT NULL,
  PRIMARY KEY (`idaction`),
  KEY `index_type_hash` (`type`,`hash`)
) ENGINE=MyISAM DEFAULT CHARSET=utf8;
/*!40101 SET character_set_client = @saved_cs_client */;

--
-- Dumping data for table `toc_piwik_log_action`
--

LOCK TABLES `toc_piwik_log_action` WRITE;
/*!40000 ALTER TABLE `toc_piwik_log_action` DISABLE KEYS */;
/*!40000 ALTER TABLE `toc_piwik_log_action` ENABLE KEYS */;
UNLOCK TABLES;

--
-- Table structure for table `toc_piwik_log_conversion`
--

DROP TABLE IF EXISTS `toc_piwik_log_conversion`;
/*!40101 SET @saved_cs_client     = @@character_set_client */;
/*!40101 SET character_set_client = utf8 */;
CREATE TABLE `toc_piwik_log_conversion` (
  `idvisit` int(10) unsigned NOT NULL,
  `idsite` int(10) unsigned NOT NULL,
  `visitor_idcookie` char(32) NOT NULL,
  `server_time` datetime NOT NULL,
  `visit_server_date` date NOT NULL,
  `idaction_url` int(11) DEFAULT NULL,
  `idlink_va` int(11) DEFAULT NULL,
  `referer_idvisit` int(10) unsigned DEFAULT NULL,
  `referer_visit_server_date` date DEFAULT NULL,
  `referer_type` int(10) unsigned DEFAULT NULL,
  `referer_name` varchar(70) DEFAULT NULL,
  `referer_keyword` varchar(255) DEFAULT NULL,
  `visitor_returning` tinyint(1) NOT NULL,
  `location_country` char(3) NOT NULL,
  `location_continent` char(3) NOT NULL,
  `url` text NOT NULL,
  `idgoal` int(10) unsigned NOT NULL,
  `revenue` float DEFAULT NULL,
  PRIMARY KEY (`idvisit`,`idgoal`),
  KEY `index_idsite_date` (`idsite`,`visit_server_date`)
) ENGINE=MyISAM DEFAULT CHARSET=utf8;
/*!40101 SET character_set_client = @saved_cs_client */;

--
-- Dumping data for table `toc_piwik_log_conversion`
--

LOCK TABLES `toc_piwik_log_conversion` WRITE;
/*!40000 ALTER TABLE `toc_piwik_log_conversion` DISABLE KEYS */;
/*!40000 ALTER TABLE `toc_piwik_log_conversion` ENABLE KEYS */;
UNLOCK TABLES;

--
-- Table structure for table `toc_piwik_log_link_visit_action`
--

DROP TABLE IF EXISTS `toc_piwik_log_link_visit_action`;
/*!40101 SET @saved_cs_client     = @@character_set_client */;
/*!40101 SET character_set_client = utf8 */;
CREATE TABLE `toc_piwik_log_link_visit_action` (
  `idlink_va` int(11) NOT NULL AUTO_INCREMENT,
  `idvisit` int(10) unsigned NOT NULL,
  `idaction_url` int(10) unsigned NOT NULL,
  `idaction_url_ref` int(10) unsigned NOT NULL,
  `idaction_name` int(10) unsigned DEFAULT NULL,
  `time_spent_ref_action` int(10) unsigned NOT NULL,
  PRIMARY KEY (`idlink_va`),
  KEY `index_idvisit` (`idvisit`)
) ENGINE=MyISAM DEFAULT CHARSET=utf8;
/*!40101 SET character_set_client = @saved_cs_client */;

--
-- Dumping data for table `toc_piwik_log_link_visit_action`
--

LOCK TABLES `toc_piwik_log_link_visit_action` WRITE;
/*!40000 ALTER TABLE `toc_piwik_log_link_visit_action` DISABLE KEYS */;
/*!40000 ALTER TABLE `toc_piwik_log_link_visit_action` ENABLE KEYS */;
UNLOCK TABLES;

--
-- Table structure for table `toc_piwik_log_profiling`
--

DROP TABLE IF EXISTS `toc_piwik_log_profiling`;
/*!40101 SET @saved_cs_client     = @@character_set_client */;
/*!40101 SET character_set_client = utf8 */;
CREATE TABLE `toc_piwik_log_profiling` (
  `query` text NOT NULL,
  `count` int(10) unsigned DEFAULT NULL,
  `sum_time_ms` float DEFAULT NULL,
  UNIQUE KEY `query` (`query`(100))
) ENGINE=MyISAM DEFAULT CHARSET=utf8;
/*!40101 SET character_set_client = @saved_cs_client */;

--
-- Dumping data for table `toc_piwik_log_profiling`
--

LOCK TABLES `toc_piwik_log_profiling` WRITE;
/*!40000 ALTER TABLE `toc_piwik_log_profiling` DISABLE KEYS */;
/*!40000 ALTER TABLE `toc_piwik_log_profiling` ENABLE KEYS */;
UNLOCK TABLES;

--
-- Table structure for table `toc_piwik_log_visit`
--

DROP TABLE IF EXISTS `toc_piwik_log_visit`;
/*!40101 SET @saved_cs_client     = @@character_set_client */;
/*!40101 SET character_set_client = utf8 */;
CREATE TABLE `toc_piwik_log_visit` (
  `idvisit` int(10) unsigned NOT NULL AUTO_INCREMENT,
  `idsite` int(10) unsigned NOT NULL,
  `visitor_localtime` time NOT NULL,
  `visitor_idcookie` char(32) NOT NULL,
  `visitor_returning` tinyint(1) NOT NULL,
  `visit_first_action_time` datetime NOT NULL,
  `visit_last_action_time` datetime NOT NULL,
  `visit_server_date` date NOT NULL,
  `visit_exit_idaction_url` int(11) NOT NULL,
  `visit_entry_idaction_url` int(11) NOT NULL,
  `visit_total_actions` smallint(5) unsigned NOT NULL,
  `visit_total_time` smallint(5) unsigned NOT NULL,
  `visit_goal_converted` tinyint(1) NOT NULL,
  `referer_type` int(10) unsigned DEFAULT NULL,
  `referer_name` varchar(70) DEFAULT NULL,
  `referer_url` text NOT NULL,
  `referer_keyword` varchar(255) DEFAULT NULL,
  `config_md5config` char(32) NOT NULL,
  `config_os` char(3) NOT NULL,
  `config_browser_name` varchar(10) NOT NULL,
  `config_browser_version` varchar(20) NOT NULL,
  `config_resolution` varchar(9) NOT NULL,
  `config_pdf` tinyint(1) NOT NULL,
  `config_flash` tinyint(1) NOT NULL,
  `config_java` tinyint(1) NOT NULL,
  `config_director` tinyint(1) NOT NULL,
  `config_quicktime` tinyint(1) NOT NULL,
  `config_realplayer` tinyint(1) NOT NULL,
  `config_windowsmedia` tinyint(1) NOT NULL,
  `config_gears` tinyint(1) NOT NULL,
  `config_silverlight` tinyint(1) NOT NULL,
  `config_cookie` tinyint(1) NOT NULL,
  `location_ip` bigint(20) unsigned NOT NULL,
  `location_browser_lang` varchar(20) NOT NULL,
  `location_country` char(3) NOT NULL,
  `location_continent` char(3) NOT NULL,
  `location_provider` varchar(100) DEFAULT NULL,
  PRIMARY KEY (`idvisit`),
  KEY `index_idsite_date_config` (`idsite`,`visit_server_date`,`config_md5config`(8))
) ENGINE=MyISAM DEFAULT CHARSET=utf8;
/*!40101 SET character_set_client = @saved_cs_client */;

--
-- Dumping data for table `toc_piwik_log_visit`
--

LOCK TABLES `toc_piwik_log_visit` WRITE;
/*!40000 ALTER TABLE `toc_piwik_log_visit` DISABLE KEYS */;
/*!40000 ALTER TABLE `toc_piwik_log_visit` ENABLE KEYS */;
UNLOCK TABLES;

--
-- Table structure for table `toc_piwik_logger_api_call`
--

DROP TABLE IF EXISTS `toc_piwik_logger_api_call`;
/*!40101 SET @saved_cs_client     = @@character_set_client */;
/*!40101 SET character_set_client = utf8 */;
CREATE TABLE `toc_piwik_logger_api_call` (
  `idlogger_api_call` int(10) unsigned NOT NULL AUTO_INCREMENT,
  `class_name` varchar(255) DEFAULT NULL,
  `method_name` varchar(255) DEFAULT NULL,
  `parameter_names_default_values` text,
  `parameter_values` text,
  `execution_time` float DEFAULT NULL,
  `caller_ip` bigint(20) unsigned DEFAULT NULL,
  `timestamp` timestamp NULL DEFAULT NULL,
  `returned_value` text,
  PRIMARY KEY (`idlogger_api_call`)
) ENGINE=MyISAM DEFAULT CHARSET=utf8;
/*!40101 SET character_set_client = @saved_cs_client */;

--
-- Dumping data for table `toc_piwik_logger_api_call`
--

LOCK TABLES `toc_piwik_logger_api_call` WRITE;
/*!40000 ALTER TABLE `toc_piwik_logger_api_call` DISABLE KEYS */;
/*!40000 ALTER TABLE `toc_piwik_logger_api_call` ENABLE KEYS */;
UNLOCK TABLES;

--
-- Table structure for table `toc_piwik_logger_error`
--

DROP TABLE IF EXISTS `toc_piwik_logger_error`;
/*!40101 SET @saved_cs_client     = @@character_set_client */;
/*!40101 SET character_set_client = utf8 */;
CREATE TABLE `toc_piwik_logger_error` (
  `idlogger_error` int(10) unsigned NOT NULL AUTO_INCREMENT,
  `timestamp` timestamp NULL DEFAULT NULL,
  `message` text,
  `errno` int(10) unsigned DEFAULT NULL,
  `errline` int(10) unsigned DEFAULT NULL,
  `errfile` varchar(255) DEFAULT NULL,
  `backtrace` text,
  PRIMARY KEY (`idlogger_error`)
) ENGINE=MyISAM DEFAULT CHARSET=utf8;
/*!40101 SET character_set_client = @saved_cs_client */;

--
-- Dumping data for table `toc_piwik_logger_error`
--

LOCK TABLES `toc_piwik_logger_error` WRITE;
/*!40000 ALTER TABLE `toc_piwik_logger_error` DISABLE KEYS */;
/*!40000 ALTER TABLE `toc_piwik_logger_error` ENABLE KEYS */;
UNLOCK TABLES;

--
-- Table structure for table `toc_piwik_logger_exception`
--

DROP TABLE IF EXISTS `toc_piwik_logger_exception`;
/*!40101 SET @saved_cs_client     = @@character_set_client */;
/*!40101 SET character_set_client = utf8 */;
CREATE TABLE `toc_piwik_logger_exception` (
  `idlogger_exception` int(10) unsigned NOT NULL AUTO_INCREMENT,
  `timestamp` timestamp NULL DEFAULT NULL,
  `message` text,
  `errno` int(10) unsigned DEFAULT NULL,
  `errline` int(10) unsigned DEFAULT NULL,
  `errfile` varchar(255) DEFAULT NULL,
  `backtrace` text,
  PRIMARY KEY (`idlogger_exception`)
) ENGINE=MyISAM DEFAULT CHARSET=utf8;
/*!40101 SET character_set_client = @saved_cs_client */;

--
-- Dumping data for table `toc_piwik_logger_exception`
--

LOCK TABLES `toc_piwik_logger_exception` WRITE;
/*!40000 ALTER TABLE `toc_piwik_logger_exception` DISABLE KEYS */;
/*!40000 ALTER TABLE `toc_piwik_logger_exception` ENABLE KEYS */;
UNLOCK TABLES;

--
-- Table structure for table `toc_piwik_logger_message`
--

DROP TABLE IF EXISTS `toc_piwik_logger_message`;
/*!40101 SET @saved_cs_client     = @@character_set_client */;
/*!40101 SET character_set_client = utf8 */;
CREATE TABLE `toc_piwik_logger_message` (
  `idlogger_message` int(10) unsigned NOT NULL AUTO_INCREMENT,
  `timestamp` timestamp NULL DEFAULT NULL,
  `message` text,
  PRIMARY KEY (`idlogger_message`)
) ENGINE=MyISAM DEFAULT CHARSET=utf8;
/*!40101 SET character_set_client = @saved_cs_client */;

--
-- Dumping data for table `toc_piwik_logger_message`
--

LOCK TABLES `toc_piwik_logger_message` WRITE;
/*!40000 ALTER TABLE `toc_piwik_logger_message` DISABLE KEYS */;
/*!40000 ALTER TABLE `toc_piwik_logger_message` ENABLE KEYS */;
UNLOCK TABLES;

--
-- Table structure for table `toc_piwik_option`
--

DROP TABLE IF EXISTS `toc_piwik_option`;
/*!40101 SET @saved_cs_client     = @@character_set_client */;
/*!40101 SET character_set_client = utf8 */;
CREATE TABLE `toc_piwik_option` (
  `option_name` varchar(64) NOT NULL,
  `option_value` longtext NOT NULL,
  `autoload` tinyint(4) NOT NULL DEFAULT '1',
  PRIMARY KEY (`option_name`)
) ENGINE=MyISAM DEFAULT CHARSET=utf8;
/*!40101 SET character_set_client = @saved_cs_client */;

--
-- Dumping data for table `toc_piwik_option`
--

LOCK TABLES `toc_piwik_option` WRITE;
/*!40000 ALTER TABLE `toc_piwik_option` DISABLE KEYS */;
INSERT INTO `toc_piwik_option` VALUES ('version_core','0.5.5',1),('version_CoreAdminHome','0.5.5',1),('version_Login','0.5.5',1),('version_UsersManager','0.5.5',1),('version_SitesManager','0.5.5',1),('version_Installation','0.5.5',1),('UpdateCheck_LatestVersion','',0),('UpdateCheck_LastTimeChecked','1446567772',1),('version_CorePluginsAdmin','0.5.5',1),('version_CoreHome','0.5.5',1),('version_API','0.5.5',1),('version_Widgetize','0.5.5',1),('version_LanguagesManager','0.5.5',1),('version_Actions','0.5.5',1),('version_Dashboard','0.5.5',1),('version_MultiSites','0.5.5',1),('version_Referers','0.5.5',1),('version_UserSettings','0.5.5',1),('version_UserCountry','0.5.5',1),('version_VisitsSummary','0.5.5',1),('version_VisitFrequency','0.5.5',1),('version_VisitTime','0.5.5',1),('version_VisitorInterest','0.5.5',1),('version_ExampleAPI','0.1',1),('version_ExamplePlugin','0.1',1),('version_ExampleRssWidget','0.1',1),('version_ExampleFeedburner','0.1',1),('version_Provider','0.5.5',1),('version_Feedback','0.5.5',1),('version_CoreUpdater','0.5.5',1);
/*!40000 ALTER TABLE `toc_piwik_option` ENABLE KEYS */;
UNLOCK TABLES;

--
-- Table structure for table `toc_piwik_site`
--

DROP TABLE IF EXISTS `toc_piwik_site`;
/*!40101 SET @saved_cs_client     = @@character_set_client */;
/*!40101 SET character_set_client = utf8 */;
CREATE TABLE `toc_piwik_site` (
  `idsite` int(10) unsigned NOT NULL AUTO_INCREMENT,
  `name` varchar(90) NOT NULL,
  `main_url` varchar(255) NOT NULL,
  `ts_created` timestamp NOT NULL DEFAULT CURRENT_TIMESTAMP,
  `feedburnerName` varchar(100) DEFAULT NULL,
  PRIMARY KEY (`idsite`)
) ENGINE=MyISAM AUTO_INCREMENT=2 DEFAULT CHARSET=utf8;
/*!40101 SET character_set_client = @saved_cs_client */;

--
-- Dumping data for table `toc_piwik_site`
--

LOCK TABLES `toc_piwik_site` WRITE;
/*!40000 ALTER TABLE `toc_piwik_site` DISABLE KEYS */;
INSERT INTO `toc_piwik_site` VALUES (1,'TestStore','http://127.0.0.1','2015-09-07 08:12:38',NULL);
/*!40000 ALTER TABLE `toc_piwik_site` ENABLE KEYS */;
UNLOCK TABLES;

--
-- Table structure for table `toc_piwik_site_url`
--

DROP TABLE IF EXISTS `toc_piwik_site_url`;
/*!40101 SET @saved_cs_client     = @@character_set_client */;
/*!40101 SET character_set_client = utf8 */;
CREATE TABLE `toc_piwik_site_url` (
  `idsite` int(10) unsigned NOT NULL,
  `url` varchar(255) NOT NULL,
  PRIMARY KEY (`idsite`,`url`)
) ENGINE=MyISAM DEFAULT CHARSET=utf8;
/*!40101 SET character_set_client = @saved_cs_client */;

--
-- Dumping data for table `toc_piwik_site_url`
--

LOCK TABLES `toc_piwik_site_url` WRITE;
/*!40000 ALTER TABLE `toc_piwik_site_url` DISABLE KEYS */;
/*!40000 ALTER TABLE `toc_piwik_site_url` ENABLE KEYS */;
UNLOCK TABLES;

--
-- Table structure for table `toc_piwik_user`
--

DROP TABLE IF EXISTS `toc_piwik_user`;
/*!40101 SET @saved_cs_client     = @@character_set_client */;
/*!40101 SET character_set_client = utf8 */;
CREATE TABLE `toc_piwik_user` (
  `login` varchar(100) NOT NULL,
  `password` char(32) NOT NULL,
  `alias` varchar(45) NOT NULL,
  `email` varchar(100) NOT NULL,
  `token_auth` char(32) NOT NULL,
  `date_registered` timestamp NOT NULL DEFAULT CURRENT_TIMESTAMP,
  PRIMARY KEY (`login`),
  UNIQUE KEY `uniq_keytoken` (`token_auth`)
) ENGINE=MyISAM DEFAULT CHARSET=utf8;
/*!40101 SET character_set_client = @saved_cs_client */;

--
-- Dumping data for table `toc_piwik_user`
--

LOCK TABLES `toc_piwik_user` WRITE;
/*!40000 ALTER TABLE `toc_piwik_user` DISABLE KEYS */;
INSERT INTO `toc_piwik_user` VALUES ('toc_piwik_view','f71dbe52628a3f83a77ab494817525c6','toc_piwik_view','diana@test.com','a51b10bf1dfb5176e3bc60e4992fc7b4','2015-09-07 08:12:38');
/*!40000 ALTER TABLE `toc_piwik_user` ENABLE KEYS */;
UNLOCK TABLES;

--
-- Table structure for table `toc_piwik_user_dashboard`
--

DROP TABLE IF EXISTS `toc_piwik_user_dashboard`;
/*!40101 SET @saved_cs_client     = @@character_set_client */;
/*!40101 SET character_set_client = utf8 */;
CREATE TABLE `toc_piwik_user_dashboard` (
  `login` varchar(100) NOT NULL,
  `iddashboard` int(11) NOT NULL,
  `layout` text NOT NULL,
  PRIMARY KEY (`login`,`iddashboard`)
) ENGINE=MyISAM DEFAULT CHARSET=utf8;
/*!40101 SET character_set_client = @saved_cs_client */;

--
-- Dumping data for table `toc_piwik_user_dashboard`
--

LOCK TABLES `toc_piwik_user_dashboard` WRITE;
/*!40000 ALTER TABLE `toc_piwik_user_dashboard` DISABLE KEYS */;
/*!40000 ALTER TABLE `toc_piwik_user_dashboard` ENABLE KEYS */;
UNLOCK TABLES;

--
-- Table structure for table `toc_piwik_user_language`
--

DROP TABLE IF EXISTS `toc_piwik_user_language`;
/*!40101 SET @saved_cs_client     = @@character_set_client */;
/*!40101 SET character_set_client = utf8 */;
CREATE TABLE `toc_piwik_user_language` (
  `login` varchar(100) NOT NULL,
  `language` varchar(10) NOT NULL,
  PRIMARY KEY (`login`)
) ENGINE=MyISAM DEFAULT CHARSET=utf8;
/*!40101 SET character_set_client = @saved_cs_client */;

--
-- Dumping data for table `toc_piwik_user_language`
--

LOCK TABLES `toc_piwik_user_language` WRITE;
/*!40000 ALTER TABLE `toc_piwik_user_language` DISABLE KEYS */;
/*!40000 ALTER TABLE `toc_piwik_user_language` ENABLE KEYS */;
UNLOCK TABLES;

--
-- Table structure for table `toc_polls`
--

DROP TABLE IF EXISTS `toc_polls`;
/*!40101 SET @saved_cs_client     = @@character_set_client */;
/*!40101 SET character_set_client = utf8 */;
CREATE TABLE `toc_polls` (
  `polls_id` int(11) NOT NULL AUTO_INCREMENT,
  `polls_type` tinyint(1) NOT NULL,
  `polls_status` tinyint(1) NOT NULL,
  `votes_count` int(11) NOT NULL DEFAULT '0',
  `date_added` datetime NOT NULL,
  PRIMARY KEY (`polls_id`)
) ENGINE=MyISAM DEFAULT CHARSET=utf8;
/*!40101 SET character_set_client = @saved_cs_client */;

--
-- Dumping data for table `toc_polls`
--

LOCK TABLES `toc_polls` WRITE;
/*!40000 ALTER TABLE `toc_polls` DISABLE KEYS */;
/*!40000 ALTER TABLE `toc_polls` ENABLE KEYS */;
UNLOCK TABLES;

--
-- Table structure for table `toc_polls_answers`
--

DROP TABLE IF EXISTS `toc_polls_answers`;
/*!40101 SET @saved_cs_client     = @@character_set_client */;
/*!40101 SET character_set_client = utf8 */;
CREATE TABLE `toc_polls_answers` (
  `polls_answers_id` int(11) NOT NULL AUTO_INCREMENT,
  `polls_id` int(10) NOT NULL,
  `votes_count` int(10) NOT NULL DEFAULT '0',
  `sort_order` int(11) NOT NULL,
  PRIMARY KEY (`polls_answers_id`)
) ENGINE=MyISAM DEFAULT CHARSET=utf8;
/*!40101 SET character_set_client = @saved_cs_client */;

--
-- Dumping data for table `toc_polls_answers`
--

LOCK TABLES `toc_polls_answers` WRITE;
/*!40000 ALTER TABLE `toc_polls_answers` DISABLE KEYS */;
/*!40000 ALTER TABLE `toc_polls_answers` ENABLE KEYS */;
UNLOCK TABLES;

--
-- Table structure for table `toc_polls_answers_description`
--

DROP TABLE IF EXISTS `toc_polls_answers_description`;
/*!40101 SET @saved_cs_client     = @@character_set_client */;
/*!40101 SET character_set_client = utf8 */;
CREATE TABLE `toc_polls_answers_description` (
  `polls_answers_id` int(11) NOT NULL,
  `languages_id` int(11) NOT NULL,
  `answers_title` varchar(255) NOT NULL,
  PRIMARY KEY (`polls_answers_id`,`languages_id`)
) ENGINE=MyISAM DEFAULT CHARSET=utf8;
/*!40101 SET character_set_client = @saved_cs_client */;

--
-- Dumping data for table `toc_polls_answers_description`
--

LOCK TABLES `toc_polls_answers_description` WRITE;
/*!40000 ALTER TABLE `toc_polls_answers_description` DISABLE KEYS */;
/*!40000 ALTER TABLE `toc_polls_answers_description` ENABLE KEYS */;
UNLOCK TABLES;

--
-- Table structure for table `toc_polls_description`
--

DROP TABLE IF EXISTS `toc_polls_description`;
/*!40101 SET @saved_cs_client     = @@character_set_client */;
/*!40101 SET character_set_client = utf8 */;
CREATE TABLE `toc_polls_description` (
  `polls_id` int(11) NOT NULL,
  `polls_title` varchar(255) NOT NULL,
  `languages_id` int(11) NOT NULL,
  PRIMARY KEY (`polls_id`,`languages_id`)
) ENGINE=MyISAM DEFAULT CHARSET=utf8;
/*!40101 SET character_set_client = @saved_cs_client */;

--
-- Dumping data for table `toc_polls_description`
--

LOCK TABLES `toc_polls_description` WRITE;
/*!40000 ALTER TABLE `toc_polls_description` DISABLE KEYS */;
/*!40000 ALTER TABLE `toc_polls_description` ENABLE KEYS */;
UNLOCK TABLES;

--
-- Table structure for table `toc_polls_votes`
--

DROP TABLE IF EXISTS `toc_polls_votes`;
/*!40101 SET @saved_cs_client     = @@character_set_client */;
/*!40101 SET character_set_client = utf8 */;
CREATE TABLE `toc_polls_votes` (
  `polls_votes_id` int(11) NOT NULL AUTO_INCREMENT,
  `polls_id` int(11) NOT NULL,
  `polls_answers_id` int(11) NOT NULL,
  `customers_id` int(11) DEFAULT NULL,
  `date_voted` datetime NOT NULL,
  `customers_ip_address` varchar(32) NOT NULL,
  PRIMARY KEY (`polls_votes_id`)
) ENGINE=MyISAM DEFAULT CHARSET=utf8;
/*!40101 SET character_set_client = @saved_cs_client */;

--
-- Dumping data for table `toc_polls_votes`
--

LOCK TABLES `toc_polls_votes` WRITE;
/*!40000 ALTER TABLE `toc_polls_votes` DISABLE KEYS */;
/*!40000 ALTER TABLE `toc_polls_votes` ENABLE KEYS */;
UNLOCK TABLES;

--
-- Table structure for table `toc_products`
--

DROP TABLE IF EXISTS `toc_products`;
/*!40101 SET @saved_cs_client     = @@character_set_client */;
/*!40101 SET character_set_client = utf8 */;
CREATE TABLE `toc_products` (
  `products_id` int(11) NOT NULL AUTO_INCREMENT,
  `products_type` int(4) NOT NULL DEFAULT '0',
  `products_quantity` int(4) NOT NULL DEFAULT '1',
  `products_moq` int(11) NOT NULL DEFAULT '1',
  `products_max_order_quantity` int(11) NOT NULL DEFAULT '-1',
  `products_price` decimal(15,4) NOT NULL,
  `products_sku` varchar(64) NOT NULL,
  `products_model` varchar(64) NOT NULL,
  `products_date_added` datetime NOT NULL,
  `products_last_modified` datetime DEFAULT NULL,
  `products_date_available` datetime DEFAULT NULL,
  `products_weight` decimal(5,2) NOT NULL,
  `products_weight_class` int(11) NOT NULL,
  `products_status` tinyint(1) NOT NULL,
  `products_tax_class_id` int(11) NOT NULL,
  `manufacturers_id` int(11) DEFAULT NULL,
  `products_ordered` int(11) NOT NULL DEFAULT '0',
  `quantity_discount_groups_id` int(11) DEFAULT NULL,
  `quantity_unit_class` int(11) NOT NULL,
  `order_increment` int(11) NOT NULL DEFAULT '1',
  `products_attributes_groups_id` int(11) DEFAULT NULL,
  PRIMARY KEY (`products_id`),
  KEY `idx_products_date_added` (`products_date_added`)
) ENGINE=MyISAM AUTO_INCREMENT=20 DEFAULT CHARSET=utf8;
/*!40101 SET character_set_client = @saved_cs_client */;

--
-- Dumping data for table `toc_products`
--

LOCK TABLES `toc_products` WRITE;
/*!40000 ALTER TABLE `toc_products` DISABLE KEYS */;
INSERT INTO `toc_products` VALUES (1,0,10,1,-1,799.0000,'','','2015-09-07 10:12:36',NULL,NULL,10.00,2,1,0,2,0,0,1,1,NULL),(2,0,10,1,-1,599.0000,'','','2015-09-07 10:12:36',NULL,NULL,10.00,2,1,0,3,0,0,1,1,NULL),(3,0,10,1,-1,849.0000,'','','2015-09-07 10:12:36',NULL,NULL,10.00,2,1,0,4,0,0,1,1,NULL),(4,0,10,1,-1,1099.0000,'','','2015-09-07 10:12:36',NULL,NULL,10.00,2,1,0,1,0,0,1,1,NULL),(5,0,100,1,-1,1199.0000,'','','2015-09-07 10:12:36','2015-11-03 17:24:27',NULL,5.00,2,1,0,1,1,0,1,1,NULL),(6,0,10,1,-1,1299.0000,'','','2015-09-07 10:12:36',NULL,NULL,10.00,2,1,0,1,0,0,1,1,NULL),(7,0,10,1,-1,1799.0000,'','','2015-09-07 10:12:36',NULL,NULL,10.00,2,1,0,4,0,0,1,1,NULL),(8,0,10,1,-1,999.0000,'','','2015-09-07 10:12:36',NULL,NULL,10.00,2,1,0,4,0,0,1,1,NULL),(9,0,9,1,-1,899.0000,'','','2015-09-07 10:12:36',NULL,NULL,10.00,2,1,0,4,1,0,1,1,NULL),(10,0,10,1,-1,499.0000,'','','2015-09-07 10:12:36',NULL,NULL,10.00,2,1,0,3,0,0,1,1,NULL),(11,0,10,1,-1,449.0000,'','','2015-09-07 10:12:36',NULL,NULL,10.00,2,1,0,6,0,0,1,1,NULL),(12,0,10,1,-1,479.0000,'','','2015-09-07 10:12:36',NULL,NULL,10.00,2,1,0,3,0,0,1,1,NULL),(13,0,9,1,-1,699.0000,'','','2015-09-07 10:12:36',NULL,NULL,10.00,2,1,0,3,1,0,1,1,NULL),(14,0,9,1,-1,599.0000,'','','2015-09-07 10:12:36',NULL,NULL,10.00,2,1,0,6,1,0,1,1,NULL),(15,0,50,1,-1,79.0000,'','','2015-09-07 10:12:36','2015-10-21 14:40:57',NULL,10.00,2,1,0,1,3,0,1,1,NULL),(16,0,100,1,-1,120.0000,'','','2015-09-07 10:12:36','2015-11-03 17:24:38',NULL,10.00,2,1,0,1,1,0,1,1,NULL),(17,0,2000,1,-1,399.0000,'','','2015-09-07 10:12:36','2015-11-03 17:24:49',NULL,10.00,2,1,0,1,401,0,1,1,NULL),(18,0,100,1,-1,300.0000,'','','2015-09-07 10:12:36','2015-11-03 17:24:06',NULL,10.00,2,1,0,1,3,0,1,1,NULL),(19,0,2000,1,-1,199.0000,'','','2015-09-07 10:12:36','2015-10-21 14:40:26',NULL,10.00,2,1,0,5,79,0,1,1,NULL);
/*!40000 ALTER TABLE `toc_products` ENABLE KEYS */;
UNLOCK TABLES;

--
-- Table structure for table `toc_products_accessories`
--

DROP TABLE IF EXISTS `toc_products_accessories`;
/*!40101 SET @saved_cs_client     = @@character_set_client */;
/*!40101 SET character_set_client = utf8 */;
CREATE TABLE `toc_products_accessories` (
  `products_id` int(11) NOT NULL,
  `accessories_id` int(11) NOT NULL,
  PRIMARY KEY (`products_id`,`accessories_id`)
) ENGINE=MyISAM DEFAULT CHARSET=utf8;
/*!40101 SET character_set_client = @saved_cs_client */;

--
-- Dumping data for table `toc_products_accessories`
--

LOCK TABLES `toc_products_accessories` WRITE;
/*!40000 ALTER TABLE `toc_products_accessories` DISABLE KEYS */;
/*!40000 ALTER TABLE `toc_products_accessories` ENABLE KEYS */;
UNLOCK TABLES;

--
-- Table structure for table `toc_products_attachments`
--

DROP TABLE IF EXISTS `toc_products_attachments`;
/*!40101 SET @saved_cs_client     = @@character_set_client */;
/*!40101 SET character_set_client = utf8 */;
CREATE TABLE `toc_products_attachments` (
  `attachments_id` int(11) NOT NULL AUTO_INCREMENT,
  `filename` varchar(128) NOT NULL,
  `cache_filename` varchar(128) NOT NULL,
  PRIMARY KEY (`attachments_id`)
) ENGINE=MyISAM DEFAULT CHARSET=utf8;
/*!40101 SET character_set_client = @saved_cs_client */;

--
-- Dumping data for table `toc_products_attachments`
--

LOCK TABLES `toc_products_attachments` WRITE;
/*!40000 ALTER TABLE `toc_products_attachments` DISABLE KEYS */;
/*!40000 ALTER TABLE `toc_products_attachments` ENABLE KEYS */;
UNLOCK TABLES;

--
-- Table structure for table `toc_products_attachments_description`
--

DROP TABLE IF EXISTS `toc_products_attachments_description`;
/*!40101 SET @saved_cs_client     = @@character_set_client */;
/*!40101 SET character_set_client = utf8 */;
CREATE TABLE `toc_products_attachments_description` (
  `attachments_id` int(11) NOT NULL,
  `languages_id` int(11) NOT NULL DEFAULT '1',
  `attachments_name` varchar(128) NOT NULL,
  `attachments_description` text,
  PRIMARY KEY (`attachments_id`,`languages_id`)
) ENGINE=MyISAM DEFAULT CHARSET=utf8;
/*!40101 SET character_set_client = @saved_cs_client */;

--
-- Dumping data for table `toc_products_attachments_description`
--

LOCK TABLES `toc_products_attachments_description` WRITE;
/*!40000 ALTER TABLE `toc_products_attachments_description` DISABLE KEYS */;
/*!40000 ALTER TABLE `toc_products_attachments_description` ENABLE KEYS */;
UNLOCK TABLES;

--
-- Table structure for table `toc_products_attachments_to_products`
--

DROP TABLE IF EXISTS `toc_products_attachments_to_products`;
/*!40101 SET @saved_cs_client     = @@character_set_client */;
/*!40101 SET character_set_client = utf8 */;
CREATE TABLE `toc_products_attachments_to_products` (
  `attachments_id` int(11) NOT NULL,
  `products_id` int(11) NOT NULL,
  PRIMARY KEY (`attachments_id`,`products_id`)
) ENGINE=MyISAM DEFAULT CHARSET=utf8;
/*!40101 SET character_set_client = @saved_cs_client */;

--
-- Dumping data for table `toc_products_attachments_to_products`
--

LOCK TABLES `toc_products_attachments_to_products` WRITE;
/*!40000 ALTER TABLE `toc_products_attachments_to_products` DISABLE KEYS */;
/*!40000 ALTER TABLE `toc_products_attachments_to_products` ENABLE KEYS */;
UNLOCK TABLES;

--
-- Table structure for table `toc_products_attributes`
--

DROP TABLE IF EXISTS `toc_products_attributes`;
/*!40101 SET @saved_cs_client     = @@character_set_client */;
/*!40101 SET character_set_client = utf8 */;
CREATE TABLE `toc_products_attributes` (
  `products_id` int(11) NOT NULL,
  `products_attributes_values_id` int(11) NOT NULL,
  `language_id` int(11) NOT NULL,
  `value` varchar(255) NOT NULL,
  PRIMARY KEY (`products_id`,`products_attributes_values_id`,`language_id`)
) ENGINE=MyISAM DEFAULT CHARSET=utf8;
/*!40101 SET character_set_client = @saved_cs_client */;

--
-- Dumping data for table `toc_products_attributes`
--

LOCK TABLES `toc_products_attributes` WRITE;
/*!40000 ALTER TABLE `toc_products_attributes` DISABLE KEYS */;
/*!40000 ALTER TABLE `toc_products_attributes` ENABLE KEYS */;
UNLOCK TABLES;

--
-- Table structure for table `toc_products_attributes_groups`
--

DROP TABLE IF EXISTS `toc_products_attributes_groups`;
/*!40101 SET @saved_cs_client     = @@character_set_client */;
/*!40101 SET character_set_client = utf8 */;
CREATE TABLE `toc_products_attributes_groups` (
  `products_attributes_groups_id` int(11) NOT NULL AUTO_INCREMENT,
  `products_attributes_groups_name` varchar(100) NOT NULL,
  PRIMARY KEY (`products_attributes_groups_id`)
) ENGINE=MyISAM DEFAULT CHARSET=utf8;
/*!40101 SET character_set_client = @saved_cs_client */;

--
-- Dumping data for table `toc_products_attributes_groups`
--

LOCK TABLES `toc_products_attributes_groups` WRITE;
/*!40000 ALTER TABLE `toc_products_attributes_groups` DISABLE KEYS */;
/*!40000 ALTER TABLE `toc_products_attributes_groups` ENABLE KEYS */;
UNLOCK TABLES;

--
-- Table structure for table `toc_products_attributes_values`
--

DROP TABLE IF EXISTS `toc_products_attributes_values`;
/*!40101 SET @saved_cs_client     = @@character_set_client */;
/*!40101 SET character_set_client = utf8 */;
CREATE TABLE `toc_products_attributes_values` (
  `products_attributes_values_id` int(11) NOT NULL,
  `products_attributes_groups_id` int(11) NOT NULL,
  `language_id` int(11) NOT NULL,
  `status` int(4) NOT NULL,
  `module` varchar(255) NOT NULL,
  `name` varchar(100) NOT NULL,
  `value` varchar(100) NOT NULL,
  `sort_order` int(11) NOT NULL,
  PRIMARY KEY (`products_attributes_values_id`,`products_attributes_groups_id`,`language_id`)
) ENGINE=MyISAM DEFAULT CHARSET=utf8;
/*!40101 SET character_set_client = @saved_cs_client */;

--
-- Dumping data for table `toc_products_attributes_values`
--

LOCK TABLES `toc_products_attributes_values` WRITE;
/*!40000 ALTER TABLE `toc_products_attributes_values` DISABLE KEYS */;
/*!40000 ALTER TABLE `toc_products_attributes_values` ENABLE KEYS */;
UNLOCK TABLES;

--
-- Table structure for table `toc_products_description`
--

DROP TABLE IF EXISTS `toc_products_description`;
/*!40101 SET @saved_cs_client     = @@character_set_client */;
/*!40101 SET character_set_client = utf8 */;
CREATE TABLE `toc_products_description` (
  `products_id` int(11) NOT NULL AUTO_INCREMENT,
  `language_id` int(11) NOT NULL DEFAULT '1',
  `products_name` varchar(255) NOT NULL DEFAULT '',
  `products_short_description` text,
  `products_description` text,
  `products_keyword` varchar(64) DEFAULT NULL,
  `products_tags` varchar(255) DEFAULT NULL,
  `products_url` varchar(255) DEFAULT NULL,
  `products_friendly_url` varchar(255) DEFAULT NULL,
  `products_page_title` varchar(255) NOT NULL,
  `products_meta_keywords` varchar(255) NOT NULL,
  `products_meta_description` varchar(255) NOT NULL,
  `products_viewed` int(5) DEFAULT '0',
  PRIMARY KEY (`products_id`,`language_id`),
  KEY `products_name` (`products_name`),
  KEY `products_description_keyword` (`products_keyword`)
) ENGINE=MyISAM AUTO_INCREMENT=20 DEFAULT CHARSET=utf8;
/*!40101 SET character_set_client = @saved_cs_client */;

--
-- Dumping data for table `toc_products_description`
--

LOCK TABLES `toc_products_description` WRITE;
/*!40000 ALTER TABLE `toc_products_description` DISABLE KEYS */;
INSERT INTO `toc_products_description` VALUES (1,1,'Dell XPS 630',NULL,'<h2>Features </h2><ul><li>Experience the latest technology and innovative design with the XPS? 630 - a sleek, head turning warrior created for smashing game performance </li><li>A supersonic gaming extravaganza ? the XPS? 630 offers full-on power with overclocking via BIOS or Nvidia?? nTune GeForce 9800GT, a Quad Intel?? Q9300 processor and a 750W power supply for an extreme experience </li><li>Front: USB 2.0 (2), 1394a, headphone jack, mic, optional 19-in-1 media card reader </li><li>Back (Audio): S/PDIF optical, line-in, line-out, microphone, surround, center/LFE; integrated HDA 7.1 channel sound </li><li>Back (Other): USB 2.0 (4), 1394a, PS/2 Mouse and Keyboard, Gigabit Ethernet8</li><li>Vista Premium 64bit SP1<br></li></ul><p><br></p>',NULL,'',NULL,'dell-xps-630','','','',4),(2,1,'HP Pavilion a6433w-b',NULL,'<h2>Features\r\n\r\n</h2><ul><li>HP w2207h 22\" diagonal widescreen LCD monitor with built-in speakers </li><li>Presents 1680 x 1050 resolution with 5 ms. response time and 1000:1 contrast ratio&nbsp; </li><li>2 GHz Intel Pentium dual-core desktop processor E2180 </li><li>Delivers the processing power required for true multitasking and multimedia&nbsp; </li><li>3 GB of DDR2 system memory </li><li>Offers improved performance for today\'s demanding applications along with the option of expanding up to 8 GB&nbsp; </li><li>500 GB hard drive, 7200 rpm </li><li>Provides a tremendous amount of storage space for documents, games, music, photos and videos&nbsp; </li><li>SuperMulti DVD+/-RW drive with double-layer capability </li><li>Lets you burn and play DVDs and CDs for entertainment and data backup&nbsp; </li><li>10/100/1000 Base-T network interface and 56k modem </li><li>Connects to the Internet via DSL, cable or dial-up service&nbsp; </li><li>15-in-1 digital media card reader </li><li>Reads virtually all memory card formats so you can enjoy photos, music and other files&nbsp; </li><li>Vista Home Premium Edition with Windows Media Center and Service Pack 1 </li></ul><p>&nbsp;</p>',NULL,'',NULL,'hp-pavilion-a6433w-b','','','',2),(3,1,'ThinkCentre M57p',NULL,'<h2>Features</h2><ul><li>Intel? Core? 2 Duo E8200 Processor ( 2.66GHz 1GHz 6MB )</li><li>Genuine Windows Vista Business</li><li>Ultra Small Form Factor</li><li>1 GB DDR2 SDRAM 667MHz </li><li>160GB </li><li>CD-RW/DVD-ROM Combo 48X/32X/48X/16X Max </li></ul>',NULL,'',NULL,'thinkcentre-m57p','','','',0),(4,1,'15.4\" Macbook Pro MB134LL/A',NULL,'<h2>Product Features</h2><p><br></p><ul><li>2.5 GHz Intel Core 2 Duo processor with 6 MB on-chip shared L2 cache, Mac OS X v10.5 Leopard</li><li>2 GB RAM (two SO-DIMM) 677 MHz DDR2 SD-RAM (PC2-5300), 250 GB 5400 rpm Serial ATA hard drive, slot load 8x Super Drive (DVD?R DL/DVD?RW/CD-RW)</li><li>One FireWire 400, one FireWire 800, two USB 2.0 ports, and ExpressCard/34 slot</li><li>Built-in 10/100/1000BASE-T (Gigabit); built-in 54 Mbps AirPort Extreme (802.11n); built-in Bluetooth 2.0+EDR</li><li>15.4-inch (diagonal), 1440 by 900 resolution, matte TFT LED widescreen display with NVIDIA GeForce 8600M GT with 512 MB of GDDR3 SDRAM and dual-link DVI</li></ul>',NULL,'',NULL,'15-4-macbook-pro-mb134ll-a','','','',5),(5,1,'17\" MACBOOK PRO MB166LL/A','','<h2>Products Features</h2><br><ul><li>Processor Core2 Duo 2.5GHz&nbsp; , L2 cache 6MB &nbsp;</li><li>Hard Drive 250 GB </li><li>Optical drive 8X DVD+-RW/CD-RW </li><li>RAM standard 2GB DDR2 SDRAM </li><li>RAM maximum 4GB &nbsp;</li><li>Display 17 active-matrix/TFT/XGA , maximum resolution 1680 x 1050 &nbsp;</li><li>NIC type Gigabit Ethernet &nbsp;</li><li>Wireless NIC included Yes &nbsp;</li><li>Bluetooth capable Yes &nbsp;</li><li>OS Mac OS X v10.5 Leopard </li></ul><br>',NULL,'','','17-macbook-pro-mb166ll-a','','','',4),(6,1,'13.3\" MACBOOK AIR APPLE Z0FS0LL/A',NULL,'<h2>Products Features</h2><br><ul><li>Processor Core2 Duo 1.8GHz&nbsp;&nbsp; , L2 cache 6MB &nbsp;</li><li>64GB solid-state drive</li><li>Optional external Apple MacBook Air SuperDrive available seperately </li><li>2GB of 667MHz DDR2 SDRAM onboard</li><li>Display 13.3 backlit LCD , maximum resolution 1280 x 800 </li><li>NIC type Gigabit Ethernet &nbsp;</li><li>Wireless NIC included Yes &nbsp;</li><li>Bluetooth capable Yes &nbsp;</li><li>Mac OS X v10.5 Leopard; iLife a?08 (includes iTunes, iPhoto, iMovie, iDVD, iWeb, GarageBand)</li></ul>',NULL,'',NULL,'13-3-macbook-air-apple-z0fs0ll-a','','','',3),(7,1,'LENOVO THINKPAD X301, SU9400 1.4GHZ CPU',NULL,'<h2>Products Features</h2><br><ul><li>Processor: Intel Core 2 Duo SU9400 Low-Voltage (1.4Ghz/800mhz/3MB) </li><li>Operating System: Genuine Windows XP Professional - 32 bit edition </li><li>LED Display: 13.3\" WXGA+ TFT widescreen (1440 x 900 pixels)&nbsp; &nbsp;</li><li>Memory: 3GB PC3-8500 DDR3 SDRAM 1067MHz Memory </li><li>WWAN: Integrated Wireless Wide Area&nbsp; Network Upgradeable</li><li>Hard drive: 128GB Solid State Drive</li><li>Pointing Device: UltraNav TrackPoint &amp; Touchpad) with Fingerprint Reader </li><li>Graphics Card: Intel GMA 4500MHD Video Card</li><li>Optical Device: DVD/RW +/- Dual Layer (Burns CD &amp; DVD\'s)</li><li>Integrated Wireless Card: Intel Pro Wireless WiFi link 5100 (AGN)</li></ul>',NULL,'',NULL,'lenovo-thinkpad-x301-su9400-1-4ghz-cpu','','','',6),(8,1,'Lenovo ThinkPad X200',NULL,'<h2>Products Features</h2><br><ul><li>Intel Core 2 Duo P8600 2.8 GHz Processor </li><li>3 MB L2 Cache, 1066 MHz Bus speed </li><li>2048 MB DDR2 (PC2-8500) RAM Max - 4GB </li><li>160 GB (5400RPM) SATA Hard Drive</li><li>6-Cell Lithium-ion Battery Pack, AC power adapter, Power Cord; </li><li>Software Bundle - Windows XP Professional, Microsoft Office 2007 60-Day Trial, McAfee VirusScan Plus 30-Day Subscription</li></ul><br>',NULL,'',NULL,'lenovo-thinkpad-x200','','','',3),(9,1,'Lenovo ThinkPad T400 2767',NULL,'<h2>Products Features</h2><br><ul><li>Core 2 Duo T9400 / 2.53 GHz - Centrino 2 with vPro - </li><li>RAM 2 GB - </li><li>HDD 160 GB - </li><li>DVD-RW (-R DL) / DVD-RAM - </li><li>Mobility Radeon HD 3470 / GMA 4500MHD - </li><li>cellular mdm / mdm ( CDMA 2000 1X EV-DO Rev. A, WCDMA, HSPA ) - </li><li>Verizon - </li><li>Gigabit Ethernet - </li><li>WLAN : 802.11 a/b/g/n (draft), Bluetooth 2.0 - </li><li>TPM - </li><li>fingerprint reader - </li><li>Vista Business -</li><li>14.1\" Widescreen TFT 1440 x 900 ( WXGA+ )</li></ul><br>',NULL,'',NULL,'lenovo-thinkpad-t400-2767','','','',2),(10,1,'HP Pavilion DV7-1240US 17.0-Inch Laptop',NULL,'<h2>Products Features</h2><br><ul><li>Entertainment-centric notebook PC with fluid, modern lines in bronze and chrome with argyle-like patterning; widescreen 17-inch LCD </li><li>2.1 GHz AMD Turion X2 RM-72 dual-core processor, 320 GB hard drive, 4 GB RAM (8 GB max), LightScribe dual-layer DVD drive </li><li>Draft-N Wi-Fi (802.11a/b/g/n); Gigabit Ethernet; ATI Radeon HD 3200 graphics (up to 1918 MB total) </li><li>Connectivity: 4 USB (with 1 shared eSATA), 1 HDMI, 1 VGA, ExpressCard 54/34, 5-in-1 memory card reader </li><li>Pre-installed with Windows Vista Home Premium with SP1 (64-bit version); includes remote control</li></ul>',NULL,'',NULL,'hp-pavilion-dv7-1240us-17-0-inch-laptop','','','',0),(11,1,'Toshiba Satellite A355-S6921',NULL,'<h2>Products Features</h2><br><ul><li>Portable multimedia laptop with 16-inch screen for true 16:9 aspect ratio and native 720p high-def resolution </li><li>2.0 GHz AMD Turion X2 RM-72 dual-core processor, 250 GB hard drive, 3 GB RAM (4 GB max), Labelflash dual-layer DVD drive </li><li>Draft-N Wi-Fi (802.11b/g/n), Fast Ethernet, ATI Radeon 3100 graphics (up to 1919 MB total available memory) </li><li>Connectivity: 4 USB (with 1 shared eSATA), 1 FireWire, 1 VGA, ExpressCard 54/34, 5-in-1 memory card reader </li><li>Pre-installed with Windows Vista Home Premium with SP1 (64-bit version); Fusion finish with Horizon pattern</li></ul><br>',NULL,'',NULL,'toshiba-satellite-a355-s6921','','','',2),(12,1,'HP Compaq 6735s KS117UT 15.4-Inch Notebook',NULL,'Products Features<br><br>Chipset AMD M780G <br>Processors:AMD Turion X2 Dual-Core Mobile Processor RM-70 (2.0 GHz, 2 x 512 KB L2 cache) <br>Memory Standard :667 MHz or 800 MHz DDR2 SDRAM, two slots supporting dual channel memory 1024 MB or 2048 MB <br>Maximum : Upgradeable to 8192 MB with 4096 MB SODIMMs in slots 1 and 2,<br>Maximum memory with AMD Sempron processor is 4096 MB.<br>Dual-channel : Maximized dual-channel performance requires SODIMMs of the same size and speed in both memory slots. <br>Graphics Integrated UMA Graphics ATI Mobility Radeon HD 3200 with shared system memory. Microsoft DirectX 10 capable <br>Display Internal :15.4 inches diagonal WXGA anti-glare (1280 x 800 resolution) 15.4 inches diagonal WXGA BrightView (1280 x 800 resolution) <br>External :Up to 32 bit per pixel color depthVGA port supports resolutions up to 2048 x 1536 at 75 Hz, and lower resolutions at up to 100 Hz. <br>',NULL,'',NULL,'hp-compaq-6735s-ks117ut-15-4-inch-notebook','','','',0),(13,1,'HP Pavilion TX2510US 12.1-inch Laptop',NULL,'<h2>Products Features</h2><br><ul><li>12.1-inch (Diagonal) Widescreen Integrated Touch Screen, Convertible Display 1280 x 800, Panel Rotates 180 Degrees and Folds Flat </li><li>2.10 GHz AMD Turion X2 ZM-80 Ultra Dual Core Mobile Processor with 2 MB L2 Cache </li><li>3072 MB DDR2 System Memory (2 Dimm), 250 GB (5400RPM) Hard Drive (SATA), ATI Radeon HD 3200 Graphics RS780M with 64 MB DDR2 (Sideport Memory) with up to 1470 MB Total Graphics Memory </li><li>LightScribe Super Multi 8X DVD?R/RW with Double Layer Support, Wireless LAN 802.11a/b/g/n and Bluetooth </li><li>Windows Vista Home Premium, dims in inches: 8.82 (W) x 12.05 (L) x 1.52 (H) approx., 4.56 lbs.</li></ul><br>',NULL,'',NULL,'hp-pavilion-tx2510us-12-1-inch-laptop','','','',0),(14,1,'Toshiba Satellite L305D-S5904 15.4-Inch Laptop',NULL,'<h2>Products Features</h2><br><ul><li>15.4-Inch (Diagonal) Widescreen TruBrite TFT LCD Display at 1280 x 800 Resolution </li><li>2.0 GHz AMD Turion 64 X2 Dual Core Mobile Technology with 1MB L2 Cache </li><li>3072MB DDR2 SDRAM System Memory, 250GB (5400 RPM) Hard Drive (SATA), ATI Radeon X1250 Graphics with 128MB-831MB Dynamically Allocated Shared Graphics Memory </li><li>DVD SuperMulti (+/-R Double Layer) with Labelflash, Atheros 802.11 b/g Wireless LAN </li><li>Windows Vista Home Premium, dims in inches: 4.75 (W) x 14.3 (L) x 1.33 (H) approx., 5.49 lbs.</li></ul><br>',NULL,'',NULL,'toshiba-satellite-l305d-s5904-15-4-inch-laptop','','','',0),(15,1,'APPLE IPOD NANO 4GB SILVER 3RD GEN','','An anodized aluminum top and polished stainless steel back. Five eye-catching colors. A larger, brighter display with the most pixels per inch of any Apple display, ever. iPod nano stirs up visual effects from the outside in.<br><br>And it\'ll wow you for hours. Play up to 5 hours of video or up to 24 hours of audio on a single charge. All that staying power and a wafer-thin, 6.5-mm profile makes iPod nano one small big attraction.<br><br><b>Cover Flow</b><br>If a picture says a thousand words, think of what all the album art in your collection might say. With Cover Flow on iPod nano, you can flip through your music to find the album you want to hear. Use the Click Wheel to browse music by album cover, then select an album to flip it over and see the track list.<br><br><b>Music</b><br>Use the Click Wheel to adjust volume, navigate songs, browse in Cover Flow, or explore the Music menu by playlist, artist, album, song, genre, composer, and more. Want to mix things up? Click Shuffle Songs. iPod nano makes your music look as good as it sounds, thanks to its bright color display.<br><br><b>Movies</b><br>Buy movies from the iTunes Store and you can sync them to your iPod nano to watch anywhere, anytime. Up to 5 hours of video playback means you can watch two movies back to back. And for your viewing pleasure, the 320-by-240-pixel display--with a whopping 204 pixels per inch--is 65 percent brighter than before. <br>',NULL,'','','apple-ipod-nano-4gb-silver-3rd-gen','','','',3),(16,1,'Apple iPod touch 8 GB','','<h2>Features</h2><ul><li>Size of Display&nbsp;&nbsp;&nbsp; 3.5 inch</li><li>Display Features&nbsp;&nbsp;&nbsp; Battery Level</li><li>Digital Storage Media&nbsp;&nbsp;&nbsp; 8 GB (Built-in Memory)</li><li>PC Interface Supported&nbsp;&nbsp;&nbsp; USB, Wi-Fi</li><li>Battery Run Time&nbsp;&nbsp;&nbsp; Up to 22 hrs.</li><li>Battery Type&nbsp;&nbsp;&nbsp; Internal Battery</li><li>Dimensions (W X D X H)&nbsp;&nbsp;&nbsp; 2.4 in. x 0.31 in. x 4.3 in.</li><li>Weight&nbsp;&nbsp;&nbsp; 4.2 oz.</li><li>MPN&nbsp;&nbsp;&nbsp; MA623ZO/B</li></ul><p><br>&nbsp;</p>',NULL,'','','apple-ipod-touch-8-gb','','','',1),(17,1,'Apple iPhone 3G','','Features<br><br><ul><li>APPLE 3G 8GB</li><li>APPLE 3.5\" TOUCHSCREEN</li><li>QUAD-BAND GSM &amp; EDGE</li><li>WI-FI (802.11b/g)</li><li>BLUETOOTH 2.0 EDR</li><li>8GB BUILT-IN STORAGE </li></ul>',NULL,'','','apple-iphone-3g','','','',550),(18,1,'APPLE 23\" HD CINEMA COLOR DISPLAY','','<h2>Features</h2><br><ul><li>Compatibility: Mac</li><li>Panel type: Thin film transistor (TFT) active matrix LCD</li><li>Display size: 23 inches</li><li>Diagonal viewable screen size: 23 inches</li><li>Dot pitch: 1920 x 1200 pixels (optimum)</li><li>Contrast ratio: 350:1</li><li>Glass surface: Anti-glare hardcoat screen treatment</li><li>Horizontal viewing angle: 170 degrees</li><li>Vertical viewing angle: 170 degrees</li><li>Brightness: 200 cd/m2</li><li>Input signals: Digital</li><li>Input connector/cable: Apple Display Connector (ADC) carries power, USB, and digital graphics; two-port self-powered USB hub connects peripherals</li><li>Maximum noninterlaced resolution: 1920 x 1200 dpi</li><li>Power on/off: Yes, system power on/sleep/wake</li><li>Brightness: Yes</li><li>Swivel: Yes, user adjustable</li><li>System requirements: One of the following systems (a,b, or c): (a) Power Mac G4 with NVIDIA GeForce2 MX, GeForce3, GeForce4 MX, or GeForce4 Ti graphics card, or ATI Radeon 7500 graphics card; and Mac OS X v10.1.3 or Mac OS 9.2.2, (b) Power Mac G4 with DVI port (via an NVIDIA GeForce4 Ti graphics card) and Apple DVI to ADC Adapter, (c) PowerBook G4 with DVI port and Apple DVI to ADC Adapter</li><li>Width: 24.2 inches</li><li>Height: 19.2 inches</li><li>Depth: 7.3 inches</li><li>Weight: 25.3 pounds</li></ul><br>',NULL,'','','apple-23-hd-cinema-color-display','','','',0),(19,1,'SONY DSC-T700(g) DIGITAL VIDEO CAMERA','','<h2>Features</h2><ul><li>Slim, beautiful design.</li><li>10.1 effective megapixels</li><li>4GB internal memory, stores up to 40,000 photos</li><li>Powerful album functions to store, organize and share your photos</li><li>Smile Shutter automatically captures smiling faces</li><li>Beautiful portraits with Face Detection and Anti-blink technology</li><li>Enjoy your images on the Extra-large 3.5a? touchscreen LCD</li><li>Easy web upload for sharing images on social networking sites</li><li>Double Anti-blur Solution</li><li>Portable Photo Album</li><li>Face Detection</li><li>Intelligent Scene Recognition</li><li>In Camera Retouch</li><li>Share HD-Quality Images </li></ul>',NULL,'','','sony-dsc-t700-g-digital-video-camera','','','',90);
/*!40000 ALTER TABLE `toc_products_description` ENABLE KEYS */;
UNLOCK TABLES;

--
-- Table structure for table `toc_products_download_history`
--

DROP TABLE IF EXISTS `toc_products_download_history`;
/*!40101 SET @saved_cs_client     = @@character_set_client */;
/*!40101 SET character_set_client = utf8 */;
CREATE TABLE `toc_products_download_history` (
  `products_download_history_id` int(11) NOT NULL AUTO_INCREMENT,
  `orders_products_download_id` int(11) NOT NULL,
  `download_date` datetime NOT NULL,
  `download_ip_address` varchar(15) NOT NULL,
  PRIMARY KEY (`products_download_history_id`)
) ENGINE=MyISAM DEFAULT CHARSET=utf8;
/*!40101 SET character_set_client = @saved_cs_client */;

--
-- Dumping data for table `toc_products_download_history`
--

LOCK TABLES `toc_products_download_history` WRITE;
/*!40000 ALTER TABLE `toc_products_download_history` DISABLE KEYS */;
/*!40000 ALTER TABLE `toc_products_download_history` ENABLE KEYS */;
UNLOCK TABLES;

--
-- Table structure for table `toc_products_downloadables`
--

DROP TABLE IF EXISTS `toc_products_downloadables`;
/*!40101 SET @saved_cs_client     = @@character_set_client */;
/*!40101 SET character_set_client = utf8 */;
CREATE TABLE `toc_products_downloadables` (
  `products_id` int(11) NOT NULL,
  `filename` varchar(100) NOT NULL,
  `cache_filename` varchar(100) NOT NULL,
  `sample_filename` varchar(100) NOT NULL,
  `cache_sample_filename` varchar(100) NOT NULL,
  `number_of_downloads` int(11) NOT NULL,
  `number_of_accessible_days` int(11) NOT NULL
) ENGINE=MyISAM DEFAULT CHARSET=utf8;
/*!40101 SET character_set_client = @saved_cs_client */;

--
-- Dumping data for table `toc_products_downloadables`
--

LOCK TABLES `toc_products_downloadables` WRITE;
/*!40000 ALTER TABLE `toc_products_downloadables` DISABLE KEYS */;
/*!40000 ALTER TABLE `toc_products_downloadables` ENABLE KEYS */;
UNLOCK TABLES;

--
-- Table structure for table `toc_products_frontpage`
--

DROP TABLE IF EXISTS `toc_products_frontpage`;
/*!40101 SET @saved_cs_client     = @@character_set_client */;
/*!40101 SET character_set_client = utf8 */;
CREATE TABLE `toc_products_frontpage` (
  `products_id` int(11) NOT NULL,
  `sort_order` int(3) DEFAULT NULL,
  PRIMARY KEY (`products_id`)
) ENGINE=MyISAM DEFAULT CHARSET=utf8;
/*!40101 SET character_set_client = @saved_cs_client */;

--
-- Dumping data for table `toc_products_frontpage`
--

LOCK TABLES `toc_products_frontpage` WRITE;
/*!40000 ALTER TABLE `toc_products_frontpage` DISABLE KEYS */;
INSERT INTO `toc_products_frontpage` VALUES (6,1),(5,2),(17,3),(19,4),(3,5),(9,6);
/*!40000 ALTER TABLE `toc_products_frontpage` ENABLE KEYS */;
UNLOCK TABLES;

--
-- Table structure for table `toc_products_gift_certificates`
--

DROP TABLE IF EXISTS `toc_products_gift_certificates`;
/*!40101 SET @saved_cs_client     = @@character_set_client */;
/*!40101 SET character_set_client = utf8 */;
CREATE TABLE `toc_products_gift_certificates` (
  `products_id` int(11) NOT NULL,
  `gift_certificates_type` int(5) NOT NULL,
  `gift_certificates_amount_type` int(5) NOT NULL,
  `open_amount_min_value` decimal(15,4) NOT NULL,
  `open_amount_max_value` decimal(15,4) NOT NULL,
  PRIMARY KEY (`products_id`)
) ENGINE=MyISAM DEFAULT CHARSET=utf8;
/*!40101 SET character_set_client = @saved_cs_client */;

--
-- Dumping data for table `toc_products_gift_certificates`
--

LOCK TABLES `toc_products_gift_certificates` WRITE;
/*!40000 ALTER TABLE `toc_products_gift_certificates` DISABLE KEYS */;
/*!40000 ALTER TABLE `toc_products_gift_certificates` ENABLE KEYS */;
UNLOCK TABLES;

--
-- Table structure for table `toc_products_images`
--

DROP TABLE IF EXISTS `toc_products_images`;
/*!40101 SET @saved_cs_client     = @@character_set_client */;
/*!40101 SET character_set_client = utf8 */;
CREATE TABLE `toc_products_images` (
  `id` int(11) NOT NULL AUTO_INCREMENT,
  `products_id` int(11) NOT NULL,
  `image` varchar(255) NOT NULL,
  `default_flag` tinyint(1) NOT NULL,
  `sort_order` int(11) NOT NULL,
  `date_added` datetime NOT NULL,
  PRIMARY KEY (`id`),
  KEY `products_images_products_id` (`products_id`)
) ENGINE=MyISAM AUTO_INCREMENT=48 DEFAULT CHARSET=utf8;
/*!40101 SET character_set_client = @saved_cs_client */;

--
-- Dumping data for table `toc_products_images`
--

LOCK TABLES `toc_products_images` WRITE;
/*!40000 ALTER TABLE `toc_products_images` DISABLE KEYS */;
INSERT INTO `toc_products_images` VALUES (1,1,'4589430859034895043.jpg',1,0,'2009-01-26 17:32:02'),(2,2,'5443523452354.jpg',1,0,'2009-01-26 17:45:14'),(3,3,'437893748943838943.jpg',1,0,'2009-01-26 17:56:27'),(4,4,'54892437589237584.jpg',1,0,'2009-01-26 18:12:38'),(5,4,'0904856904586475689.jpg',0,0,'2009-01-26 18:12:57'),(6,4,'098489508435893845.jpg',0,0,'2009-01-26 18:13:09'),(7,5,'0904856904586475689.jpg',0,0,'2009-01-26 18:56:24'),(8,5,'54892437589237584.jpg',1,0,'2009-01-26 18:56:31'),(9,5,'098489508435893845.jpg',0,0,'2009-01-26 18:56:39'),(10,6,'54892437589237584.jpg',1,0,'2009-01-26 19:03:33'),(11,6,'098489508435893845.jpg',0,0,'2009-01-26 19:03:42'),(12,6,'0904856904586475689.jpg',0,0,'2009-01-26 19:03:50'),(18,7,'h45435345345345.jpg',0,0,'2009-01-26 19:18:13'),(19,7,'v34234234234234.jpg',1,0,'2009-01-26 19:18:16'),(22,8,'56435345345345345.jpg',1,0,'2009-01-26 19:23:50'),(26,9,'t400-ds798348923482.jpg',1,0,'2009-01-26 19:33:59'),(24,8,'67567567567567.jpg',0,0,'2009-01-26 19:23:57'),(27,10,'dv70-1240-34823489234.jpg',1,0,'2009-01-26 19:36:59'),(28,10,'dv70-1240-34823484349234.jpg',0,0,'2009-01-26 19:37:18'),(30,11,'a355-349234-23489234.jpg',1,0,'2009-01-26 19:45:27'),(31,11,'a355-349234-33489234.jpg',0,0,'2009-01-26 19:46:15'),(32,12,'6735s-ks117ut-334839234.jpg',1,0,'2009-01-26 19:56:00'),(33,13,'tx2510us-39293843.jpg',1,0,'2009-01-26 19:59:08'),(34,13,'tx2510us-39293845.jpg',0,0,'2009-01-26 19:59:36'),(35,13,'tx2510us-39493845.jpg',0,0,'2009-01-26 20:00:00'),(36,14,'l305d-s5904-39293323.jpg',1,0,'2009-01-26 20:04:36'),(37,14,'l305d-s5904-39245323.jpg',0,0,'2009-01-26 20:04:57'),(38,14,'l305d-s5904-55593323.jpg',0,0,'2009-01-26 20:05:04'),(39,15,'ipod-nano3-392339239.jpg',1,0,'2009-01-26 21:51:24'),(40,16,'ipod-touch-392033.jpg',1,0,'2009-01-26 22:04:47'),(41,16,'ipod-touch-3323.jpg',0,0,'2009-01-26 22:10:45'),(42,16,'ipod-touch-39203333.jpg',0,0,'2009-01-26 22:11:38'),(43,17,'iphone-03923923.jpg',1,0,'2009-01-26 22:18:37'),(44,18,'cinema-3923823.jpg',1,0,'2009-01-26 22:34:17'),(45,19,'dsc-t700-38324.jpg',1,0,'2009-01-26 22:38:18'),(46,19,'dsc-t700-38434.jpg',0,0,'2009-01-26 22:38:39'),(47,19,'dsc-t700-42434.jpg',0,0,'2009-01-26 22:38:44');
/*!40000 ALTER TABLE `toc_products_images` ENABLE KEYS */;
UNLOCK TABLES;

--
-- Table structure for table `toc_products_images_groups`
--

DROP TABLE IF EXISTS `toc_products_images_groups`;
/*!40101 SET @saved_cs_client     = @@character_set_client */;
/*!40101 SET character_set_client = utf8 */;
CREATE TABLE `toc_products_images_groups` (
  `id` int(11) NOT NULL,
  `language_id` int(11) NOT NULL,
  `title` varchar(255) NOT NULL,
  `code` varchar(32) NOT NULL,
  `size_width` int(11) DEFAULT NULL,
  `size_height` int(11) DEFAULT NULL,
  `force_size` tinyint(1) DEFAULT '0',
  PRIMARY KEY (`id`,`language_id`)
) ENGINE=MyISAM DEFAULT CHARSET=utf8;
/*!40101 SET character_set_client = @saved_cs_client */;

--
-- Dumping data for table `toc_products_images_groups`
--

LOCK TABLES `toc_products_images_groups` WRITE;
/*!40000 ALTER TABLE `toc_products_images_groups` DISABLE KEYS */;
INSERT INTO `toc_products_images_groups` VALUES (1,1,'Originals','originals',0,0,0),(2,1,'Thumbnails','thumbnails',100,80,0),(3,1,'Product Information Page','product_info',240,180,0),(4,1,'Large','large',480,360,0),(5,1,'Mini','mini',55,45,0);
/*!40000 ALTER TABLE `toc_products_images_groups` ENABLE KEYS */;
UNLOCK TABLES;

--
-- Table structure for table `toc_products_notifications`
--

DROP TABLE IF EXISTS `toc_products_notifications`;
/*!40101 SET @saved_cs_client     = @@character_set_client */;
/*!40101 SET character_set_client = utf8 */;
CREATE TABLE `toc_products_notifications` (
  `products_id` int(11) NOT NULL,
  `customers_id` int(11) NOT NULL,
  `date_added` datetime NOT NULL,
  PRIMARY KEY (`products_id`,`customers_id`)
) ENGINE=MyISAM DEFAULT CHARSET=utf8;
/*!40101 SET character_set_client = @saved_cs_client */;

--
-- Dumping data for table `toc_products_notifications`
--

LOCK TABLES `toc_products_notifications` WRITE;
/*!40000 ALTER TABLE `toc_products_notifications` DISABLE KEYS */;
/*!40000 ALTER TABLE `toc_products_notifications` ENABLE KEYS */;
UNLOCK TABLES;

--
-- Table structure for table `toc_products_to_categories`
--

DROP TABLE IF EXISTS `toc_products_to_categories`;
/*!40101 SET @saved_cs_client     = @@character_set_client */;
/*!40101 SET character_set_client = utf8 */;
CREATE TABLE `toc_products_to_categories` (
  `products_id` int(11) NOT NULL,
  `categories_id` int(11) NOT NULL,
  PRIMARY KEY (`products_id`,`categories_id`)
) ENGINE=MyISAM DEFAULT CHARSET=utf8;
/*!40101 SET character_set_client = @saved_cs_client */;

--
-- Dumping data for table `toc_products_to_categories`
--

LOCK TABLES `toc_products_to_categories` WRITE;
/*!40000 ALTER TABLE `toc_products_to_categories` DISABLE KEYS */;
INSERT INTO `toc_products_to_categories` VALUES (1,2),(2,2),(3,2),(4,1),(5,1),(6,1),(7,1),(8,1),(9,1),(10,1),(11,1),(12,1),(13,1),(14,1),(15,5),(16,5),(17,5),(18,3),(19,5);
/*!40000 ALTER TABLE `toc_products_to_categories` ENABLE KEYS */;
UNLOCK TABLES;

--
-- Table structure for table `toc_products_variants`
--

DROP TABLE IF EXISTS `toc_products_variants`;
/*!40101 SET @saved_cs_client     = @@character_set_client */;
/*!40101 SET character_set_client = utf8 */;
CREATE TABLE `toc_products_variants` (
  `products_variants_id` int(11) NOT NULL AUTO_INCREMENT,
  `is_default` tinyint(1) NOT NULL DEFAULT '0',
  `products_id` int(11) NOT NULL DEFAULT '0',
  `products_images_id` int(11) DEFAULT NULL,
  `products_status` tinyint(1) NOT NULL,
  `products_price` decimal(15,4) NOT NULL,
  `products_sku` varchar(64) NOT NULL,
  `products_model` varchar(255) NOT NULL,
  `products_quantity` int(4) NOT NULL,
  `products_weight` decimal(5,2) NOT NULL,
  `filename` varchar(100) NOT NULL,
  `cache_filename` varchar(100) NOT NULL,
  PRIMARY KEY (`products_variants_id`),
  KEY `idx_products_variants_products_id` (`products_id`)
) ENGINE=MyISAM DEFAULT CHARSET=utf8;
/*!40101 SET character_set_client = @saved_cs_client */;

--
-- Dumping data for table `toc_products_variants`
--

LOCK TABLES `toc_products_variants` WRITE;
/*!40000 ALTER TABLE `toc_products_variants` DISABLE KEYS */;
/*!40000 ALTER TABLE `toc_products_variants` ENABLE KEYS */;
UNLOCK TABLES;

--
-- Table structure for table `toc_products_variants_entries`
--

DROP TABLE IF EXISTS `toc_products_variants_entries`;
/*!40101 SET @saved_cs_client     = @@character_set_client */;
/*!40101 SET character_set_client = utf8 */;
CREATE TABLE `toc_products_variants_entries` (
  `products_variants_entries_id` int(11) NOT NULL AUTO_INCREMENT,
  `products_variants_id` int(11) NOT NULL,
  `products_variants_groups_id` int(11) NOT NULL,
  `products_variants_values_id` int(11) NOT NULL,
  PRIMARY KEY (`products_variants_entries_id`),
  KEY `idx_products_variants_groups_values_id` (`products_variants_id`,`products_variants_groups_id`,`products_variants_values_id`)
) ENGINE=MyISAM DEFAULT CHARSET=utf8;
/*!40101 SET character_set_client = @saved_cs_client */;

--
-- Dumping data for table `toc_products_variants_entries`
--

LOCK TABLES `toc_products_variants_entries` WRITE;
/*!40000 ALTER TABLE `toc_products_variants_entries` DISABLE KEYS */;
/*!40000 ALTER TABLE `toc_products_variants_entries` ENABLE KEYS */;
UNLOCK TABLES;

--
-- Table structure for table `toc_products_variants_groups`
--

DROP TABLE IF EXISTS `toc_products_variants_groups`;
/*!40101 SET @saved_cs_client     = @@character_set_client */;
/*!40101 SET character_set_client = utf8 */;
CREATE TABLE `toc_products_variants_groups` (
  `products_variants_groups_id` int(11) NOT NULL DEFAULT '0',
  `language_id` int(11) NOT NULL DEFAULT '1',
  `products_variants_groups_name` varchar(32) NOT NULL DEFAULT '',
  PRIMARY KEY (`products_variants_groups_id`,`language_id`)
) ENGINE=MyISAM DEFAULT CHARSET=utf8;
/*!40101 SET character_set_client = @saved_cs_client */;

--
-- Dumping data for table `toc_products_variants_groups`
--

LOCK TABLES `toc_products_variants_groups` WRITE;
/*!40000 ALTER TABLE `toc_products_variants_groups` DISABLE KEYS */;
/*!40000 ALTER TABLE `toc_products_variants_groups` ENABLE KEYS */;
UNLOCK TABLES;

--
-- Table structure for table `toc_products_variants_values`
--

DROP TABLE IF EXISTS `toc_products_variants_values`;
/*!40101 SET @saved_cs_client     = @@character_set_client */;
/*!40101 SET character_set_client = utf8 */;
CREATE TABLE `toc_products_variants_values` (
  `products_variants_values_id` int(11) NOT NULL DEFAULT '0',
  `language_id` int(11) NOT NULL DEFAULT '1',
  `products_variants_values_name` varchar(64) NOT NULL DEFAULT '',
  PRIMARY KEY (`products_variants_values_id`,`language_id`)
) ENGINE=MyISAM DEFAULT CHARSET=utf8;
/*!40101 SET character_set_client = @saved_cs_client */;

--
-- Dumping data for table `toc_products_variants_values`
--

LOCK TABLES `toc_products_variants_values` WRITE;
/*!40000 ALTER TABLE `toc_products_variants_values` DISABLE KEYS */;
/*!40000 ALTER TABLE `toc_products_variants_values` ENABLE KEYS */;
UNLOCK TABLES;

--
-- Table structure for table `toc_products_variants_values_to_products_variants_groups`
--

DROP TABLE IF EXISTS `toc_products_variants_values_to_products_variants_groups`;
/*!40101 SET @saved_cs_client     = @@character_set_client */;
/*!40101 SET character_set_client = utf8 */;
CREATE TABLE `toc_products_variants_values_to_products_variants_groups` (
  `products_variants_values_to_products_variants_groups_id` int(11) NOT NULL AUTO_INCREMENT,
  `products_variants_groups_id` int(11) NOT NULL,
  `products_variants_values_id` int(11) NOT NULL,
  PRIMARY KEY (`products_variants_values_to_products_variants_groups_id`)
) ENGINE=MyISAM DEFAULT CHARSET=utf8;
/*!40101 SET character_set_client = @saved_cs_client */;

--
-- Dumping data for table `toc_products_variants_values_to_products_variants_groups`
--

LOCK TABLES `toc_products_variants_values_to_products_variants_groups` WRITE;
/*!40000 ALTER TABLE `toc_products_variants_values_to_products_variants_groups` DISABLE KEYS */;
/*!40000 ALTER TABLE `toc_products_variants_values_to_products_variants_groups` ENABLE KEYS */;
UNLOCK TABLES;

--
-- Table structure for table `toc_products_xsell`
--

DROP TABLE IF EXISTS `toc_products_xsell`;
/*!40101 SET @saved_cs_client     = @@character_set_client */;
/*!40101 SET character_set_client = utf8 */;
CREATE TABLE `toc_products_xsell` (
  `products_id` int(10) unsigned NOT NULL DEFAULT '1',
  `xsell_products_id` int(10) unsigned NOT NULL DEFAULT '1',
  PRIMARY KEY (`products_id`,`xsell_products_id`)
) ENGINE=MyISAM DEFAULT CHARSET=utf8;
/*!40101 SET character_set_client = @saved_cs_client */;

--
-- Dumping data for table `toc_products_xsell`
--

LOCK TABLES `toc_products_xsell` WRITE;
/*!40000 ALTER TABLE `toc_products_xsell` DISABLE KEYS */;
INSERT INTO `toc_products_xsell` VALUES (5,0),(15,0),(16,0),(17,0),(18,0),(19,0);
/*!40000 ALTER TABLE `toc_products_xsell` ENABLE KEYS */;
UNLOCK TABLES;

--
-- Table structure for table `toc_quantity_discount_groups`
--

DROP TABLE IF EXISTS `toc_quantity_discount_groups`;
/*!40101 SET @saved_cs_client     = @@character_set_client */;
/*!40101 SET character_set_client = utf8 */;
CREATE TABLE `toc_quantity_discount_groups` (
  `quantity_discount_groups_id` int(11) NOT NULL AUTO_INCREMENT,
  `quantity_discount_groups_name` varchar(128) NOT NULL,
  PRIMARY KEY (`quantity_discount_groups_id`)
) ENGINE=MyISAM DEFAULT CHARSET=utf8;
/*!40101 SET character_set_client = @saved_cs_client */;

--
-- Dumping data for table `toc_quantity_discount_groups`
--

LOCK TABLES `toc_quantity_discount_groups` WRITE;
/*!40000 ALTER TABLE `toc_quantity_discount_groups` DISABLE KEYS */;
/*!40000 ALTER TABLE `toc_quantity_discount_groups` ENABLE KEYS */;
UNLOCK TABLES;

--
-- Table structure for table `toc_quantity_discount_groups_values`
--

DROP TABLE IF EXISTS `toc_quantity_discount_groups_values`;
/*!40101 SET @saved_cs_client     = @@character_set_client */;
/*!40101 SET character_set_client = utf8 */;
CREATE TABLE `toc_quantity_discount_groups_values` (
  `quantity_discount_groups_values_id` int(11) NOT NULL AUTO_INCREMENT,
  `quantity_discount_groups_id` int(11) NOT NULL,
  `customers_groups_id` int(11) NOT NULL,
  `quantity` int(11) NOT NULL,
  `discount` int(11) NOT NULL,
  PRIMARY KEY (`quantity_discount_groups_values_id`),
  KEY `quantity_discount_groups_id` (`quantity_discount_groups_id`),
  KEY `customers_groups_id` (`customers_groups_id`)
) ENGINE=MyISAM DEFAULT CHARSET=utf8;
/*!40101 SET character_set_client = @saved_cs_client */;

--
-- Dumping data for table `toc_quantity_discount_groups_values`
--

LOCK TABLES `toc_quantity_discount_groups_values` WRITE;
/*!40000 ALTER TABLE `toc_quantity_discount_groups_values` DISABLE KEYS */;
/*!40000 ALTER TABLE `toc_quantity_discount_groups_values` ENABLE KEYS */;
UNLOCK TABLES;

--
-- Table structure for table `toc_quantity_unit_classes`
--

DROP TABLE IF EXISTS `toc_quantity_unit_classes`;
/*!40101 SET @saved_cs_client     = @@character_set_client */;
/*!40101 SET character_set_client = utf8 */;
CREATE TABLE `toc_quantity_unit_classes` (
  `quantity_unit_class_id` int(11) NOT NULL,
  `language_id` int(11) NOT NULL,
  `quantity_unit_class_title` varchar(32) NOT NULL,
  PRIMARY KEY (`quantity_unit_class_id`,`language_id`)
) ENGINE=MyISAM DEFAULT CHARSET=utf8;
/*!40101 SET character_set_client = @saved_cs_client */;

--
-- Dumping data for table `toc_quantity_unit_classes`
--

LOCK TABLES `toc_quantity_unit_classes` WRITE;
/*!40000 ALTER TABLE `toc_quantity_unit_classes` DISABLE KEYS */;
INSERT INTO `toc_quantity_unit_classes` VALUES (1,1,'pcs'),(2,1,'kg'),(3,1,'liter'),(4,1,'dozen');
/*!40000 ALTER TABLE `toc_quantity_unit_classes` ENABLE KEYS */;
UNLOCK TABLES;

--
-- Table structure for table `toc_ratings`
--

DROP TABLE IF EXISTS `toc_ratings`;
/*!40101 SET @saved_cs_client     = @@character_set_client */;
/*!40101 SET character_set_client = utf8 */;
CREATE TABLE `toc_ratings` (
  `ratings_id` int(11) NOT NULL AUTO_INCREMENT,
  `status` tinyint(1) NOT NULL,
  PRIMARY KEY (`ratings_id`)
) ENGINE=MyISAM DEFAULT CHARSET=utf8;
/*!40101 SET character_set_client = @saved_cs_client */;

--
-- Dumping data for table `toc_ratings`
--

LOCK TABLES `toc_ratings` WRITE;
/*!40000 ALTER TABLE `toc_ratings` DISABLE KEYS */;
/*!40000 ALTER TABLE `toc_ratings` ENABLE KEYS */;
UNLOCK TABLES;

--
-- Table structure for table `toc_ratings_description`
--

DROP TABLE IF EXISTS `toc_ratings_description`;
/*!40101 SET @saved_cs_client     = @@character_set_client */;
/*!40101 SET character_set_client = utf8 */;
CREATE TABLE `toc_ratings_description` (
  `ratings_id` int(11) NOT NULL,
  `languages_id` int(11) NOT NULL,
  `ratings_text` varchar(64) NOT NULL,
  PRIMARY KEY (`ratings_id`,`languages_id`)
) ENGINE=MyISAM DEFAULT CHARSET=utf8;
/*!40101 SET character_set_client = @saved_cs_client */;

--
-- Dumping data for table `toc_ratings_description`
--

LOCK TABLES `toc_ratings_description` WRITE;
/*!40000 ALTER TABLE `toc_ratings_description` DISABLE KEYS */;
/*!40000 ALTER TABLE `toc_ratings_description` ENABLE KEYS */;
UNLOCK TABLES;

--
-- Table structure for table `toc_reviews`
--

DROP TABLE IF EXISTS `toc_reviews`;
/*!40101 SET @saved_cs_client     = @@character_set_client */;
/*!40101 SET character_set_client = utf8 */;
CREATE TABLE `toc_reviews` (
  `reviews_id` int(11) NOT NULL AUTO_INCREMENT,
  `products_id` int(11) NOT NULL,
  `customers_id` int(11) DEFAULT NULL,
  `customers_name` varchar(64) NOT NULL,
  `reviews_rating` int(1) DEFAULT NULL,
  `languages_id` int(11) NOT NULL,
  `reviews_text` text NOT NULL,
  `date_added` datetime DEFAULT NULL,
  `last_modified` datetime DEFAULT NULL,
  `reviews_read` int(5) NOT NULL DEFAULT '0',
  `reviews_status` tinyint(1) NOT NULL,
  PRIMARY KEY (`reviews_id`)
) ENGINE=MyISAM DEFAULT CHARSET=utf8;
/*!40101 SET character_set_client = @saved_cs_client */;

--
-- Dumping data for table `toc_reviews`
--

LOCK TABLES `toc_reviews` WRITE;
/*!40000 ALTER TABLE `toc_reviews` DISABLE KEYS */;
/*!40000 ALTER TABLE `toc_reviews` ENABLE KEYS */;
UNLOCK TABLES;

--
-- Table structure for table `toc_search_terms`
--

DROP TABLE IF EXISTS `toc_search_terms`;
/*!40101 SET @saved_cs_client     = @@character_set_client */;
/*!40101 SET character_set_client = utf8 */;
CREATE TABLE `toc_search_terms` (
  `search_terms_id` int(10) NOT NULL AUTO_INCREMENT,
  `text` varchar(128) NOT NULL,
  `products_count` int(10) NOT NULL,
  `search_count` int(10) NOT NULL,
  `synonym` varchar(128) NOT NULL,
  `show_in_terms` tinyint(1) NOT NULL,
  `date_updated` datetime NOT NULL,
  PRIMARY KEY (`search_terms_id`)
) ENGINE=MyISAM AUTO_INCREMENT=11 DEFAULT CHARSET=utf8;
/*!40101 SET character_set_client = @saved_cs_client */;

--
-- Dumping data for table `toc_search_terms`
--

LOCK TABLES `toc_search_terms` WRITE;
/*!40000 ALTER TABLE `toc_search_terms` DISABLE KEYS */;
INSERT INTO `toc_search_terms` VALUES (1,'apple',2,30,'',1,'2015-09-07 10:12:36'),(2,'asus',0,7,'',0,'2015-09-07 10:12:36'),(3,'ibm',0,16,'',0,'2015-09-07 10:12:36'),(4,'sony',0,27,'',1,'2015-09-07 10:12:36'),(5,'acer',0,95,'',1,'2015-09-07 10:12:36'),(6,'benq',0,46,'',1,'2015-09-07 10:12:36'),(7,'lenovo',0,55,'',1,'2015-09-07 10:12:36'),(8,'nokia',0,74,'',1,'2015-09-07 10:12:36'),(9,'LG',0,75,'',1,'2015-09-07 10:12:36'),(10,'Samsung',0,42,'',1,'2015-09-07 10:12:36');
/*!40000 ALTER TABLE `toc_search_terms` ENABLE KEYS */;
UNLOCK TABLES;

--
-- Table structure for table `toc_sessions`
--

DROP TABLE IF EXISTS `toc_sessions`;
/*!40101 SET @saved_cs_client     = @@character_set_client */;
/*!40101 SET character_set_client = utf8 */;
CREATE TABLE `toc_sessions` (
  `sesskey` varchar(32) NOT NULL,
  `expiry` int(11) unsigned NOT NULL,
  `value` text NOT NULL,
  PRIMARY KEY (`sesskey`)
) ENGINE=MyISAM DEFAULT CHARSET=utf8;
/*!40101 SET character_set_client = @saved_cs_client */;

--
-- Dumping data for table `toc_sessions`
--

LOCK TABLES `toc_sessions` WRITE;
/*!40000 ALTER TABLE `toc_sessions` DISABLE KEYS */;
INSERT INTO `toc_sessions` VALUES ('075ao1airgg5lmrrfbl8rmb423',1446546256,'language|s:5:\"en_US\";currency|s:3:\"USD\";osC_ShoppingCart_data|a:21:{s:8:\"contents\";a:0:{}s:14:\"sub_total_cost\";i:0;s:10:\"total_cost\";i:0;s:12:\"total_weight\";i:0;s:3:\"tax\";i:0;s:16:\"is_gift_wrapping\";b:0;s:10:\"tax_groups\";a:0:{}s:11:\"coupon_code\";N;s:13:\"coupon_amount\";i:0;s:22:\"gift_certificate_codes\";a:0:{}s:30:\"gift_certificate_redeem_amount\";a:0:{}s:15:\"customer_credit\";i:0;s:19:\"use_customer_credit\";b:0;s:21:\"shipping_boxes_weight\";i:0;s:14:\"shipping_boxes\";i:0;s:16:\"shipping_address\";a:2:{s:7:\"zone_id\";s:4:\"1072\";s:10:\"country_id\";s:2:\"73\";}s:15:\"shipping_method\";a:0:{}s:15:\"billing_address\";a:2:{s:7:\"zone_id\";s:4:\"1072\";s:10:\"country_id\";s:2:\"73\";}s:14:\"billing_method\";a:0:{}s:15:\"shipping_quotes\";a:0:{}s:12:\"order_totals\";a:0:{}}cartID|s:5:\"79779\";toC_Wishlist_data|a:3:{s:8:\"contents\";a:0:{}s:12:\"wishlists_id\";N;s:5:\"token\";N;}toC_Compare_Products_data|a:0:{}toC_Customization_Fields_data|a:1:{s:8:\"contents\";a:0:{}}osC_NavigationHistory_data|a:1:{i:0;a:4:{s:4:\"page\";s:8:\"json.php\";s:4:\"mode\";s:6:\"NONSSL\";s:3:\"get\";a:0:{}s:4:\"post\";a:0:{}}}osC_RecentlyVisited_data|a:0:{}'),('b76u7ala0cbvvmj5jgjmvm2f47',1446546283,'language|s:5:\"en_US\";currency|s:3:\"USD\";osC_ShoppingCart_data|a:21:{s:8:\"contents\";a:0:{}s:14:\"sub_total_cost\";i:0;s:10:\"total_cost\";i:0;s:12:\"total_weight\";i:0;s:3:\"tax\";i:0;s:16:\"is_gift_wrapping\";b:0;s:10:\"tax_groups\";a:0:{}s:11:\"coupon_code\";N;s:13:\"coupon_amount\";i:0;s:22:\"gift_certificate_codes\";a:0:{}s:30:\"gift_certificate_redeem_amount\";a:0:{}s:15:\"customer_credit\";i:0;s:19:\"use_customer_credit\";b:0;s:21:\"shipping_boxes_weight\";i:0;s:14:\"shipping_boxes\";i:0;s:16:\"shipping_address\";a:2:{s:7:\"zone_id\";s:4:\"1072\";s:10:\"country_id\";s:2:\"73\";}s:15:\"shipping_method\";a:0:{}s:15:\"billing_address\";a:2:{s:7:\"zone_id\";s:4:\"1072\";s:10:\"country_id\";s:2:\"73\";}s:14:\"billing_method\";a:0:{}s:15:\"shipping_quotes\";a:0:{}s:12:\"order_totals\";a:0:{}}cartID|s:5:\"15273\";toC_Wishlist_data|a:3:{s:8:\"contents\";a:0:{}s:12:\"wishlists_id\";N;s:5:\"token\";N;}toC_Compare_Products_data|a:0:{}toC_Customization_Fields_data|a:1:{s:8:\"contents\";a:0:{}}osC_NavigationHistory_data|a:1:{i:0;a:4:{s:4:\"page\";s:8:\"json.php\";s:4:\"mode\";s:6:\"NONSSL\";s:3:\"get\";a:0:{}s:4:\"post\";a:0:{}}}osC_RecentlyVisited_data|a:0:{}'),('7vs4hhirpkhgo20qk1linaltf6',1446546256,'language|s:5:\"en_US\";currency|s:3:\"USD\";osC_ShoppingCart_data|a:21:{s:8:\"contents\";a:0:{}s:14:\"sub_total_cost\";i:0;s:10:\"total_cost\";i:0;s:12:\"total_weight\";i:0;s:3:\"tax\";i:0;s:16:\"is_gift_wrapping\";b:0;s:10:\"tax_groups\";a:0:{}s:11:\"coupon_code\";N;s:13:\"coupon_amount\";i:0;s:22:\"gift_certificate_codes\";a:0:{}s:30:\"gift_certificate_redeem_amount\";a:0:{}s:15:\"customer_credit\";i:0;s:19:\"use_customer_credit\";b:0;s:21:\"shipping_boxes_weight\";i:0;s:14:\"shipping_boxes\";i:0;s:16:\"shipping_address\";a:2:{s:7:\"zone_id\";s:4:\"1072\";s:10:\"country_id\";s:2:\"73\";}s:15:\"shipping_method\";a:0:{}s:15:\"billing_address\";a:2:{s:7:\"zone_id\";s:4:\"1072\";s:10:\"country_id\";s:2:\"73\";}s:14:\"billing_method\";a:0:{}s:15:\"shipping_quotes\";a:0:{}s:12:\"order_totals\";a:0:{}}cartID|s:5:\"16959\";toC_Wishlist_data|a:3:{s:8:\"contents\";a:0:{}s:12:\"wishlists_id\";N;s:5:\"token\";N;}toC_Compare_Products_data|a:0:{}toC_Customization_Fields_data|a:1:{s:8:\"contents\";a:0:{}}osC_NavigationHistory_data|a:1:{i:0;a:4:{s:4:\"page\";s:8:\"json.php\";s:4:\"mode\";s:6:\"NONSSL\";s:3:\"get\";a:0:{}s:4:\"post\";a:0:{}}}osC_RecentlyVisited_data|a:0:{}'),('285fp3t9pnlihpjpb1akglefu4',1446546256,'language|s:5:\"en_US\";currency|s:3:\"USD\";osC_ShoppingCart_data|a:21:{s:8:\"contents\";a:0:{}s:14:\"sub_total_cost\";i:0;s:10:\"total_cost\";i:0;s:12:\"total_weight\";i:0;s:3:\"tax\";i:0;s:16:\"is_gift_wrapping\";b:0;s:10:\"tax_groups\";a:0:{}s:11:\"coupon_code\";N;s:13:\"coupon_amount\";i:0;s:22:\"gift_certificate_codes\";a:0:{}s:30:\"gift_certificate_redeem_amount\";a:0:{}s:15:\"customer_credit\";i:0;s:19:\"use_customer_credit\";b:0;s:21:\"shipping_boxes_weight\";i:0;s:14:\"shipping_boxes\";i:0;s:16:\"shipping_address\";a:2:{s:7:\"zone_id\";s:4:\"1072\";s:10:\"country_id\";s:2:\"73\";}s:15:\"shipping_method\";a:0:{}s:15:\"billing_address\";a:2:{s:7:\"zone_id\";s:4:\"1072\";s:10:\"country_id\";s:2:\"73\";}s:14:\"billing_method\";a:0:{}s:15:\"shipping_quotes\";a:0:{}s:12:\"order_totals\";a:0:{}}cartID|s:5:\"01035\";toC_Wishlist_data|a:3:{s:8:\"contents\";a:0:{}s:12:\"wishlists_id\";N;s:5:\"token\";N;}toC_Compare_Products_data|a:0:{}toC_Customization_Fields_data|a:1:{s:8:\"contents\";a:0:{}}osC_NavigationHistory_data|a:1:{i:0;a:4:{s:4:\"page\";s:8:\"json.php\";s:4:\"mode\";s:6:\"NONSSL\";s:3:\"get\";a:0:{}s:4:\"post\";a:0:{}}}osC_RecentlyVisited_data|a:0:{}'),('h86aa7e8t3rdin8ocq1og3fjm4',1446546256,'language|s:5:\"en_US\";currency|s:3:\"USD\";osC_ShoppingCart_data|a:21:{s:8:\"contents\";a:0:{}s:14:\"sub_total_cost\";i:0;s:10:\"total_cost\";i:0;s:12:\"total_weight\";i:0;s:3:\"tax\";i:0;s:16:\"is_gift_wrapping\";b:0;s:10:\"tax_groups\";a:0:{}s:11:\"coupon_code\";N;s:13:\"coupon_amount\";i:0;s:22:\"gift_certificate_codes\";a:0:{}s:30:\"gift_certificate_redeem_amount\";a:0:{}s:15:\"customer_credit\";i:0;s:19:\"use_customer_credit\";b:0;s:21:\"shipping_boxes_weight\";i:0;s:14:\"shipping_boxes\";i:0;s:16:\"shipping_address\";a:2:{s:7:\"zone_id\";s:4:\"1072\";s:10:\"country_id\";s:2:\"73\";}s:15:\"shipping_method\";a:0:{}s:15:\"billing_address\";a:2:{s:7:\"zone_id\";s:4:\"1072\";s:10:\"country_id\";s:2:\"73\";}s:14:\"billing_method\";a:0:{}s:15:\"shipping_quotes\";a:0:{}s:12:\"order_totals\";a:0:{}}cartID|s:5:\"75370\";toC_Wishlist_data|a:3:{s:8:\"contents\";a:0:{}s:12:\"wishlists_id\";N;s:5:\"token\";N;}toC_Compare_Products_data|a:0:{}toC_Customization_Fields_data|a:1:{s:8:\"contents\";a:0:{}}osC_NavigationHistory_data|a:1:{i:0;a:4:{s:4:\"page\";s:8:\"json.php\";s:4:\"mode\";s:6:\"NONSSL\";s:3:\"get\";a:0:{}s:4:\"post\";a:0:{}}}osC_RecentlyVisited_data|a:0:{}'),('05voj0fmh033c1mkrmqb7kl443',1446546256,'language|s:5:\"en_US\";currency|s:3:\"USD\";osC_ShoppingCart_data|a:21:{s:8:\"contents\";a:0:{}s:14:\"sub_total_cost\";i:0;s:10:\"total_cost\";i:0;s:12:\"total_weight\";i:0;s:3:\"tax\";i:0;s:16:\"is_gift_wrapping\";b:0;s:10:\"tax_groups\";a:0:{}s:11:\"coupon_code\";N;s:13:\"coupon_amount\";i:0;s:22:\"gift_certificate_codes\";a:0:{}s:30:\"gift_certificate_redeem_amount\";a:0:{}s:15:\"customer_credit\";i:0;s:19:\"use_customer_credit\";b:0;s:21:\"shipping_boxes_weight\";i:0;s:14:\"shipping_boxes\";i:0;s:16:\"shipping_address\";a:2:{s:7:\"zone_id\";s:4:\"1072\";s:10:\"country_id\";s:2:\"73\";}s:15:\"shipping_method\";a:0:{}s:15:\"billing_address\";a:2:{s:7:\"zone_id\";s:4:\"1072\";s:10:\"country_id\";s:2:\"73\";}s:14:\"billing_method\";a:0:{}s:15:\"shipping_quotes\";a:0:{}s:12:\"order_totals\";a:0:{}}cartID|s:5:\"86791\";toC_Wishlist_data|a:3:{s:8:\"contents\";a:0:{}s:12:\"wishlists_id\";N;s:5:\"token\";N;}toC_Compare_Products_data|a:0:{}toC_Customization_Fields_data|a:1:{s:8:\"contents\";a:0:{}}osC_NavigationHistory_data|a:1:{i:0;a:4:{s:4:\"page\";s:8:\"json.php\";s:4:\"mode\";s:6:\"NONSSL\";s:3:\"get\";a:0:{}s:4:\"post\";a:0:{}}}osC_RecentlyVisited_data|a:0:{}'),('ujn87ar4fh90hmj17giisjvai5',1446546241,'language|s:5:\"en_US\";currency|s:3:\"USD\";osC_ShoppingCart_data|a:21:{s:8:\"contents\";a:0:{}s:14:\"sub_total_cost\";i:0;s:10:\"total_cost\";i:0;s:12:\"total_weight\";i:0;s:3:\"tax\";i:0;s:16:\"is_gift_wrapping\";b:0;s:10:\"tax_groups\";a:0:{}s:11:\"coupon_code\";N;s:13:\"coupon_amount\";i:0;s:22:\"gift_certificate_codes\";a:0:{}s:30:\"gift_certificate_redeem_amount\";a:0:{}s:15:\"customer_credit\";i:0;s:19:\"use_customer_credit\";b:0;s:21:\"shipping_boxes_weight\";i:0;s:14:\"shipping_boxes\";i:0;s:16:\"shipping_address\";a:2:{s:7:\"zone_id\";s:4:\"1072\";s:10:\"country_id\";s:2:\"73\";}s:15:\"shipping_method\";a:0:{}s:15:\"billing_address\";a:2:{s:7:\"zone_id\";s:4:\"1072\";s:10:\"country_id\";s:2:\"73\";}s:14:\"billing_method\";a:0:{}s:15:\"shipping_quotes\";a:0:{}s:12:\"order_totals\";a:0:{}}cartID|s:5:\"09149\";toC_Wishlist_data|a:3:{s:8:\"contents\";a:0:{}s:12:\"wishlists_id\";N;s:5:\"token\";N;}toC_Compare_Products_data|a:0:{}toC_Customization_Fields_data|a:1:{s:8:\"contents\";a:0:{}}osC_NavigationHistory_data|a:1:{i:0;a:4:{s:4:\"page\";s:8:\"json.php\";s:4:\"mode\";s:6:\"NONSSL\";s:3:\"get\";a:0:{}s:4:\"post\";a:0:{}}}osC_RecentlyVisited_data|a:0:{}'),('hqofbmn51h0gir85n1s9l21l50',1446546256,'language|s:5:\"en_US\";currency|s:3:\"USD\";osC_ShoppingCart_data|a:21:{s:8:\"contents\";a:0:{}s:14:\"sub_total_cost\";i:0;s:10:\"total_cost\";i:0;s:12:\"total_weight\";i:0;s:3:\"tax\";i:0;s:16:\"is_gift_wrapping\";b:0;s:10:\"tax_groups\";a:0:{}s:11:\"coupon_code\";N;s:13:\"coupon_amount\";i:0;s:22:\"gift_certificate_codes\";a:0:{}s:30:\"gift_certificate_redeem_amount\";a:0:{}s:15:\"customer_credit\";i:0;s:19:\"use_customer_credit\";b:0;s:21:\"shipping_boxes_weight\";i:0;s:14:\"shipping_boxes\";i:0;s:16:\"shipping_address\";a:2:{s:7:\"zone_id\";s:4:\"1072\";s:10:\"country_id\";s:2:\"73\";}s:15:\"shipping_method\";a:0:{}s:15:\"billing_address\";a:2:{s:7:\"zone_id\";s:4:\"1072\";s:10:\"country_id\";s:2:\"73\";}s:14:\"billing_method\";a:0:{}s:15:\"shipping_quotes\";a:0:{}s:12:\"order_totals\";a:0:{}}cartID|s:5:\"35352\";toC_Wishlist_data|a:3:{s:8:\"contents\";a:0:{}s:12:\"wishlists_id\";N;s:5:\"token\";N;}toC_Compare_Products_data|a:0:{}toC_Customization_Fields_data|a:1:{s:8:\"contents\";a:0:{}}osC_NavigationHistory_data|a:1:{i:0;a:4:{s:4:\"page\";s:8:\"json.php\";s:4:\"mode\";s:6:\"NONSSL\";s:3:\"get\";a:0:{}s:4:\"post\";a:0:{}}}osC_RecentlyVisited_data|a:0:{}'),('si2ujgoct48earcu5ltjamdjr6',1446546341,'language|s:5:\"en_US\";currency|s:3:\"USD\";osC_ShoppingCart_data|a:21:{s:8:\"contents\";a:1:{i:17;a:14:{s:2:\"id\";s:2:\"17\";s:4:\"name\";s:15:\"Apple iPhone 3G\";s:4:\"type\";s:1:\"0\";s:7:\"keyword\";N;s:3:\"sku\";s:0:\"\";s:5:\"image\";s:19:\"iphone-03923923.jpg\";s:5:\"price\";d:399;s:11:\"final_price\";d:399;s:8:\"quantity\";i:1;s:6:\"weight\";s:5:\"10.00\";s:12:\"tax_class_id\";s:1:\"0\";s:10:\"date_added\";s:10:\"10/23/2015\";s:15:\"weight_class_id\";s:1:\"2\";s:7:\"gc_data\";N;}}s:14:\"sub_total_cost\";d:399;s:10:\"total_cost\";d:404;s:12:\"total_weight\";d:10;s:3:\"tax\";d:0;s:16:\"is_gift_wrapping\";b:0;s:10:\"tax_groups\";a:1:{s:16:\"Tax rate unknown\";d:0;}s:11:\"coupon_code\";N;s:13:\"coupon_amount\";i:0;s:22:\"gift_certificate_codes\";a:0:{}s:30:\"gift_certificate_redeem_amount\";a:0:{}s:15:\"customer_credit\";i:0;s:19:\"use_customer_credit\";b:0;s:21:\"shipping_boxes_weight\";d:13;s:14:\"shipping_boxes\";i:1;s:16:\"shipping_address\";a:19:{s:2:\"id\";s:1:\"5\";s:6:\"gender\";s:1:\"f\";s:9:\"firstname\";s:5:\"Alice\";s:8:\"lastname\";s:6:\"Victim\";s:7:\"company\";s:0:\"\";s:14:\"street_address\";s:26:\"10 Boulevard de Strasbourg\";s:6:\"suburb\";s:0:\"\";s:4:\"city\";s:5:\"Paris\";s:8:\"postcode\";s:5:\"75010\";s:5:\"state\";s:5:\"Paris\";s:7:\"zone_id\";i:1142;s:9:\"zone_code\";s:2:\"75\";s:10:\"country_id\";i:73;s:13:\"country_title\";s:6:\"France\";s:18:\"country_iso_code_2\";s:2:\"FR\";s:18:\"country_iso_code_3\";s:3:\"FRA\";s:6:\"format\";s:46:\":name\n:street_address\n:postcode :city\n:country\";s:16:\"telephone_number\";s:8:\"04040404\";s:3:\"fax\";s:0:\"\";}s:15:\"shipping_method\";a:5:{s:2:\"id\";s:9:\"flat_flat\";s:5:\"title\";s:20:\"Flat Rate (Best Way)\";s:4:\"cost\";s:4:\"5.00\";s:12:\"tax_class_id\";s:1:\"0\";s:11:\"is_cheapest\";N;}s:15:\"billing_address\";a:19:{s:2:\"id\";s:1:\"5\";s:6:\"gender\";s:1:\"f\";s:9:\"firstname\";s:5:\"Alice\";s:8:\"lastname\";s:6:\"Victim\";s:7:\"company\";s:0:\"\";s:14:\"street_address\";s:26:\"10 Boulevard de Strasbourg\";s:6:\"suburb\";s:0:\"\";s:4:\"city\";s:5:\"Paris\";s:8:\"postcode\";s:5:\"75010\";s:5:\"state\";s:5:\"Paris\";s:7:\"zone_id\";i:1142;s:9:\"zone_code\";s:2:\"75\";s:10:\"country_id\";i:73;s:13:\"country_title\";s:6:\"France\";s:18:\"country_iso_code_2\";s:2:\"FR\";s:18:\"country_iso_code_3\";s:3:\"FRA\";s:6:\"format\";s:46:\":name\n:street_address\n:postcode :city\n:country\";s:16:\"telephone_number\";s:8:\"04040404\";s:3:\"fax\";s:0:\"\";}s:14:\"billing_method\";a:2:{s:2:\"id\";s:14:\"paypal_express\";s:5:\"title\";s:55:\"PayPal Express (including Credit Cards and Debit Cards)\";}s:15:\"shipping_quotes\";a:1:{i:0;a:4:{s:2:\"id\";s:4:\"flat\";s:6:\"module\";s:9:\"Flat Rate\";s:7:\"methods\";a:1:{i:0;a:3:{s:2:\"id\";s:4:\"flat\";s:5:\"title\";s:8:\"Best Way\";s:4:\"cost\";s:4:\"5.00\";}}s:12:\"tax_class_id\";s:1:\"0\";}}s:12:\"order_totals\";a:3:{i:0;a:6:{s:4:\"code\";s:9:\"sub_total\";s:5:\"title\";s:10:\"Sub-Total:\";s:4:\"text\";s:7:\"$399.00\";s:5:\"value\";d:399;s:3:\"tax\";d:-399;s:10:\"sort_order\";s:2:\"10\";}i:1;a:6:{s:4:\"code\";s:18:\"shipping-flat_flat\";s:5:\"title\";s:21:\"Flat Rate (Best Way):\";s:4:\"text\";s:5:\"$5.00\";s:5:\"value\";s:4:\"5.00\";s:3:\"tax\";d:0;s:10:\"sort_order\";s:2:\"20\";}i:2;a:6:{s:4:\"code\";s:5:\"total\";s:5:\"title\";s:6:\"Total:\";s:4:\"text\";s:14:\"<b>$404.00</b>\";s:5:\"value\";d:404;s:3:\"tax\";d:-404;s:10:\"sort_order\";s:2:\"80\";}}}toC_Wishlist_data|a:3:{s:8:\"contents\";a:0:{}s:12:\"wishlists_id\";N;s:5:\"token\";s:32:\"f5991596fd9f2f943a9db98ab32a18b8\";}toC_Compare_Products_data|a:0:{}toC_Customization_Fields_data|a:1:{s:8:\"contents\";a:0:{}}osC_NavigationHistory_data|a:2:{i:0;a:4:{s:4:\"page\";s:9:\"index.php\";s:4:\"mode\";s:6:\"NONSSL\";s:3:\"get\";a:2:{s:5:\"index\";s:0:\"\";s:3:\"sid\";s:26:\"si2ujgoct48earcu5ltjamdjr6\";}s:4:\"post\";a:0:{}}i:1;a:4:{s:4:\"page\";s:8:\"json.php\";s:4:\"mode\";s:6:\"NONSSL\";s:3:\"get\";a:0:{}s:4:\"post\";a:3:{s:6:\"action\";s:29:\"load_billing_information_form\";s:6:\"module\";s:8:\"checkout\";s:3:\"sid\";s:26:\"si2ujgoct48earcu5ltjamdjr6\";}}}osC_RecentlyVisited_data|a:0:{}template|a:2:{s:2:\"id\";s:1:\"1\";s:4:\"code\";s:10:\"glass_gray\";}osC_Customer_data|a:11:{s:2:\"id\";i:3;s:19:\"customers_groups_id\";b:0;s:6:\"gender\";s:1:\"f\";s:10:\"first_name\";s:5:\"Alice\";s:9:\"last_name\";s:6:\"Victim\";s:13:\"email_address\";s:16:\"alice@victim.com\";s:25:\"customers_groups_discount\";b:0;s:17:\"customers_credits\";s:6:\"0.0000\";s:10:\"country_id\";s:2:\"73\";s:7:\"zone_id\";s:4:\"1142\";s:18:\"default_address_id\";s:1:\"5\";}cartID|s:5:\"93045\";osC_NavigationHistory_snapshot|a:4:{s:4:\"page\";s:12:\"checkout.php\";s:4:\"mode\";s:6:\"NONSSL\";s:3:\"get\";a:2:{s:8:\"checkout\";s:0:\"\";s:3:\"sid\";s:26:\"si2ujgoct48earcu5ltjamdjr6\";}s:4:\"post\";a:0:{}}'),('be0v2a3r3iqtiqgp8ves05l5v4',1446564021,'language|s:5:\"en_US\";currency|s:3:\"USD\";osC_ShoppingCart_data|a:21:{s:8:\"contents\";a:0:{}s:14:\"sub_total_cost\";i:0;s:10:\"total_cost\";i:0;s:12:\"total_weight\";i:0;s:3:\"tax\";i:0;s:16:\"is_gift_wrapping\";b:0;s:10:\"tax_groups\";a:0:{}s:11:\"coupon_code\";N;s:13:\"coupon_amount\";i:0;s:22:\"gift_certificate_codes\";a:0:{}s:30:\"gift_certificate_redeem_amount\";a:0:{}s:15:\"customer_credit\";i:0;s:19:\"use_customer_credit\";b:0;s:21:\"shipping_boxes_weight\";i:0;s:14:\"shipping_boxes\";i:0;s:16:\"shipping_address\";a:2:{s:7:\"zone_id\";s:4:\"1072\";s:10:\"country_id\";s:2:\"73\";}s:15:\"shipping_method\";a:0:{}s:15:\"billing_address\";a:2:{s:7:\"zone_id\";s:4:\"1072\";s:10:\"country_id\";s:2:\"73\";}s:14:\"billing_method\";a:0:{}s:15:\"shipping_quotes\";a:0:{}s:12:\"order_totals\";a:0:{}}cartID|s:5:\"73227\";toC_Wishlist_data|a:3:{s:8:\"contents\";a:0:{}s:12:\"wishlists_id\";N;s:5:\"token\";N;}toC_Compare_Products_data|a:0:{}toC_Customization_Fields_data|a:1:{s:8:\"contents\";a:0:{}}osC_NavigationHistory_data|a:2:{i:0;a:4:{s:4:\"page\";s:9:\"index.php\";s:4:\"mode\";s:6:\"NONSSL\";s:3:\"get\";a:1:{s:3:\"sid\";s:26:\"be0v2a3r3iqtiqgp8ves05l5v4\";}s:4:\"post\";a:0:{}}i:1;a:4:{s:4:\"page\";s:8:\"json.php\";s:4:\"mode\";s:6:\"NONSSL\";s:3:\"get\";a:0:{}s:4:\"post\";a:3:{s:6:\"action\";s:9:\"load_cart\";s:6:\"module\";s:18:\"ajax_shopping_cart\";s:3:\"sid\";s:26:\"be0v2a3r3iqtiqgp8ves05l5v4\";}}}osC_RecentlyVisited_data|a:0:{}template|a:2:{s:2:\"id\";s:1:\"1\";s:4:\"code\";s:10:\"glass_gray\";}'),('mmqsaau5hot5nae711jlgqskn2',1446564028,'admin_language|s:5:\"en_US\";module|s:5:\"index\";'),('7gjid7n6tb58780s6vrqo64m80',1446569189,'language|s:5:\"en_US\";currency|s:3:\"USD\";osC_ShoppingCart_data|a:21:{s:8:\"contents\";a:1:{i:17;a:14:{s:2:\"id\";s:2:\"17\";s:4:\"name\";s:15:\"Apple iPhone 3G\";s:4:\"type\";s:1:\"0\";s:7:\"keyword\";N;s:3:\"sku\";s:0:\"\";s:5:\"image\";s:19:\"iphone-03923923.jpg\";s:5:\"price\";d:399;s:11:\"final_price\";d:399;s:8:\"quantity\";i:1;s:6:\"weight\";s:5:\"10.00\";s:12:\"tax_class_id\";s:1:\"0\";s:10:\"date_added\";s:10:\"10/23/2015\";s:15:\"weight_class_id\";s:1:\"2\";s:7:\"gc_data\";N;}}s:14:\"sub_total_cost\";d:399;s:10:\"total_cost\";d:399;s:12:\"total_weight\";d:10;s:3:\"tax\";d:0;s:16:\"is_gift_wrapping\";b:0;s:10:\"tax_groups\";a:1:{s:16:\"Tax rate unknown\";d:0;}s:11:\"coupon_code\";N;s:13:\"coupon_amount\";i:0;s:22:\"gift_certificate_codes\";a:0:{}s:30:\"gift_certificate_redeem_amount\";a:0:{}s:15:\"customer_credit\";i:0;s:19:\"use_customer_credit\";b:0;s:21:\"shipping_boxes_weight\";d:13;s:14:\"shipping_boxes\";i:1;s:16:\"shipping_address\";a:19:{s:2:\"id\";s:1:\"6\";s:6:\"gender\";s:1:\"m\";s:9:\"firstname\";s:5:\"User1\";s:8:\"lastname\";s:3:\"One\";s:7:\"company\";s:0:\"\";s:14:\"street_address\";s:20:\"1 Chemin de Besancon\";s:6:\"suburb\";s:5:\"Paris\";s:4:\"city\";s:5:\"Paris\";s:8:\"postcode\";s:5:\"75001\";s:5:\"state\";s:5:\"Paris\";s:7:\"zone_id\";i:1142;s:9:\"zone_code\";s:2:\"75\";s:10:\"country_id\";i:73;s:13:\"country_title\";s:6:\"France\";s:18:\"country_iso_code_2\";s:2:\"FR\";s:18:\"country_iso_code_3\";s:3:\"FRA\";s:6:\"format\";s:46:\":name\n:street_address\n:postcode :city\n:country\";s:16:\"telephone_number\";s:10:\"0101010101\";s:3:\"fax\";s:0:\"\";}s:15:\"shipping_method\";a:0:{}s:15:\"billing_address\";a:19:{s:2:\"id\";s:1:\"6\";s:6:\"gender\";s:1:\"m\";s:9:\"firstname\";s:5:\"User1\";s:8:\"lastname\";s:3:\"One\";s:7:\"company\";s:0:\"\";s:14:\"street_address\";s:20:\"1 Chemin de Besancon\";s:6:\"suburb\";s:5:\"Paris\";s:4:\"city\";s:5:\"Paris\";s:8:\"postcode\";s:5:\"75001\";s:5:\"state\";s:5:\"Paris\";s:7:\"zone_id\";i:1142;s:9:\"zone_code\";s:2:\"75\";s:10:\"country_id\";i:73;s:13:\"country_title\";s:6:\"France\";s:18:\"country_iso_code_2\";s:2:\"FR\";s:18:\"country_iso_code_3\";s:3:\"FRA\";s:6:\"format\";s:46:\":name\n:street_address\n:postcode :city\n:country\";s:16:\"telephone_number\";s:10:\"0101010101\";s:3:\"fax\";s:0:\"\";}s:14:\"billing_method\";a:0:{}s:15:\"shipping_quotes\";a:1:{i:0;a:4:{s:2:\"id\";s:4:\"flat\";s:6:\"module\";s:9:\"Flat Rate\";s:7:\"methods\";a:1:{i:0;a:3:{s:2:\"id\";s:4:\"flat\";s:5:\"title\";s:8:\"Best Way\";s:4:\"cost\";s:4:\"5.00\";}}s:12:\"tax_class_id\";s:1:\"0\";}}s:12:\"order_totals\";a:2:{i:0;a:6:{s:4:\"code\";s:9:\"sub_total\";s:5:\"title\";s:10:\"Sub-Total:\";s:4:\"text\";s:7:\"$399.00\";s:5:\"value\";d:399;s:3:\"tax\";d:-399;s:10:\"sort_order\";s:2:\"10\";}i:1;a:6:{s:4:\"code\";s:5:\"total\";s:5:\"title\";s:6:\"Total:\";s:4:\"text\";s:14:\"<b>$399.00</b>\";s:5:\"value\";d:399;s:3:\"tax\";d:-399;s:10:\"sort_order\";s:2:\"80\";}}}toC_Wishlist_data|a:3:{s:8:\"contents\";a:0:{}s:12:\"wishlists_id\";N;s:5:\"token\";s:32:\"b7eaae9b3ba703e3992e34c3ca87ed3a\";}toC_Compare_Products_data|a:0:{}toC_Customization_Fields_data|a:1:{s:8:\"contents\";a:0:{}}osC_NavigationHistory_data|a:2:{i:0;a:4:{s:4:\"page\";s:9:\"index.php\";s:4:\"mode\";s:6:\"NONSSL\";s:3:\"get\";a:1:{s:3:\"sid\";s:26:\"7gjid7n6tb58780s6vrqo64m80\";}s:4:\"post\";a:0:{}}i:1;a:4:{s:4:\"page\";s:8:\"json.php\";s:4:\"mode\";s:6:\"NONSSL\";s:3:\"get\";a:0:{}s:4:\"post\";a:3:{s:6:\"action\";s:9:\"load_cart\";s:6:\"module\";s:18:\"ajax_shopping_cart\";s:3:\"sid\";s:26:\"7gjid7n6tb58780s6vrqo64m80\";}}}osC_RecentlyVisited_data|a:0:{}template|a:2:{s:2:\"id\";s:1:\"1\";s:4:\"code\";s:10:\"glass_gray\";}osC_Customer_data|a:11:{s:2:\"id\";i:7;s:19:\"customers_groups_id\";b:0;s:6:\"gender\";s:1:\"m\";s:10:\"first_name\";s:5:\"User1\";s:9:\"last_name\";s:3:\"One\";s:13:\"email_address\";s:15:\"user1@example.com\";s:25:\"customers_groups_discount\";b:0;s:17:\"customers_credits\";s:6:\"0.0000\";s:10:\"country_id\";s:2:\"73\";s:7:\"zone_id\";s:4:\"1142\";s:18:\"default_address_id\";s:1:\"6\";}cartID|s:5:\"92715\";'),('3a3jp7d89sbgdo6ddkg285s2i6',1446569194,'admin_language|s:5:\"en_US\";module|s:5:\"index\";'),('3hqg8adj4rkv2qt7j1feo2baf0',1446569197,'admin_language|s:5:\"en_US\";module|s:5:\"login\";admin|a:3:{s:2:\"id\";i:1;s:8:\"username\";s:4:\"toto\";s:6:\"access\";a:70:{i:0;s:14:\"abandoned_cart\";i:1;s:14:\"administrators\";i:2;s:18:\"administrators_log\";i:3;s:8:\"articles\";i:4;s:19:\"articles_categories\";i:5;s:6:\"backup\";i:6;s:14:\"banner_manager\";i:7;s:5:\"cache\";i:8;s:10:\"categories\";i:9;s:13:\"configuration\";i:10;s:20:\"configuration_wizard\";i:11;s:9:\"countries\";i:12;s:7:\"coupons\";i:13;s:12:\"credit_cards\";i:14;s:12:\"credits_memo\";i:15;s:10:\"currencies\";i:16;s:9:\"customers\";i:17;s:16:\"customers_groups\";i:18;s:9:\"dashboard\";i:19;s:11:\"departments\";i:20;s:5:\"email\";i:21;s:15:\"email_templates\";i:22;s:4:\"faqs\";i:23;s:24:\"feature_products_manager\";i:24;s:12:\"file_manager\";i:25;s:17:\"gift_certificates\";i:26;s:14:\"google_sitemap\";i:27;s:10:\"guest_book\";i:28;s:13:\"homepage_info\";i:29;s:12:\"image_groups\";i:30;s:6:\"images\";i:31;s:13:\"import_export\";i:32;s:11:\"information\";i:33;s:8:\"invoices\";i:34;s:9:\"languages\";i:35;s:11:\"logo_upload\";i:36;s:13:\"manufacturers\";i:37;s:13:\"modules_geoip\";i:38;s:19:\"modules_order_total\";i:39;s:15:\"modules_payment\";i:40;s:16:\"modules_shipping\";i:41;s:11:\"newsletters\";i:42;s:6:\"orders\";i:43;s:14:\"orders_returns\";i:44;s:13:\"orders_status\";i:45;s:5:\"polls\";i:46;s:16:\"product_variants\";i:47;s:8:\"products\";i:48;s:19:\"products_attributes\";i:49;s:17:\"products_expected\";i:50;s:23:\"purchased_downloadables\";i:51;s:24:\"quantity_discount_groups\";i:52;s:17:\"reports_customers\";i:53;s:16:\"reports_products\";i:54;s:11:\"reports_web\";i:55;s:7:\"reviews\";i:56;s:12:\"search_terms\";i:57;s:11:\"server_info\";i:58;s:8:\"services\";i:59;s:12:\"slide_images\";i:60;s:8:\"specials\";i:61;s:11:\"tax_classes\";i:62;s:9:\"templates\";i:63;s:17:\"templates_modules\";i:64;s:24:\"templates_modules_layout\";i:65;s:12:\"unit_classes\";i:66;s:9:\"watermark\";i:67;s:14:\"weight_classes\";i:68;s:11:\"whos_online\";i:69;s:11:\"zone_groups\";}}'),('p471619ib7ofn6t6em5okk6pc5',1446569198,'admin_language|s:5:\"en_US\";module|s:5:\"index\";'),('pl36rlsne73tgre97oo91j5lf3',1446569389,'admin_language|s:5:\"en_US\";module|s:16:\"desktop_settings\";admin|a:3:{s:2:\"id\";i:1;s:8:\"username\";s:4:\"toto\";s:6:\"access\";a:70:{i:0;s:14:\"abandoned_cart\";i:1;s:14:\"administrators\";i:2;s:18:\"administrators_log\";i:3;s:8:\"articles\";i:4;s:19:\"articles_categories\";i:5;s:6:\"backup\";i:6;s:14:\"banner_manager\";i:7;s:5:\"cache\";i:8;s:10:\"categories\";i:9;s:13:\"configuration\";i:10;s:20:\"configuration_wizard\";i:11;s:9:\"countries\";i:12;s:7:\"coupons\";i:13;s:12:\"credit_cards\";i:14;s:12:\"credits_memo\";i:15;s:10:\"currencies\";i:16;s:9:\"customers\";i:17;s:16:\"customers_groups\";i:18;s:9:\"dashboard\";i:19;s:11:\"departments\";i:20;s:5:\"email\";i:21;s:15:\"email_templates\";i:22;s:4:\"faqs\";i:23;s:24:\"feature_products_manager\";i:24;s:12:\"file_manager\";i:25;s:17:\"gift_certificates\";i:26;s:14:\"google_sitemap\";i:27;s:10:\"guest_book\";i:28;s:13:\"homepage_info\";i:29;s:12:\"image_groups\";i:30;s:6:\"images\";i:31;s:13:\"import_export\";i:32;s:11:\"information\";i:33;s:8:\"invoices\";i:34;s:9:\"languages\";i:35;s:11:\"logo_upload\";i:36;s:13:\"manufacturers\";i:37;s:13:\"modules_geoip\";i:38;s:19:\"modules_order_total\";i:39;s:15:\"modules_payment\";i:40;s:16:\"modules_shipping\";i:41;s:11:\"newsletters\";i:42;s:6:\"orders\";i:43;s:14:\"orders_returns\";i:44;s:13:\"orders_status\";i:45;s:5:\"polls\";i:46;s:16:\"product_variants\";i:47;s:8:\"products\";i:48;s:19:\"products_attributes\";i:49;s:17:\"products_expected\";i:50;s:23:\"purchased_downloadables\";i:51;s:24:\"quantity_discount_groups\";i:52;s:17:\"reports_customers\";i:53;s:16:\"reports_products\";i:54;s:11:\"reports_web\";i:55;s:7:\"reviews\";i:56;s:12:\"search_terms\";i:57;s:11:\"server_info\";i:58;s:8:\"services\";i:59;s:12:\"slide_images\";i:60;s:8:\"specials\";i:61;s:11:\"tax_classes\";i:62;s:9:\"templates\";i:63;s:17:\"templates_modules\";i:64;s:24:\"templates_modules_layout\";i:65;s:12:\"unit_classes\";i:66;s:9:\"watermark\";i:67;s:14:\"weight_classes\";i:68;s:11:\"whos_online\";i:69;s:11:\"zone_groups\";}}token|s:32:\"f6d7d002dbf055750f13c19bdda593ca\";token_time|i:1446567768;');
/*!40000 ALTER TABLE `toc_sessions` ENABLE KEYS */;
UNLOCK TABLES;

--
-- Table structure for table `toc_slide_images`
--

DROP TABLE IF EXISTS `toc_slide_images`;
/*!40101 SET @saved_cs_client     = @@character_set_client */;
/*!40101 SET character_set_client = utf8 */;
CREATE TABLE `toc_slide_images` (
  `image_id` int(11) NOT NULL,
  `language_id` int(11) NOT NULL,
  `description` varchar(255) NOT NULL,
  `image` varchar(255) NOT NULL,
  `image_url` char(255) NOT NULL,
  `sort_order` int(5) NOT NULL,
  `status` tinyint(1) NOT NULL,
  PRIMARY KEY (`image_id`,`language_id`)
) ENGINE=MyISAM DEFAULT CHARSET=utf8;
/*!40101 SET character_set_client = @saved_cs_client */;

--
-- Dumping data for table `toc_slide_images`
--

LOCK TABLES `toc_slide_images` WRITE;
/*!40000 ALTER TABLE `toc_slide_images` DISABLE KEYS */;
INSERT INTO `toc_slide_images` VALUES (1,1,'Put here the required information.','dell_xps630_en.png','products.php?1',0,1),(2,1,'Put here the required information.','apple_23_cinema_en.png','products.php?18',0,1),(3,1,'Put here the required information.','thinkcentre_m57p_en.png','products.php?3',0,1),(4,1,'Put here the required information.','apple_iphone_3g_en.png','products.php?17',0,1),(5,1,'Put here the required information.','hp_tx2510us_en.png','products.php?13',0,1);
/*!40000 ALTER TABLE `toc_slide_images` ENABLE KEYS */;
UNLOCK TABLES;

--
-- Table structure for table `toc_specials`
--

DROP TABLE IF EXISTS `toc_specials`;
/*!40101 SET @saved_cs_client     = @@character_set_client */;
/*!40101 SET character_set_client = utf8 */;
CREATE TABLE `toc_specials` (
  `specials_id` int(11) NOT NULL AUTO_INCREMENT,
  `products_id` int(11) NOT NULL,
  `specials_new_products_price` decimal(15,4) NOT NULL,
  `specials_date_added` datetime DEFAULT NULL,
  `specials_last_modified` datetime DEFAULT NULL,
  `start_date` datetime DEFAULT NULL,
  `expires_date` datetime DEFAULT NULL,
  `date_status_change` datetime DEFAULT NULL,
  `status` int(1) NOT NULL DEFAULT '1',
  PRIMARY KEY (`specials_id`)
) ENGINE=MyISAM DEFAULT CHARSET=utf8;
/*!40101 SET character_set_client = @saved_cs_client */;

--
-- Dumping data for table `toc_specials`
--

LOCK TABLES `toc_specials` WRITE;
/*!40000 ALTER TABLE `toc_specials` DISABLE KEYS */;
/*!40000 ALTER TABLE `toc_specials` ENABLE KEYS */;
UNLOCK TABLES;

--
-- Table structure for table `toc_tax_class`
--

DROP TABLE IF EXISTS `toc_tax_class`;
/*!40101 SET @saved_cs_client     = @@character_set_client */;
/*!40101 SET character_set_client = utf8 */;
CREATE TABLE `toc_tax_class` (
  `tax_class_id` int(11) NOT NULL AUTO_INCREMENT,
  `tax_class_title` varchar(32) NOT NULL,
  `tax_class_description` varchar(255) NOT NULL,
  `last_modified` datetime DEFAULT NULL,
  `date_added` datetime NOT NULL,
  PRIMARY KEY (`tax_class_id`)
) ENGINE=MyISAM AUTO_INCREMENT=2 DEFAULT CHARSET=utf8;
/*!40101 SET character_set_client = @saved_cs_client */;

--
-- Dumping data for table `toc_tax_class`
--

LOCK TABLES `toc_tax_class` WRITE;
/*!40000 ALTER TABLE `toc_tax_class` DISABLE KEYS */;
INSERT INTO `toc_tax_class` VALUES (1,'Taxable Goods','The following types of products are included non-food, services, etc','2015-09-07 10:11:04','2015-09-07 10:11:04');
/*!40000 ALTER TABLE `toc_tax_class` ENABLE KEYS */;
UNLOCK TABLES;

--
-- Table structure for table `toc_tax_rates`
--

DROP TABLE IF EXISTS `toc_tax_rates`;
/*!40101 SET @saved_cs_client     = @@character_set_client */;
/*!40101 SET character_set_client = utf8 */;
CREATE TABLE `toc_tax_rates` (
  `tax_rates_id` int(11) NOT NULL AUTO_INCREMENT,
  `tax_zone_id` int(11) NOT NULL,
  `tax_class_id` int(11) NOT NULL,
  `tax_priority` int(5) DEFAULT '1',
  `tax_rate` decimal(7,4) NOT NULL,
  `tax_description` varchar(255) NOT NULL,
  `last_modified` datetime DEFAULT NULL,
  `date_added` datetime NOT NULL,
  PRIMARY KEY (`tax_rates_id`)
) ENGINE=MyISAM AUTO_INCREMENT=2 DEFAULT CHARSET=utf8;
/*!40101 SET character_set_client = @saved_cs_client */;

--
-- Dumping data for table `toc_tax_rates`
--

LOCK TABLES `toc_tax_rates` WRITE;
/*!40000 ALTER TABLE `toc_tax_rates` DISABLE KEYS */;
INSERT INTO `toc_tax_rates` VALUES (1,1,1,1,7.0000,'FL TAX 7.0%','2015-09-07 10:11:04','2015-09-07 10:11:04');
/*!40000 ALTER TABLE `toc_tax_rates` ENABLE KEYS */;
UNLOCK TABLES;

--
-- Table structure for table `toc_templates`
--

DROP TABLE IF EXISTS `toc_templates`;
/*!40101 SET @saved_cs_client     = @@character_set_client */;
/*!40101 SET character_set_client = utf8 */;
CREATE TABLE `toc_templates` (
  `id` int(11) NOT NULL AUTO_INCREMENT,
  `title` varchar(64) NOT NULL,
  `code` varchar(32) NOT NULL,
  `author_name` varchar(64) NOT NULL,
  `author_www` varchar(255) DEFAULT NULL,
  `markup_version` varchar(32) DEFAULT NULL,
  `css_based` tinyint(4) DEFAULT NULL,
  `medium` varchar(32) DEFAULT NULL,
  PRIMARY KEY (`id`)
) ENGINE=MyISAM AUTO_INCREMENT=2 DEFAULT CHARSET=utf8;
/*!40101 SET character_set_client = @saved_cs_client */;

--
-- Dumping data for table `toc_templates`
--

LOCK TABLES `toc_templates` WRITE;
/*!40000 ALTER TABLE `toc_templates` DISABLE KEYS */;
INSERT INTO `toc_templates` VALUES (1,'TomatoCart Glass Gray','glass_gray','TomatoCart','http://www.tomatocart.com','XHTML 1.0 Transitional',1,'Screen');
/*!40000 ALTER TABLE `toc_templates` ENABLE KEYS */;
UNLOCK TABLES;

--
-- Table structure for table `toc_templates_boxes`
--

DROP TABLE IF EXISTS `toc_templates_boxes`;
/*!40101 SET @saved_cs_client     = @@character_set_client */;
/*!40101 SET character_set_client = utf8 */;
CREATE TABLE `toc_templates_boxes` (
  `id` int(11) NOT NULL AUTO_INCREMENT,
  `title` varchar(64) NOT NULL,
  `code` varchar(32) NOT NULL,
  `author_name` varchar(64) NOT NULL,
  `author_www` varchar(255) DEFAULT NULL,
  `modules_group` varchar(32) NOT NULL,
  PRIMARY KEY (`id`)
) ENGINE=MyISAM AUTO_INCREMENT=107 DEFAULT CHARSET=utf8;
/*!40101 SET character_set_client = @saved_cs_client */;

--
-- Dumping data for table `toc_templates_boxes`
--

LOCK TABLES `toc_templates_boxes` WRITE;
/*!40000 ALTER TABLE `toc_templates_boxes` DISABLE KEYS */;
INSERT INTO `toc_templates_boxes` VALUES (1,'Best Sellers','best_sellers','osCommerce','http://www.oscommerce.com','boxes'),(2,'Categories','categories','osCommerce','http://www.oscommerce.com','boxes'),(3,'Currencies','currencies','osCommerce','http://www.oscommerce.com','boxes'),(4,'Information','information','osCommerce','http://www.oscommerce.com','boxes'),(5,'Manufacturer Info','manufacturer_info','osCommerce','http://www.oscommerce.com','boxes'),(6,'Manufacturers','manufacturers','osCommerce','http://www.oscommerce.com','boxes'),(7,'Order History','order_history','osCommerce','http://www.oscommerce.com','boxes'),(8,'Product Notifications','product_notifications','osCommerce','http://www.oscommerce.com','boxes'),(9,'Reviews','reviews','osCommerce','http://www.oscommerce.com','boxes'),(10,'Specials','specials','osCommerce','http://www.oscommerce.com','boxes'),(11,'Tell a Friend','tell_a_friend','osCommerce','http://www.oscommerce.com','boxes'),(12,'What\'s New','whats_new','osCommerce','http://www.oscommerce.com','boxes'),(13,'New Products','new_products','osCommerce','http://www.oscommerce.com','content'),(14,'Upcoming Products','upcoming_products','osCommerce','http://www.oscommerce.com','content'),(15,'Recently Visited','recently_visited','osCommerce','http://www.oscommerce.com','content'),(16,'Also Purchased Products','also_purchased_products','osCommerce','http://www.oscommerce.com','content'),(17,'Cross Sell Products','xsell_products','TomatoCart','http://www.tomatocart.com','content'),(18,'Compare Products','compare_products','TomatoCart','http://www.tomatocart.com','boxes'),(19,'Popular Search Term','popular_search_terms_tag_cloud','TomatoCart','http://www.tomatocart.com','boxes'),(20,'Feature Products','feature_products','TomatoCart','http://www.tomatocart.com','content'),(21,'Shopping Cart','shopping_cart','TomatoCart','http://www.tomatocart.com','boxes'),(22,'payment_cod_title','cod','osCommerce','http://www.oscommerce.com','payment'),(23,'shipping_flat_title','flat','osCommerce','http://www.oscommerce.com','shipping'),(24,'order_total_subtotal_title','sub_total','osCommerce','http://www.oscommerce.com','order_total'),(25,'order_total_shipping_title','shipping','osCommerce','http://www.oscommerce.com','order_total'),(26,'order_total_tax_title','tax','osCommerce','http://www.oscommerce.com','order_total'),(27,'order_total_total_title','total','osCommerce','http://www.oscommerce.com','order_total'),(28,'order_total_coupon_title','coupon','TomatoCart','http://www.tomatocart.com','order_total'),(29,'order_total_gift_certificate_title','gift_certificate','TomatoCart','http://www.tomatocart.com','order_total'),(30,'order_total_store_credit_title','store_credit','TomatoCart','http://www.tomatocart.com','order_total'),(31,'order_total_gift_wrapping_title','gift_wrapping','TomatoCart','http://www.tomatocart.com','order_total'),(100,'Slideshow','slide_show','TomatoCart','http://www.tomatocart.com','content'),(101,'Article Categories','articles_categories','TomatoCart','http://www.tomatocart.com','boxes'),(102,'Shop By Price','shop_by_price','TomatoCart','http://www.tomatocart.com','boxes'),(103,'PayPal Express Checkout','paypal_express','tomatocart','http://www.tomatocart.com','payment'),(104,'PayPal Website Payments Standard','paypal_standard','tomatocart','http://www.tomatocart.com','payment'),(105,'PayPal Website Payments Pro (US) Direct Payments','paypal_direct','tomatocart','http://www.tomatocart.com','payment');
/*!40000 ALTER TABLE `toc_templates_boxes` ENABLE KEYS */;
UNLOCK TABLES;

--
-- Table structure for table `toc_templates_boxes_to_pages`
--

DROP TABLE IF EXISTS `toc_templates_boxes_to_pages`;
/*!40101 SET @saved_cs_client     = @@character_set_client */;
/*!40101 SET character_set_client = utf8 */;
CREATE TABLE `toc_templates_boxes_to_pages` (
  `id` int(11) NOT NULL AUTO_INCREMENT,
  `templates_boxes_id` int(11) NOT NULL,
  `templates_id` int(11) NOT NULL,
  `content_page` varchar(255) NOT NULL,
  `boxes_group` varchar(32) NOT NULL,
  `sort_order` int(11) DEFAULT '0',
  `page_specific` int(11) DEFAULT '0',
  PRIMARY KEY (`id`),
  KEY `templates_boxes_id` (`templates_boxes_id`,`templates_id`,`content_page`,`boxes_group`)
) ENGINE=MyISAM AUTO_INCREMENT=26 DEFAULT CHARSET=utf8;
/*!40101 SET character_set_client = @saved_cs_client */;

--
-- Dumping data for table `toc_templates_boxes_to_pages`
--

LOCK TABLES `toc_templates_boxes_to_pages` WRITE;
/*!40000 ALTER TABLE `toc_templates_boxes_to_pages` DISABLE KEYS */;
INSERT INTO `toc_templates_boxes_to_pages` VALUES (1,2,1,'*','left',100,0),(2,6,1,'*','left',200,0),(3,12,1,'*','right',100,0),(4,4,1,'*','left',300,0),(5,5,1,'products/info','right',200,0),(6,7,1,'*','right',300,0),(7,1,1,'*','right',400,0),(8,8,1,'products/info','right',500,0),(9,11,1,'products/info','right',600,0),(10,10,1,'*','right',700,0),(11,9,1,'*','right',800,0),(12,3,1,'*','right',1000,0),(13,13,1,'index/category_listing','after',400,0),(14,13,1,'index/index','after',400,0),(15,14,1,'index/index','after',450,0),(16,15,1,'*','after',500,0),(17,16,1,'products/info','after',100,0),(18,17,1,'products/info','after',200,0),(19,18,1,'*','right',10,0),(20,19,1,'*','right',1200,0),(21,20,1,'index/index','after',100,0),(22,21,1,'*','right',50,0),(23,100,1,'index/index','slideshow',0,0),(24,101,1,'*','right',70,0),(25,102,1,'*','right',50,0);
/*!40000 ALTER TABLE `toc_templates_boxes_to_pages` ENABLE KEYS */;
UNLOCK TABLES;

--
-- Table structure for table `toc_weight_classes`
--

DROP TABLE IF EXISTS `toc_weight_classes`;
/*!40101 SET @saved_cs_client     = @@character_set_client */;
/*!40101 SET character_set_client = utf8 */;
CREATE TABLE `toc_weight_classes` (
  `weight_class_id` int(11) NOT NULL DEFAULT '0',
  `weight_class_key` varchar(4) NOT NULL DEFAULT '',
  `language_id` int(11) NOT NULL DEFAULT '0',
  `weight_class_title` varchar(32) NOT NULL DEFAULT '',
  PRIMARY KEY (`weight_class_id`,`language_id`)
) ENGINE=MyISAM DEFAULT CHARSET=utf8;
/*!40101 SET character_set_client = @saved_cs_client */;

--
-- Dumping data for table `toc_weight_classes`
--

LOCK TABLES `toc_weight_classes` WRITE;
/*!40000 ALTER TABLE `toc_weight_classes` DISABLE KEYS */;
INSERT INTO `toc_weight_classes` VALUES (1,'g',1,'Gram(s)'),(2,'kg',1,'Kilogram(s)'),(3,'oz',1,'Ounce(s)'),(4,'lb',1,'Pound(s)');
/*!40000 ALTER TABLE `toc_weight_classes` ENABLE KEYS */;
UNLOCK TABLES;

--
-- Table structure for table `toc_weight_classes_rules`
--

DROP TABLE IF EXISTS `toc_weight_classes_rules`;
/*!40101 SET @saved_cs_client     = @@character_set_client */;
/*!40101 SET character_set_client = utf8 */;
CREATE TABLE `toc_weight_classes_rules` (
  `weight_class_from_id` int(11) NOT NULL DEFAULT '0',
  `weight_class_to_id` int(11) NOT NULL DEFAULT '0',
  `weight_class_rule` decimal(15,4) NOT NULL DEFAULT '0.0000'
) ENGINE=MyISAM DEFAULT CHARSET=utf8;
/*!40101 SET character_set_client = @saved_cs_client */;

--
-- Dumping data for table `toc_weight_classes_rules`
--

LOCK TABLES `toc_weight_classes_rules` WRITE;
/*!40000 ALTER TABLE `toc_weight_classes_rules` DISABLE KEYS */;
INSERT INTO `toc_weight_classes_rules` VALUES (1,2,0.0010),(1,3,0.0352),(1,4,0.0022),(2,1,1000.0000),(2,3,35.2739),(2,4,2.2046),(3,1,28.3495),(3,2,0.0283),(3,4,0.0625),(4,1,453.5923),(4,2,0.4535),(4,3,16.0000);
/*!40000 ALTER TABLE `toc_weight_classes_rules` ENABLE KEYS */;
UNLOCK TABLES;

--
-- Table structure for table `toc_whos_online`
--

DROP TABLE IF EXISTS `toc_whos_online`;
/*!40101 SET @saved_cs_client     = @@character_set_client */;
/*!40101 SET character_set_client = utf8 */;
CREATE TABLE `toc_whos_online` (
  `customer_id` int(11) DEFAULT NULL,
  `full_name` varchar(64) NOT NULL,
  `session_id` varchar(128) NOT NULL,
  `ip_address` varchar(15) NOT NULL,
  `time_entry` varchar(14) NOT NULL,
  `time_last_click` varchar(14) NOT NULL,
  `last_page_url` varchar(255) NOT NULL,
  `referrer_url` varchar(255) NOT NULL
) ENGINE=MyISAM DEFAULT CHARSET=utf8;
/*!40101 SET character_set_client = @saved_cs_client */;

--
-- Dumping data for table `toc_whos_online`
--

LOCK TABLES `toc_whos_online` WRITE;
/*!40000 ALTER TABLE `toc_whos_online` DISABLE KEYS */;
INSERT INTO `toc_whos_online` VALUES (7,'User1 One','7gjid7n6tb58780s6vrqo64m80','10.55.132.140','1446567729','1446567749','/tomato/json.php','');
/*!40000 ALTER TABLE `toc_whos_online` ENABLE KEYS */;
UNLOCK TABLES;

--
-- Table structure for table `toc_wishlists`
--

DROP TABLE IF EXISTS `toc_wishlists`;
/*!40101 SET @saved_cs_client     = @@character_set_client */;
/*!40101 SET character_set_client = utf8 */;
CREATE TABLE `toc_wishlists` (
  `wishlists_id` int(11) NOT NULL AUTO_INCREMENT,
  `customers_id` int(11) DEFAULT NULL,
  `wishlists_token` varchar(32) NOT NULL,
  PRIMARY KEY (`wishlists_id`)
) ENGINE=MyISAM AUTO_INCREMENT=2 DEFAULT CHARSET=utf8;
/*!40101 SET character_set_client = @saved_cs_client */;

--
-- Dumping data for table `toc_wishlists`
--

LOCK TABLES `toc_wishlists` WRITE;
/*!40000 ALTER TABLE `toc_wishlists` DISABLE KEYS */;
/*!40000 ALTER TABLE `toc_wishlists` ENABLE KEYS */;
UNLOCK TABLES;

--
-- Table structure for table `toc_wishlists_products`
--

DROP TABLE IF EXISTS `toc_wishlists_products`;
/*!40101 SET @saved_cs_client     = @@character_set_client */;
/*!40101 SET character_set_client = utf8 */;
CREATE TABLE `toc_wishlists_products` (
  `wishlists_products_id` int(11) NOT NULL AUTO_INCREMENT,
  `wishlists_id` int(11) NOT NULL,
  `products_id` int(11) NOT NULL,
  `date_added` datetime NOT NULL,
  `comments` text NOT NULL,
  PRIMARY KEY (`wishlists_products_id`)
) ENGINE=MyISAM AUTO_INCREMENT=3 DEFAULT CHARSET=utf8;
/*!40101 SET character_set_client = @saved_cs_client */;

--
-- Dumping data for table `toc_wishlists_products`
--

LOCK TABLES `toc_wishlists_products` WRITE;
/*!40000 ALTER TABLE `toc_wishlists_products` DISABLE KEYS */;
/*!40000 ALTER TABLE `toc_wishlists_products` ENABLE KEYS */;
UNLOCK TABLES;

--
-- Table structure for table `toc_zones`
--

DROP TABLE IF EXISTS `toc_zones`;
/*!40101 SET @saved_cs_client     = @@character_set_client */;
/*!40101 SET character_set_client = utf8 */;
CREATE TABLE `toc_zones` (
  `zone_id` int(11) NOT NULL AUTO_INCREMENT,
  `zone_country_id` int(11) NOT NULL,
  `zone_code` varchar(32) NOT NULL,
  `zone_name` varchar(64) NOT NULL,
  PRIMARY KEY (`zone_id`)
) ENGINE=MyISAM AUTO_INCREMENT=4257 DEFAULT CHARSET=utf8;
/*!40101 SET character_set_client = @saved_cs_client */;

--
-- Dumping data for table `toc_zones`
--

LOCK TABLES `toc_zones` WRITE;
/*!40000 ALTER TABLE `toc_zones` DISABLE KEYS */;
INSERT INTO `toc_zones` VALUES (1,1,'BDS',' '),(2,1,'BDG',''),(3,1,'BGL',''),(4,1,'BAL',''),(5,1,'BAM',''),(6,1,'DAY',''),(7,1,'FRA',''),(8,1,'FYB',''),(9,1,'GHA',''),(10,1,'GHO',''),(11,1,'HEL',''),(12,1,'HER',''),(13,1,'JOW',''),(14,1,'KAB',''),(15,1,'KAN',''),(16,1,'KAP',''),(17,1,'KHO',''),(18,1,'KNR',''),(19,1,'KDZ',''),(20,1,'LAG',''),(21,1,'LOW',''),(22,1,'NAN',''),(23,1,'NIM',''),(24,1,'NUR',''),(25,1,'ORU',''),(26,1,'PIA',''),(27,1,'PKA',''),(28,1,'PAN',' '),(29,1,'PAR',''),(30,1,'SAM',''),(31,1,'SAR',' '),(32,1,'TAK',''),(33,1,'WAR',''),(34,1,'ZAB',''),(35,2,'BR','Beratit'),(36,2,'BU','Bulqizs'),(37,2,'DI','Dibrs'),(38,2,'DL','Delvins'),(39,2,'DR','Durrsit'),(40,2,'DV','Devollit'),(41,2,'EL','Elbasanit'),(42,2,'ER','Kolonjs'),(43,2,'FR','Fierit'),(44,2,'GJ','Gjirokastrs'),(45,2,'GR','Gramshit'),(46,2,'HA','Hasit'),(47,2,'KA','Kavajs'),(48,2,'KB','Kurbinit'),(49,2,'KC','Kuovs'),(50,2,'KO','Kors'),(51,2,'KR','Krujs'),(52,2,'KU','Kuksit'),(53,2,'LB','Librazhdit'),(54,2,'LE','Lezhs'),(55,2,'LU','Lushnjs'),(56,2,'MK','Mallakastrs'),(57,2,'MM','Malsis s Madhe'),(58,2,'MR','Mirdits'),(59,2,'MT','Matit'),(60,2,'PG','Pogradecit'),(61,2,'PQ','Peqinit'),(62,2,'PR','Prmetit'),(63,2,'PU','Puks'),(64,2,'SH','Shkodrs'),(65,2,'SK','Skraparit'),(66,2,'SR','Sarands'),(67,2,'TE','Tepelens'),(68,2,'TP','Tropojs'),(69,2,'TR','Tirans'),(70,2,'VL','Vlors'),(71,3,'01',' '),(72,3,'02',' '),(73,3,'03',' '),(74,3,'04','  '),(75,3,'05',' '),(76,3,'06',' '),(77,3,'07',' '),(78,3,'08',' '),(79,3,'09',''),(80,3,'10',' '),(81,3,'11',' '),(82,3,'12',' '),(83,3,'13',''),(84,3,'14',' '),(85,3,'15',' '),(86,3,'16',' '),(87,3,'17','  '),(88,3,'18',' '),(89,3,'19',' '),(90,3,'20',' '),(91,3,'21',''),(92,3,'22','  '),(93,3,'23',' '),(94,3,'24',' '),(95,3,'25',''),(96,3,'26',' '),(97,3,'27',' '),(98,3,'28',' '),(99,3,'29',' '),(100,3,'30',''),(101,3,'31',''),(102,3,'32',' '),(103,3,'33',' '),(104,3,'34','  '),(105,3,'35',' '),(106,3,'36',' '),(107,3,'37',''),(108,3,'38',' '),(109,3,'39',' '),(110,3,'40',' '),(111,3,'41','  '),(112,3,'42',' '),(113,3,'43',' '),(114,3,'44','  '),(115,3,'45',' '),(116,3,'46','  '),(117,3,'47',' '),(118,3,'48',' '),(119,4,'EA','Eastern'),(120,4,'MA','Manu\'a'),(121,4,'RI','Rose Island'),(122,4,'SI','Swains Island'),(123,4,'WE','Western'),(124,5,'AN','Andorra la Vella'),(125,5,'CA','Canillo'),(126,5,'EN','Encamp'),(127,5,'LE','Escaldes-Engordany'),(128,5,'LM','La Massana'),(129,5,'OR','Ordino'),(130,5,'SJ','Sant Juli de Lria'),(131,6,'BGO','Bengo'),(132,6,'BGU','Benguela'),(133,6,'BIE','Bi'),(134,6,'CAB','Cabinda'),(135,6,'CCU','Cuando Cubango'),(136,6,'CNO','Cuanza Norte'),(137,6,'CUS','Cuanza Sul'),(138,6,'CNN','Cunene'),(139,6,'HUA','Huambo'),(140,6,'HUI','Hula'),(141,6,'LUA','Luanda'),(142,6,'LNO','Lunda Norte'),(143,6,'LSU','Lunda Sul'),(144,6,'MAL','Malanje'),(145,6,'MOX','Moxico'),(146,6,'NAM','Namibe'),(147,6,'UIG','Uge'),(148,6,'ZAI','Zaire'),(149,9,'BAR','Barbuda'),(150,9,'SGE','Saint George'),(151,9,'SJO','Saint John'),(152,9,'SMA','Saint Mary'),(153,9,'SPA','Saint Paul'),(154,9,'SPE','Saint Peter'),(155,9,'SPH','Saint Philip'),(156,10,'A','Salta'),(157,10,'B','Buenos Aires Province'),(158,10,'C','Capital Federal'),(159,10,'D','San Luis'),(160,10,'E','Entre Ros'),(161,10,'F','La Rioja'),(162,10,'G','Santiago del Estero'),(163,10,'H','Chaco'),(164,10,'J','San Juan'),(165,10,'K','Catamarca'),(166,10,'L','La Pampa'),(167,10,'M','Mendoza'),(168,10,'N','Misiones'),(169,10,'P','Formosa'),(170,10,'Q','Neuqun'),(171,10,'R','Ro Negro'),(172,10,'S','Santa Fe'),(173,10,'T','Tucumn'),(174,10,'U','Chubut'),(175,10,'V','Tierra del Fuego'),(176,10,'W','Corrientes'),(177,10,'X','Crdoba'),(178,10,'Y','Jujuy'),(179,10,'Z','Santa Cruz'),(180,11,'AG',''),(181,11,'AR',''),(182,11,'AV',''),(183,11,'ER',''),(184,11,'GR',''),(185,11,'KT',''),(186,11,'LO',''),(187,11,'SH',''),(188,11,'SU',''),(189,11,'TV',''),(190,11,'VD',' '),(191,13,'ACT','Australian Capital Territory'),(192,13,'NSW','New South Wales'),(193,13,'NT','Northern Territory'),(194,13,'QLD','Queensland'),(195,13,'SA','South Australia'),(196,13,'TAS','Tasmania'),(197,13,'VIC','Victoria'),(198,13,'WA','Western Australia'),(199,14,'1','Burgenland'),(200,14,'2','Krnten'),(201,14,'3','Niedersterreich'),(202,14,'4','Obersterreich'),(203,14,'5','Salzburg'),(204,14,'6','Steiermark'),(205,14,'7','Tirol'),(206,14,'8','Voralberg'),(207,14,'9','Wien'),(208,15,'AB','li Bayraml'),(209,15,'ABS','Aberon'),(210,15,'AGC','Acabdi'),(211,15,'AGM','Adam'),(212,15,'AGS','Ada'),(213,15,'AGA','Astafa'),(214,15,'AGU','Asu'),(215,15,'AST','Astara'),(216,15,'BA','Bak'),(217,15,'BAB','Babk'),(218,15,'BAL','Balakn'),(219,15,'BAR','Brd'),(220,15,'BEY','Beylqan'),(221,15,'BIL','Bilsuvar'),(222,15,'CAB','Cbrayl'),(223,15,'CAL','Clilabab'),(224,15,'CUL','Julfa'),(225,15,'DAS','Daksn'),(226,15,'DAV','Dvi'),(227,15,'FUZ','Fzuli'),(228,15,'GA','Gnc'),(229,15,'GAD','Gdby'),(230,15,'GOR','Goranboy'),(231,15,'GOY','Gyay'),(232,15,'HAC','Hacqabul'),(233,15,'IMI','mili'),(234,15,'ISM','smayll'),(235,15,'KAL','Klbcr'),(236,15,'KUR','Krdmir'),(237,15,'LA','Lnkran'),(238,15,'LAC','Lan'),(239,15,'LAN','Lnkran'),(240,15,'LER','Lerik'),(241,15,'MAS','Masall'),(242,15,'MI','Mingevir'),(243,15,'NA','Naftalan'),(244,15,'NEF','Neftala'),(245,15,'OGU','Ouz'),(246,15,'ORD','Ordubad'),(247,15,'QAB','Qbl'),(248,15,'QAX','Qax'),(249,15,'QAZ','Qazax'),(250,15,'QOB','Qobustan'),(251,15,'QBA','Quba'),(252,15,'QBI','Qubadl'),(253,15,'QUS','Qusar'),(254,15,'SA','ki'),(255,15,'SAT','Saatl'),(256,15,'SAB','Sabirabad'),(257,15,'SAD','Sdrk'),(258,15,'SAH','ahbuz'),(259,15,'SAK','ki'),(260,15,'SAL','Salyan'),(261,15,'SM','Sumqayt'),(262,15,'SMI','amax'),(263,15,'SKR','mkir'),(264,15,'SMX','Samux'),(265,15,'SAR','rur'),(266,15,'SIY','Siyzn'),(267,15,'SS','ua (City)'),(268,15,'SUS','ua'),(269,15,'TAR','Trtr'),(270,15,'TOV','Tovuz'),(271,15,'UCA','Ucar'),(272,15,'XA','Xankndi'),(273,15,'XAC','Xamaz'),(274,15,'XAN','Xanlar'),(275,15,'XIZ','Xz'),(276,15,'XCI','Xocal'),(277,15,'XVD','Xocavnd'),(278,15,'YAR','Yardml'),(279,15,'YE','Yevlax (City)'),(280,15,'YEV','Yevlax'),(281,15,'ZAN','Zngilan'),(282,15,'ZAQ','Zaqatala'),(283,15,'ZAR','Zrdab'),(284,15,'NX','Nakhichevan'),(285,16,'AC','Acklins and Crooked Islands'),(286,16,'BI','Bimini'),(287,16,'CI','Cat Island'),(288,16,'EX','Exuma'),(289,16,'FR','Freeport'),(290,16,'FC','Fresh Creek'),(291,16,'GH','Governor\'s Harbour'),(292,16,'GT','Green Turtle Cay'),(293,16,'HI','Harbour Island'),(294,16,'HR','High Rock'),(295,16,'IN','Inagua'),(296,16,'KB','Kemps Bay'),(297,16,'LI','Long Island'),(298,16,'MH','Marsh Harbour'),(299,16,'MA','Mayaguana'),(300,16,'NP','New Providence'),(301,16,'NT','Nicholls Town and Berry Islands'),(302,16,'RI','Ragged Island'),(303,16,'RS','Rock Sound'),(304,16,'SS','San Salvador and Rum Cay'),(305,16,'SP','Sandy Point'),(306,17,'01',''),(307,17,'02',''),(308,17,'03',''),(309,17,'04',' '),(310,17,'05',' '),(311,17,'06',''),(312,17,'07',' '),(313,17,'08',' '),(314,17,'09','  '),(315,17,'10',' '),(316,17,'11',' '),(317,17,'12',' '),(318,18,'01','Bandarban'),(319,18,'02','Barguna'),(320,18,'03','Bogra'),(321,18,'04','Brahmanbaria'),(322,18,'05','Bagerhat'),(323,18,'06','Barisal'),(324,18,'07','Bhola'),(325,18,'08','Comilla'),(326,18,'09','Chandpur'),(327,18,'10','Chittagong'),(328,18,'11','Cox\'s Bazar'),(329,18,'12','Chuadanga'),(330,18,'13','Dhaka'),(331,18,'14','Dinajpur'),(332,18,'15','Faridpur'),(333,18,'16','Feni'),(334,18,'17','Gopalganj'),(335,18,'18','Gazipur'),(336,18,'19','Gaibandha'),(337,18,'20','Habiganj'),(338,18,'21','Jamalpur'),(339,18,'22','Jessore'),(340,18,'23','Jhenaidah'),(341,18,'24','Jaipurhat'),(342,18,'25','Jhalakati'),(343,18,'26','Kishoreganj'),(344,18,'27','Khulna'),(345,18,'28','Kurigram'),(346,18,'29','Khagrachari'),(347,18,'30','Kushtia'),(348,18,'31','Lakshmipur'),(349,18,'32','Lalmonirhat'),(350,18,'33','Manikganj'),(351,18,'34','Mymensingh'),(352,18,'35','Munshiganj'),(353,18,'36','Madaripur'),(354,18,'37','Magura'),(355,18,'38','Moulvibazar'),(356,18,'39','Meherpur'),(357,18,'40','Narayanganj'),(358,18,'41','Netrakona'),(359,18,'42','Narsingdi'),(360,18,'43','Narail'),(361,18,'44','Natore'),(362,18,'45','Nawabganj'),(363,18,'46','Nilphamari'),(364,18,'47','Noakhali'),(365,18,'48','Naogaon'),(366,18,'49','Pabna'),(367,18,'50','Pirojpur'),(368,18,'51','Patuakhali'),(369,18,'52','Panchagarh'),(370,18,'53','Rajbari'),(371,18,'54','Rajshahi'),(372,18,'55','Rangpur'),(373,18,'56','Rangamati'),(374,18,'57','Sherpur'),(375,18,'58','Satkhira'),(376,18,'59','Sirajganj'),(377,18,'60','Sylhet'),(378,18,'61','Sunamganj'),(379,18,'62','Shariatpur'),(380,18,'63','Tangail'),(381,18,'64','Thakurgaon'),(382,19,'A','Saint Andrew'),(383,19,'C','Christ Church'),(384,19,'E','Saint Peter'),(385,19,'G','Saint George'),(386,19,'J','Saint John'),(387,19,'L','Saint Lucy'),(388,19,'M','Saint Michael'),(389,19,'O','Saint Joseph'),(390,19,'P','Saint Philip'),(391,19,'S','Saint James'),(392,19,'T','Saint Thomas'),(393,20,'BR',' '),(394,20,'HO',' '),(395,20,'HR',' '),(396,20,'MA',' '),(397,20,'MI',' '),(398,20,'VI',' '),(399,21,'BRU','Brussel'),(400,21,'VAN','Antwerpen'),(401,21,'VBR','Vlaams-Brabant'),(402,21,'VLI','Limburg'),(403,21,'VOV','Oost-Vlaanderen'),(404,21,'VWV','West-Vlaanderen'),(405,21,'WBR','Brabant Walloni'),(406,21,'WHT','Henegouwen'),(407,21,'WLG','Luik'),(408,21,'WLX','Luxemburg'),(409,21,'WNA','Namen'),(410,22,'BZ','Belize District'),(411,22,'CY','Cayo District'),(412,22,'CZL','Corozal District'),(413,22,'OW','Orange Walk District'),(414,22,'SC','Stann Creek District'),(415,22,'TOL','Toledo District'),(416,23,'AL','Alibori'),(417,23,'AK','Atakora'),(418,23,'AQ','Atlantique'),(419,23,'BO','Borgou'),(420,23,'CO','Collines'),(421,23,'DO','Donga'),(422,23,'KO','Kouffo'),(423,23,'LI','Littoral'),(424,23,'MO','Mono'),(425,23,'OU','Oum'),(426,23,'PL','Plateau'),(427,23,'ZO','Zou'),(428,24,'DEV','Devonshire'),(429,24,'HA','Hamilton City'),(430,24,'HAM','Hamilton'),(431,24,'PAG','Paget'),(432,24,'PEM','Pembroke'),(433,24,'SAN','Sandys'),(434,24,'SG','Saint George City'),(435,24,'SGE','Saint George\'s'),(436,24,'SMI','Smiths'),(437,24,'SOU','Southampton'),(438,24,'WAR','Warwick'),(439,25,'11','Paro'),(440,25,'12','Chukha'),(441,25,'13','Haa'),(442,25,'14','Samtse'),(443,25,'15','Thimphu'),(444,25,'21','Tsirang'),(445,25,'22','Dagana'),(446,25,'23','Punakha'),(447,25,'24','Wangdue Phodrang'),(448,25,'31','Sarpang'),(449,25,'32','Trongsa'),(450,25,'33','Bumthang'),(451,25,'34','Zhemgang'),(452,25,'41','Trashigang'),(453,25,'42','Mongar'),(454,25,'43','Pemagatshel'),(455,25,'44','Luentse'),(456,25,'45','Samdrup Jongkhar'),(457,25,'GA','Gasa'),(458,25,'TY','Trashiyangse'),(459,26,'B','El Beni'),(460,26,'C','Cochabamba'),(461,26,'H','Chuquisaca'),(462,26,'L','La Paz'),(463,26,'N','Pando'),(464,26,'O','Oruro'),(465,26,'P','Potos'),(466,26,'S','Santa Cruz'),(467,26,'T','Tarija'),(468,28,'CE','Central'),(469,28,'GH','Ghanzi'),(470,28,'KG','Kgalagadi'),(471,28,'KL','Kgatleng'),(472,28,'KW','Kweneng'),(473,28,'NE','North-East'),(474,28,'NW','North-West'),(475,28,'SE','South-East'),(476,28,'SO','Southern'),(477,30,'AC','Acre'),(478,30,'AL','Alagoas'),(479,30,'AM','Amaznia'),(480,30,'AP','Amap'),(481,30,'BA','Bahia'),(482,30,'CE','Cear'),(483,30,'DF','Distrito Federal'),(484,30,'ES','Esprito Santo'),(485,30,'GO','Gois'),(486,30,'MA','Maranho'),(487,30,'MG','Minas Gerais'),(488,30,'MS','Mato Grosso do Sul'),(489,30,'MT','Mato Grosso'),(490,30,'PA','Par'),(491,30,'PB','Paraba'),(492,30,'PE','Pernambuco'),(493,30,'PI','Piau'),(494,30,'PR','Paran'),(495,30,'RJ','Rio de Janeiro'),(496,30,'RN','Rio Grande do Norte'),(497,30,'RO','Rondnia'),(498,30,'RR','Roraima'),(499,30,'RS','Rio Grande do Sul'),(500,30,'SC','Santa Catarina'),(501,30,'SE','Sergipe'),(502,30,'SP','So Paulo'),(503,30,'TO','Tocantins'),(504,31,'PB','Peros Banhos'),(505,31,'SI','Salomon Islands'),(506,31,'NI','Nelsons Island'),(507,31,'TB','Three Brothers'),(508,31,'EA','Eagle Islands'),(509,31,'DI','Danger Island'),(510,31,'EG','Egmont Islands'),(511,31,'DG','Diego Garcia'),(512,32,'BE','Belait'),(513,32,'BM','Brunei-Muara'),(514,32,'TE','Temburong'),(515,32,'TU','Tutong'),(516,33,'01','Blagoevgrad'),(517,33,'02','Burgas'),(518,33,'03','Varna'),(519,33,'04','Veliko Tarnovo'),(520,33,'05','Vidin'),(521,33,'06','Vratsa'),(522,33,'07','Gabrovo'),(523,33,'08','Dobrich'),(524,33,'09','Kardzhali'),(525,33,'10','Kyustendil'),(526,33,'11','Lovech'),(527,33,'12','Montana'),(528,33,'13','Pazardzhik'),(529,33,'14','Pernik'),(530,33,'15','Pleven'),(531,33,'16','Plovdiv'),(532,33,'17','Razgrad'),(533,33,'18','Ruse'),(534,33,'19','Silistra'),(535,33,'20','Sliven'),(536,33,'21','Smolyan'),(537,33,'23','Sofia'),(538,33,'22','Sofia Province'),(539,33,'24','Stara Zagora'),(540,33,'25','Targovishte'),(541,33,'26','Haskovo'),(542,33,'27','Shumen'),(543,33,'28','Yambol'),(544,34,'BAL','Bal'),(545,34,'BAM','Bam'),(546,34,'BAN','Banwa'),(547,34,'BAZ','Bazga'),(548,34,'BGR','Bougouriba'),(549,34,'BLG','Boulgou'),(550,34,'BLK','Boulkiemd'),(551,34,'COM','Komo'),(552,34,'GAN','Ganzourgou'),(553,34,'GNA','Gnagna'),(554,34,'GOU','Gourma'),(555,34,'HOU','Houet'),(556,34,'IOB','Ioba'),(557,34,'KAD','Kadiogo'),(558,34,'KEN','Kndougou'),(559,34,'KMD','Komondjari'),(560,34,'KMP','Kompienga'),(561,34,'KOP','Koulplogo'),(562,34,'KOS','Kossi'),(563,34,'KOT','Kouritenga'),(564,34,'KOW','Kourwogo'),(565,34,'LER','Lraba'),(566,34,'LOR','Loroum'),(567,34,'MOU','Mouhoun'),(568,34,'NAM','Namentenga'),(569,34,'NAO','Naouri'),(570,34,'NAY','Nayala'),(571,34,'NOU','Noumbiel'),(572,34,'OUB','Oubritenga'),(573,34,'OUD','Oudalan'),(574,34,'PAS','Passor'),(575,34,'PON','Poni'),(576,34,'SEN','Sno'),(577,34,'SIS','Sissili'),(578,34,'SMT','Sanmatenga'),(579,34,'SNG','Sangui'),(580,34,'SOM','Soum'),(581,34,'SOR','Sourou'),(582,34,'TAP','Tapoa'),(583,34,'TUI','Tui'),(584,34,'YAG','Yagha'),(585,34,'YAT','Yatenga'),(586,34,'ZIR','Ziro'),(587,34,'ZON','Zondoma'),(588,34,'ZOU','Zoundwogo'),(589,35,'BB','Bubanza'),(590,35,'BJ','Bujumbura Mairie'),(591,35,'BR','Bururi'),(592,35,'CA','Cankuzo'),(593,35,'CI','Cibitoke'),(594,35,'GI','Gitega'),(595,35,'KR','Karuzi'),(596,35,'KY','Kayanza'),(597,35,'KI','Kirundo'),(598,35,'MA','Makamba'),(599,35,'MU','Muramvya'),(600,35,'MY','Muyinga'),(601,35,'MW','Mwaro'),(602,35,'NG','Ngozi'),(603,35,'RT','Rutana'),(604,35,'RY','Ruyigi'),(605,37,'AD','Adamaoua'),(606,37,'CE','Centre'),(607,37,'EN','Extrme-Nord'),(608,37,'ES','Est'),(609,37,'LT','Littoral'),(610,37,'NO','Nord'),(611,37,'NW','Nord-Ouest'),(612,37,'OU','Ouest'),(613,37,'SU','Sud'),(614,37,'SW','Sud-Ouest'),(615,38,'AB','Alberta'),(616,38,'BC','British Columbia'),(617,38,'MB','Manitoba'),(618,38,'NB','New Brunswick'),(619,38,'NL','Newfoundland and Labrador'),(620,38,'NS','Nova Scotia'),(621,38,'NT','Northwest Territories'),(622,38,'NU','Nunavut'),(623,38,'ON','Ontario'),(624,38,'PE','Prince Edward Island'),(625,38,'QC','Quebec'),(626,38,'SK','Saskatchewan'),(627,38,'YT','Yukon Territory'),(628,39,'BR','Brava'),(629,39,'BV','Boa Vista'),(630,39,'CA','Santa Catarina'),(631,39,'CR','Santa Cruz'),(632,39,'CS','Calheta de So Miguel'),(633,39,'MA','Maio'),(634,39,'MO','Mosteiros'),(635,39,'PA','Pal'),(636,39,'PN','Porto Novo'),(637,39,'PR','Praia'),(638,39,'RG','Ribeira Grande'),(639,39,'SD','So Domingos'),(640,39,'SF','So Filipe'),(641,39,'SL','Sal'),(642,39,'SN','So Nicolau'),(643,39,'SV','So Vicente'),(644,39,'TA','Tarrafal'),(645,40,'CR','Creek'),(646,40,'EA','Eastern'),(647,40,'MI','Midland'),(648,40,'SO','South Town'),(649,40,'SP','Spot Bay'),(650,40,'ST','Stake Bay'),(651,40,'WD','West End'),(652,40,'WN','Western'),(653,41,'AC ','Ouham'),(654,41,'BB ','Bamingui-Bangoran'),(655,41,'BGF','Bangui'),(656,41,'BK ','Basse-Kotto'),(657,41,'HK ','Haute-Kotto'),(658,41,'HM ','Haut-Mbomou'),(659,41,'HS ','Mambr-Kad'),(660,41,'KB ','Nana-Grbizi'),(661,41,'KG ','Kmo'),(662,41,'LB ','Lobaye'),(663,41,'MB ','Mbomou'),(664,41,'MP ','Ombella-M\'Poko'),(665,41,'NM ','Nana-Mambr'),(666,41,'OP ','Ouham-Pend'),(667,41,'SE ','Sangha-Mbar'),(668,41,'UK ','Ouaka'),(669,41,'VR ','Vakaga'),(670,42,'BA ','Batha'),(671,42,'BET','Borkou-Ennedi-Tibesti'),(672,42,'BI ','Biltine'),(673,42,'CB ','Chari-Baguirmi'),(674,42,'GR ','Gura'),(675,42,'KA ','Kanem'),(676,42,'LC ','Lac'),(677,42,'LR ','Logone-Oriental'),(678,42,'LO ','Logone-Occidental'),(679,42,'MC ','Moyen-Chari'),(680,42,'MK ','Mayo-Kbbi'),(681,42,'OD ','Ouadda'),(682,42,'SA ','Salamat'),(683,42,'TA ','Tandjil'),(684,43,'AI','Aisn del General Carlos Ibaez'),(685,43,'AN','Antofagasta'),(686,43,'AR','La Araucana'),(687,43,'AT','Atacama'),(688,43,'BI','Biobo'),(689,43,'CO','Coquimbo'),(690,43,'LI','Libertador Bernardo O\'Higgins'),(691,43,'LL','Los Lagos'),(692,43,'MA','Magallanes y de la Antartica'),(693,43,'ML','Maule'),(694,43,'RM','Metropolitana de Santiago'),(695,43,'TA','Tarapac'),(696,43,'VS','Valparaso'),(697,44,'11',''),(698,44,'12',''),(699,44,'13',''),(700,44,'14',''),(701,44,'15',''),(702,44,'21',''),(703,44,'22',''),(704,44,'23',''),(705,44,'31',''),(706,44,'32',''),(707,44,'33',''),(708,44,'34',''),(709,44,'35',''),(710,44,'36',''),(711,44,'37',''),(712,44,'41',''),(713,44,'42',''),(714,44,'43',''),(715,44,'44',''),(716,44,'45',''),(717,44,'46',''),(718,44,'50',''),(719,44,'51',''),(720,44,'52',''),(721,44,'53',''),(722,44,'54',''),(723,44,'61',''),(724,44,'62',''),(725,44,'63',''),(726,44,'64',''),(727,44,'65',''),(728,44,'71',''),(729,44,'91',''),(730,44,'92',''),(731,46,'D','Direction Island'),(732,46,'H','Home Island'),(733,46,'O','Horsburgh Island'),(734,46,'S','South Island'),(735,46,'W','West Island'),(736,47,'AMA','Amazonas'),(737,47,'ANT','Antioquia'),(738,47,'ARA','Arauca'),(739,47,'ATL','Atlntico'),(740,47,'BOL','Bolvar'),(741,47,'BOY','Boyac'),(742,47,'CAL','Caldas'),(743,47,'CAQ','Caquet'),(744,47,'CAS','Casanare'),(745,47,'CAU','Cauca'),(746,47,'CES','Cesar'),(747,47,'CHO','Choc'),(748,47,'COR','Crdoba'),(749,47,'CUN','Cundinamarca'),(750,47,'DC','Bogot Distrito Capital'),(751,47,'GUA','Guaina'),(752,47,'GUV','Guaviare'),(753,47,'HUI','Huila'),(754,47,'LAG','La Guajira'),(755,47,'MAG','Magdalena'),(756,47,'MET','Meta'),(757,47,'NAR','Nario'),(758,47,'NSA','Norte de Santander'),(759,47,'PUT','Putumayo'),(760,47,'QUI','Quindo'),(761,47,'RIS','Risaralda'),(762,47,'SAN','Santander'),(763,47,'SAP','San Andrs y Providencia'),(764,47,'SUC','Sucre'),(765,47,'TOL','Tolima'),(766,47,'VAC','Valle del Cauca'),(767,47,'VAU','Vaups'),(768,47,'VID','Vichada'),(769,48,'A','Anjouan'),(770,48,'G','Grande Comore'),(771,48,'M','Mohli'),(772,49,'BC','Congo-Central'),(773,49,'BN','Bandundu'),(774,49,'EQ','quateur'),(775,49,'KA','Katanga'),(776,49,'KE','Kasai-Oriental'),(777,49,'KN','Kinshasa'),(778,49,'KW','Kasai-Occidental'),(779,49,'MA','Maniema'),(780,49,'NK','Nord-Kivu'),(781,49,'OR','Orientale'),(782,49,'SK','Sud-Kivu'),(783,50,'PU','Pukapuka'),(784,50,'RK','Rakahanga'),(785,50,'MK','Manihiki'),(786,50,'PE','Penrhyn'),(787,50,'NI','Nassau Island'),(788,50,'SU','Surwarrow'),(789,50,'PA','Palmerston'),(790,50,'AI','Aitutaki'),(791,50,'MA','Manuae'),(792,50,'TA','Takutea'),(793,50,'MT','Mitiaro'),(794,50,'AT','Atiu'),(795,50,'MU','Mauke'),(796,50,'RR','Rarotonga'),(797,50,'MG','Mangaia'),(798,51,'A','Alajuela'),(799,51,'C','Cartago'),(800,51,'G','Guanacaste'),(801,51,'H','Heredia'),(802,51,'L','Limn'),(803,51,'P','Puntarenas'),(804,51,'SJ','San Jos'),(805,52,'01','Lagunes'),(806,52,'02','Haut-Sassandra'),(807,52,'03','Savanes'),(808,52,'04','Valle du Bandama'),(809,52,'05','Moyen-Como'),(810,52,'06','Dix-Huit'),(811,52,'07','Lacs'),(812,52,'08','Zanzan'),(813,52,'09','Bas-Sassandra'),(814,52,'10','Dengul'),(815,52,'11','N\'zi-Como'),(816,52,'12','Marahou'),(817,52,'13','Sud-Como'),(818,52,'14','Worodouqou'),(819,52,'15','Sud-Bandama'),(820,52,'16','Agnbi'),(821,52,'17','Bafing'),(822,52,'18','Fromager'),(823,52,'19','Moyen-Cavally'),(824,53,'01','Zagrebaka upanija'),(825,53,'02','Krapinsko-zagorska upanija'),(826,53,'03','Sisako-moslavaka upanija'),(827,53,'04','Karlovaka upanija'),(828,53,'05','Varadinska upanija'),(829,53,'06','Koprivniko-krievaka upanija'),(830,53,'07','Bjelovarsko-bilogorska upanija'),(831,53,'08','Primorsko-goranska upanija'),(832,53,'09','Liko-senjska upanija'),(833,53,'10','Virovitiko-podravska upanija'),(834,53,'11','Poeko-slavonska upanija'),(835,53,'12','Brodsko-posavska upanija'),(836,53,'13','Zadarska upanija'),(837,53,'14','Osjeko-baranjska upanija'),(838,53,'15','ibensko-kninska upanija'),(839,53,'16','Vukovarsko-srijemska upanija'),(840,53,'17','Splitsko-dalmatinska upanija'),(841,53,'18','Istarska upanija'),(842,53,'19','Dubrovako-neretvanska upanija'),(843,53,'20','Meimurska upanija'),(844,53,'21','Zagreb'),(845,54,'01','Pinar del Ro'),(846,54,'02','La Habana'),(847,54,'03','Ciudad de La Habana'),(848,54,'04','Matanzas'),(849,54,'05','Villa Clara'),(850,54,'06','Cienfuegos'),(851,54,'07','Sancti Spritus'),(852,54,'08','Ciego de vila'),(853,54,'09','Camagey'),(854,54,'10','Las Tunas'),(855,54,'11','Holgun'),(856,54,'12','Granma'),(857,54,'13','Santiago de Cuba'),(858,54,'14','Guantnamo'),(859,54,'99','Isla de la Juventud'),(860,55,'01','v'),(861,55,'02',''),(862,55,'03',''),(863,55,'04',''),(864,55,'05',''),(865,55,'06',''),(866,56,'JC','Jihoesk kraj'),(867,56,'JM','Jihomoravsk kraj'),(868,56,'KA','Karlovarsk kraj'),(869,56,'VY','Vysoina kraj'),(870,56,'KR','Krlovhradeck kraj'),(871,56,'LI','Libereck kraj'),(872,56,'MO','Moravskoslezsk kraj'),(873,56,'OL','Olomouck kraj'),(874,56,'PA','Pardubick kraj'),(875,56,'PL','Plzesk kraj'),(876,56,'PR','Hlavn msto Praha'),(877,56,'ST','Stedoesk kraj'),(878,56,'US','steck kraj'),(879,56,'ZL','Zlnsk kraj'),(880,57,'040','Bornholms Regionskommune'),(881,57,'101','Kbenhavn'),(882,57,'147','Frederiksberg'),(883,57,'070','rhus Amt'),(884,57,'015','Kbenhavns Amt'),(885,57,'020','Frederiksborg Amt'),(886,57,'042','Fyns Amt'),(887,57,'080','Nordjyllands Amt'),(888,57,'055','Ribe Amt'),(889,57,'065','Ringkjbing Amt'),(890,57,'025','Roskilde Amt'),(891,57,'050','Snderjyllands Amt'),(892,57,'035','Storstrms Amt'),(893,57,'060','Vejle Amt'),(894,57,'030','Vestsjllands Amt'),(895,57,'076','Viborg Amt'),(896,58,'AS','Region d\'Ali Sabieh'),(897,58,'AR','Region d\'Arta'),(898,58,'DI','Region de Dikhil'),(899,58,'DJ','Ville de Djibouti'),(900,58,'OB','Region d\'Obock'),(901,58,'TA','Region de Tadjourah'),(902,59,'AND','Saint Andrew Parish'),(903,59,'DAV','Saint David Parish'),(904,59,'GEO','Saint George Parish'),(905,59,'JOH','Saint John Parish'),(906,59,'JOS','Saint Joseph Parish'),(907,59,'LUK','Saint Luke Parish'),(908,59,'MAR','Saint Mark Parish'),(909,59,'PAT','Saint Patrick Parish'),(910,59,'PAU','Saint Paul Parish'),(911,59,'PET','Saint Peter Parish'),(912,60,'01','Distrito Nacional'),(913,60,'02','zua'),(914,60,'03','Baoruco'),(915,60,'04','Barahona'),(916,60,'05','Dajabn'),(917,60,'06','Duarte'),(918,60,'07','Elas Pia'),(919,60,'08','El Seibo'),(920,60,'09','Espaillat'),(921,60,'10','Independencia'),(922,60,'11','La Altagracia'),(923,60,'12','La Romana'),(924,60,'13','La Vega'),(925,60,'14','Mara Trinidad Snchez'),(926,60,'15','Monte Cristi'),(927,60,'16','Pedernales'),(928,60,'17','Peravia'),(929,60,'18','Puerto Plata'),(930,60,'19','Salcedo'),(931,60,'20','Saman'),(932,60,'21','San Cristbal'),(933,60,'22','San Juan'),(934,60,'23','San Pedro de Macors'),(935,60,'24','Snchez Ramrez'),(936,60,'25','Santiago'),(937,60,'26','Santiago Rodrguez'),(938,60,'27','Valverde'),(939,60,'28','Monseor Nouel'),(940,60,'29','Monte Plata'),(941,60,'30','Hato Mayor'),(942,61,'AL','Aileu'),(943,61,'AN','Ainaro'),(944,61,'BA','Baucau'),(945,61,'BO','Bobonaro'),(946,61,'CO','Cova-Lima'),(947,61,'DI','Dili'),(948,61,'ER','Ermera'),(949,61,'LA','Lautem'),(950,61,'LI','Liqui'),(951,61,'MF','Manufahi'),(952,61,'MT','Manatuto'),(953,61,'OE','Oecussi'),(954,61,'VI','Viqueque'),(955,62,'A','Azuay'),(956,62,'B','Bolvar'),(957,62,'C','Carchi'),(958,62,'D','Orellana'),(959,62,'E','Esmeraldas'),(960,62,'F','Caar'),(961,62,'G','Guayas'),(962,62,'H','Chimborazo'),(963,62,'I','Imbabura'),(964,62,'L','Loja'),(965,62,'M','Manab'),(966,62,'N','Napo'),(967,62,'O','El Oro'),(968,62,'P','Pichincha'),(969,62,'R','Los Ros'),(970,62,'S','Morona-Santiago'),(971,62,'T','Tungurahua'),(972,62,'U','Sucumbos'),(973,62,'W','Galpagos'),(974,62,'X','Cotopaxi'),(975,62,'Y','Pastaza'),(976,62,'Z','Zamora-Chinchipe'),(977,63,'ALX',''),(978,63,'ASN',''),(979,63,'AST',''),(980,63,'BA',' '),(981,63,'BH',''),(982,63,'BNS',' '),(983,63,'C',''),(984,63,'DK',''),(985,63,'DT',''),(986,63,'FYM',''),(987,63,'GH',''),(988,63,'GZ',''),(989,63,'IS',''),(990,63,'JS',' '),(991,63,'KB',''),(992,63,'KFS',' '),(993,63,'KN',''),(994,63,'MN',' '),(995,63,'MNF',''),(996,63,'MT',''),(997,63,'PTS','  '),(998,63,'SHG',' '),(999,63,'SHR',' '),(1000,63,'SIN',' '),(1001,63,'SUZ',''),(1002,63,'WAD',' '),(1003,64,'AH','Ahuachapn'),(1004,64,'CA','Cabaas'),(1005,64,'CH','Chalatenango'),(1006,64,'CU','Cuscatln'),(1007,64,'LI','La Libertad'),(1008,64,'MO','Morazn'),(1009,64,'PA','La Paz'),(1010,64,'SA','Santa Ana'),(1011,64,'SM','San Miguel'),(1012,64,'SO','Sonsonate'),(1013,64,'SS','San Salvador'),(1014,64,'SV','San Vicente'),(1015,64,'UN','La Unin'),(1016,64,'US','Usulutn'),(1017,65,'AN','Annobn'),(1018,65,'BN','Bioko Norte'),(1019,65,'BS','Bioko Sur'),(1020,65,'CS','Centro Sur'),(1021,65,'KN','Ki-Ntem'),(1022,65,'LI','Litoral'),(1023,65,'WN','Wele-Nzas'),(1024,66,'AN','Zoba Anseba'),(1025,66,'DK','Zoba Debubawi Keyih Bahri'),(1026,66,'DU','Zoba Debub'),(1027,66,'GB','Zoba Gash-Barka'),(1028,66,'MA','Zoba Ma\'akel'),(1029,66,'SK','Zoba Semienawi Keyih Bahri'),(1030,67,'37','Harju maakond'),(1031,67,'39','Hiiu maakond'),(1032,67,'44','Ida-Viru maakond'),(1033,67,'49','Jgeva maakond'),(1034,67,'51','Jrva maakond'),(1035,67,'57','Lne maakond'),(1036,67,'59','Lne-Viru maakond'),(1037,67,'65','Plva maakond'),(1038,67,'67','Prnu maakond'),(1039,67,'70','Rapla maakond'),(1040,67,'74','Saare maakond'),(1041,67,'78','Tartu maakond'),(1042,67,'82','Valga maakond'),(1043,67,'84','Viljandi maakond'),(1044,67,'86','Vru maakond'),(1045,68,'AA',' '),(1046,68,'AF',''),(1047,68,'AH',''),(1048,68,'BG','-'),(1049,68,'DD',''),(1050,68,'GB',' '),(1051,68,'HR',' '),(1052,68,'OR',''),(1053,68,'SM',''),(1054,68,'SN','   '),(1055,68,'TG',''),(1056,71,'C','Central'),(1057,71,'E','Northern'),(1058,71,'N','Eastern'),(1059,71,'R','Rotuma'),(1060,71,'W','Western'),(1061,72,'AL','Ahvenanmaan maakunta'),(1062,72,'ES','Etel-Suomen lni'),(1063,72,'IS','It-Suomen lni'),(1064,72,'LL','Lapin lni'),(1065,72,'LS','Lnsi-Suomen lni'),(1066,72,'OL','Oulun lni'),(1067,73,'01','Ain'),(1068,73,'02','Aisne'),(1069,73,'03','Allier'),(1070,73,'04','Alpes-de-Haute-Provence'),(1071,73,'05','Hautes-Alpes'),(1072,73,'06','Alpes-Maritimes'),(1073,73,'07','Ardche'),(1074,73,'08','Ardennes'),(1075,73,'09','Arige'),(1076,73,'10','Aube'),(1077,73,'11','Aude'),(1078,73,'12','Aveyron'),(1079,73,'13','Bouches-du-Rhne'),(1080,73,'14','Calvados'),(1081,73,'15','Cantal'),(1082,73,'16','Charente'),(1083,73,'17','Charente-Maritime'),(1084,73,'18','Cher'),(1085,73,'19','Corrze'),(1086,73,'21','Cte-d\'Or'),(1087,73,'22','Ctes-d\'Armor'),(1088,73,'23','Creuse'),(1089,73,'24','Dordogne'),(1090,73,'25','Doubs'),(1091,73,'26','Drme'),(1092,73,'27','Eure'),(1093,73,'28','Eure-et-Loir'),(1094,73,'29','Finistre'),(1095,73,'2A','Corse-du-Sud'),(1096,73,'2B','Haute-Corse'),(1097,73,'30','Gard'),(1098,73,'31','Haute-Garonne'),(1099,73,'32','Gers'),(1100,73,'33','Gironde'),(1101,73,'34','Hrault'),(1102,73,'35','Ille-et-Vilaine'),(1103,73,'36','Indre'),(1104,73,'37','Indre-et-Loire'),(1105,73,'38','Isre'),(1106,73,'39','Jura'),(1107,73,'40','Landes'),(1108,73,'41','Loir-et-Cher'),(1109,73,'42','Loire'),(1110,73,'43','Haute-Loire'),(1111,73,'44','Loire-Atlantique'),(1112,73,'45','Loiret'),(1113,73,'46','Lot'),(1114,73,'47','Lot-et-Garonne'),(1115,73,'48','Lozre'),(1116,73,'49','Maine-et-Loire'),(1117,73,'50','Manche'),(1118,73,'51','Marne'),(1119,73,'52','Haute-Marne'),(1120,73,'53','Mayenne'),(1121,73,'54','Meurthe-et-Moselle'),(1122,73,'55','Meuse'),(1123,73,'56','Morbihan'),(1124,73,'57','Moselle'),(1125,73,'58','Nivre'),(1126,73,'59','Nord'),(1127,73,'60','Oise'),(1128,73,'61','Orne'),(1129,73,'62','Pas-de-Calais'),(1130,73,'63','Puy-de-Dme'),(1131,73,'64','Pyrnes-Atlantiques'),(1132,73,'65','Hautes-Pyrnes'),(1133,73,'66','Pyrnes-Orientales'),(1134,73,'67','Bas-Rhin'),(1135,73,'68','Haut-Rhin'),(1136,73,'69','Rhne'),(1137,73,'70','Haute-Sane'),(1138,73,'71','Sane-et-Loire'),(1139,73,'72','Sarthe'),(1140,73,'73','Savoie'),(1141,73,'74','Haute-Savoie'),(1142,73,'75','Paris'),(1143,73,'76','Seine-Maritime'),(1144,73,'77','Seine-et-Marne'),(1145,73,'78','Yvelines'),(1146,73,'79','Deux-Svres'),(1147,73,'80','Somme'),(1148,73,'81','Tarn'),(1149,73,'82','Tarn-et-Garonne'),(1150,73,'83','Var'),(1151,73,'84','Vaucluse'),(1152,73,'85','Vende'),(1153,73,'86','Vienne'),(1154,73,'87','Haute-Vienne'),(1155,73,'88','Vosges'),(1156,73,'89','Yonne'),(1157,73,'90','Territoire de Belfort'),(1158,73,'91','Essonne'),(1159,73,'92','Hauts-de-Seine'),(1160,73,'93','Seine-Saint-Denis'),(1161,73,'94','Val-de-Marne'),(1162,73,'95','Val-d\'Oise'),(1163,73,'NC','Territoire des Nouvelle-Caldonie et Dependances'),(1164,73,'PF','Polynsie Franaise'),(1165,73,'PM','Saint-Pierre et Miquelon'),(1166,73,'TF','Terres australes et antarctiques franaises'),(1167,73,'YT','Mayotte'),(1168,73,'WF','Territoire des les Wallis et Futuna'),(1169,76,'M','Archipel des Marquises'),(1170,76,'T','Archipel des Tuamotu'),(1171,76,'I','Archipel des Tubuai'),(1172,76,'V','Iles du Vent'),(1173,76,'S','Iles Sous-le-Vent '),(1174,77,'C','Iles Crozet'),(1175,77,'K','Iles Kerguelen'),(1176,77,'A','Ile Amsterdam'),(1177,77,'P','Ile Saint-Paul'),(1178,77,'D','Adelie Land'),(1179,78,'ES','Estuaire'),(1180,78,'HO','Haut-Ogooue'),(1181,78,'MO','Moyen-Ogooue'),(1182,78,'NG','Ngounie'),(1183,78,'NY','Nyanga'),(1184,78,'OI','Ogooue-Ivindo'),(1185,78,'OL','Ogooue-Lolo'),(1186,78,'OM','Ogooue-Maritime'),(1187,78,'WN','Woleu-Ntem'),(1188,79,'AH','Ashanti'),(1189,79,'BA','Brong-Ahafo'),(1190,79,'CP','Central'),(1191,79,'EP','Eastern'),(1192,79,'AA','Greater Accra'),(1193,79,'NP','Northern'),(1194,79,'UE','Upper East'),(1195,79,'UW','Upper West'),(1196,79,'TV','Volta'),(1197,79,'WP','Western'),(1198,80,'AB',''),(1199,80,'AJ',''),(1200,80,'GU',''),(1201,80,'IM',''),(1202,80,'KA',''),(1203,80,'KK',' '),(1204,80,'MM','-'),(1205,80,'RL','-   '),(1206,80,'SJ','-'),(1207,80,'SK',' '),(1208,80,'SZ','- '),(1209,80,'TB',''),(1210,81,'BE','Berlin'),(1211,81,'BR','Brandenburg'),(1212,81,'BW','Baden-Wrttemberg'),(1213,81,'BY','Bayern'),(1214,81,'HB','Bremen'),(1215,81,'HE','Hessen'),(1216,81,'HH','Hamburg'),(1217,81,'MV','Mecklenburg-Vorpommern'),(1218,81,'NI','Niedersachsen'),(1219,81,'NW','Nordrhein-Westfalen'),(1220,81,'RP','Rheinland-Pfalz'),(1221,81,'SH','Schleswig-Holstein'),(1222,81,'SL','Saarland'),(1223,81,'SN','Sachsen'),(1224,81,'ST','Sachsen-Anhalt'),(1225,81,'TH','Thringen'),(1226,82,'AA','Greater Accra'),(1227,82,'AH','Ashanti'),(1228,82,'BA','Brong-Ahafo'),(1229,82,'CP','Central'),(1230,82,'EP','Eastern'),(1231,82,'NP','Northern'),(1232,82,'TV','Volta'),(1233,82,'UE','Upper East'),(1234,82,'UW','Upper West'),(1235,82,'WP','Western'),(1236,84,'01',''),(1237,84,'03',''),(1238,84,'04',''),(1239,84,'05',''),(1240,84,'06',''),(1241,84,'07',''),(1242,84,'11',''),(1243,84,'12',''),(1244,84,'13',''),(1245,84,'14',''),(1246,84,'15',''),(1247,84,'16',''),(1248,84,'17',''),(1249,84,'21',''),(1250,84,'22',''),(1251,84,'23',''),(1252,84,'24',''),(1253,84,'31',''),(1254,84,'32',''),(1255,84,'33',''),(1256,84,'34',''),(1257,84,'41',''),(1258,84,'42',''),(1259,84,'43',''),(1260,84,'44',''),(1261,84,'51',''),(1262,84,'52',''),(1263,84,'53',''),(1264,84,'54',''),(1265,84,'55',''),(1266,84,'56',''),(1267,84,'57',''),(1268,84,'58',''),(1269,84,'59',''),(1270,84,'61',''),(1271,84,'62',''),(1272,84,'63',''),(1273,84,'64',''),(1274,84,'69',' '),(1275,84,'71',''),(1276,84,'72',''),(1277,84,'73',''),(1278,84,'81',''),(1279,84,'82',''),(1280,84,'83',''),(1281,84,'84',''),(1282,84,'85',''),(1283,84,'91',''),(1284,84,'92',''),(1285,84,'93',''),(1286,84,'94',''),(1287,84,'A1',''),(1288,85,'A','Avannaa'),(1289,85,'T','Tunu '),(1290,85,'K','Kitaa'),(1291,86,'A','Saint Andrew'),(1292,86,'D','Saint David'),(1293,86,'G','Saint George'),(1294,86,'J','Saint John'),(1295,86,'M','Saint Mark'),(1296,86,'P','Saint Patrick'),(1297,89,'AV','Alta Verapaz'),(1298,89,'BV','Baja Verapaz'),(1299,89,'CM','Chimaltenango'),(1300,89,'CQ','Chiquimula'),(1301,89,'ES','Escuintla'),(1302,89,'GU','Guatemala'),(1303,89,'HU','Huehuetenango'),(1304,89,'IZ','Izabal'),(1305,89,'JA','Jalapa'),(1306,89,'JU','Jutiapa'),(1307,89,'PE','El Petn'),(1308,89,'PR','El Progreso'),(1309,89,'QC','El Quich'),(1310,89,'QZ','Quetzaltenango'),(1311,89,'RE','Retalhuleu'),(1312,89,'SA','Sacatepquez'),(1313,89,'SM','San Marcos'),(1314,89,'SO','Solol'),(1315,89,'SR','Santa Rosa'),(1316,89,'SU','Suchitepquez'),(1317,89,'TO','Totonicapn'),(1318,89,'ZA','Zacapa'),(1319,90,'BE','Beyla'),(1320,90,'BF','Boffa'),(1321,90,'BK','Bok'),(1322,90,'CO','Coyah'),(1323,90,'DB','Dabola'),(1324,90,'DI','Dinguiraye'),(1325,90,'DL','Dalaba'),(1326,90,'DU','Dubrka'),(1327,90,'FA','Faranah'),(1328,90,'FO','Forcariah'),(1329,90,'FR','Fria'),(1330,90,'GA','Gaoual'),(1331,90,'GU','Gukdou'),(1332,90,'KA','Kankan'),(1333,90,'KB','Koubia'),(1334,90,'KD','Kindia'),(1335,90,'KE','Krouan'),(1336,90,'KN','Koundara'),(1337,90,'KO','Kouroussa'),(1338,90,'KS','Kissidougou'),(1339,90,'LA','Lab'),(1340,90,'LE','Llouma'),(1341,90,'LO','Lola'),(1342,90,'MC','Macenta'),(1343,90,'MD','Mandiana'),(1344,90,'ML','Mali'),(1345,90,'MM','Mamou'),(1346,90,'NZ','Nzrkor'),(1347,90,'PI','Pita'),(1348,90,'SI','Siguiri'),(1349,90,'TE','Tliml'),(1350,90,'TO','Tougu'),(1351,90,'YO','Yomou'),(1352,91,'BF','Bafata'),(1353,91,'BB','Biombo'),(1354,91,'BS','Bissau'),(1355,91,'BL','Bolama'),(1356,91,'CA','Cacheu'),(1357,91,'GA','Gabu'),(1358,91,'OI','Oio'),(1359,91,'QU','Quinara'),(1360,91,'TO','Tombali'),(1361,92,'BA','Barima-Waini'),(1362,92,'CU','Cuyuni-Mazaruni'),(1363,92,'DE','Demerara-Mahaica'),(1364,92,'EB','East Berbice-Corentyne'),(1365,92,'ES','Essequibo Islands-West Demerara'),(1366,92,'MA','Mahaica-Berbice'),(1367,92,'PM','Pomeroon-Supenaam'),(1368,92,'PT','Potaro-Siparuni'),(1369,92,'UD','Upper Demerara-Berbice'),(1370,92,'UT','Upper Takutu-Upper Essequibo'),(1371,93,'AR','Artibonite'),(1372,93,'CE','Centre'),(1373,93,'GA','Grand\'Anse'),(1374,93,'NI','Nippes'),(1375,93,'ND','Nord'),(1376,93,'NE','Nord-Est'),(1377,93,'NO','Nord-Ouest'),(1378,93,'OU','Ouest'),(1379,93,'SD','Sud'),(1380,93,'SE','Sud-Est'),(1381,94,'F','Flat Island'),(1382,94,'M','McDonald Island'),(1383,94,'S','Shag Island'),(1384,94,'H','Heard Island'),(1385,95,'AT','Atlntida'),(1386,95,'CH','Choluteca'),(1387,95,'CL','Coln'),(1388,95,'CM','Comayagua'),(1389,95,'CP','Copn'),(1390,95,'CR','Corts'),(1391,95,'EP','El Paraso'),(1392,95,'FM','Francisco Morazn'),(1393,95,'GD','Gracias a Dios'),(1394,95,'IB','Islas de la Baha'),(1395,95,'IN','Intibuc'),(1396,95,'LE','Lempira'),(1397,95,'LP','La Paz'),(1398,95,'OC','Ocotepeque'),(1399,95,'OL','Olancho'),(1400,95,'SB','Santa Brbara'),(1401,95,'VA','Valle'),(1402,95,'YO','Yoro'),(1403,96,'HCW',''),(1404,96,'HEA',''),(1405,96,'HSO',''),(1406,96,'HWC',''),(1407,96,'KKC',''),(1408,96,'KKT',''),(1409,96,'KSS',''),(1410,96,'KWT',''),(1411,96,'KYT',''),(1412,96,'NIS',''),(1413,96,'NKT',''),(1414,96,'NNO',''),(1415,96,'NSK',''),(1416,96,'NST',''),(1417,96,'NTP',''),(1418,96,'NTW',''),(1419,96,'NTM',''),(1420,96,'NYL',''),(1421,97,'BA','Baranja megye'),(1422,97,'BC','Bkscsaba'),(1423,97,'BE','Bks megye'),(1424,97,'BK','Bcs-Kiskun megye'),(1425,97,'BU','Budapest'),(1426,97,'BZ','Borsod-Abaj-Zempln megye'),(1427,97,'CS','Csongrd megye'),(1428,97,'DE','Debrecen'),(1429,97,'DU','Dunajvros'),(1430,97,'EG','Eger'),(1431,97,'FE','Fejr megye'),(1432,97,'GS','Gyr-Moson-Sopron megye'),(1433,97,'GY','Gyr'),(1434,97,'HB','Hajd-Bihar megye'),(1435,97,'HE','Heves megye'),(1436,97,'HV','Hdmezvsrhely'),(1437,97,'JN','Jsz-Nagykun-Szolnok megye'),(1438,97,'KE','Komrom-Esztergom megye'),(1439,97,'KM','Kecskemt'),(1440,97,'KV','Kaposvr'),(1441,97,'MI','Miskolc'),(1442,97,'NK','Nagykanizsa'),(1443,97,'NO','Ngrd megye'),(1444,97,'NY','Nyregyhza'),(1445,97,'PE','Pest megye'),(1446,97,'PS','Pcs'),(1447,97,'SD','Szeged'),(1448,97,'SF','Szkesfehrvr'),(1449,97,'SH','Szombathely'),(1450,97,'SK','Szolnok'),(1451,97,'SN','Sopron'),(1452,97,'SO','Somogy megye'),(1453,97,'SS','Szekszrd'),(1454,97,'ST','Salgtarjn'),(1455,97,'SZ','Szabolcs-Szatmr-Bereg megye'),(1456,97,'TB','Tatabnya'),(1457,97,'TO','Tolna megye'),(1458,97,'VA','Vas megye'),(1459,97,'VE','Veszprm megye'),(1460,97,'VM','Veszprm'),(1461,97,'ZA','Zala megye'),(1462,97,'ZE','Zalaegerszeg'),(1463,98,'1','Hfuborgarsvi'),(1464,98,'2','Suurnes'),(1465,98,'3','Vesturland'),(1466,98,'4','Vestfirir'),(1467,98,'5','Norurland vestra'),(1468,98,'6','Norurland eystra'),(1469,98,'7','Austfirir'),(1470,98,'8','Suurland'),(1471,99,'IN-AN','   '),(1472,99,'IN-AP',' '),(1473,99,'IN-AR',' '),(1474,99,'IN-AS',''),(1475,99,'IN-BR',''),(1476,99,'IN-CH',''),(1477,99,'IN-CT',''),(1478,99,'IN-DD','  '),(1479,99,'IN-DL',''),(1480,99,'IN-DN','   '),(1481,99,'IN-GA',''),(1482,99,'IN-GJ',''),(1483,99,'IN-HP',' '),(1484,99,'IN-HR',''),(1485,99,'IN-JH',''),(1486,99,'IN-JK','  '),(1487,99,'IN-KA',''),(1488,99,'IN-KL',''),(1489,99,'IN-LD',''),(1490,99,'IN-ML',''),(1491,99,'IN-MH',''),(1492,99,'IN-MN',''),(1493,99,'IN-MP',' '),(1494,99,'IN-MZ',''),(1495,99,'IN-NL',''),(1496,99,'IN-OR',''),(1497,99,'IN-PB',''),(1498,99,'IN-PY',''),(1499,99,'IN-RJ',''),(1500,99,'IN-SK',''),(1501,99,'IN-TN',' '),(1502,99,'IN-TR',''),(1503,99,'IN-UL',''),(1504,99,'IN-UP',' '),(1505,99,'IN-WB',''),(1506,100,'AC','Aceh'),(1507,100,'BA','Bali'),(1508,100,'BB','Bangka-Belitung'),(1509,100,'BE','Bengkulu'),(1510,100,'BT','Banten'),(1511,100,'GO','Gorontalo'),(1512,100,'IJ','Papua'),(1513,100,'JA','Jambi'),(1514,100,'JI','Jawa Timur'),(1515,100,'JK','Jakarta Raya'),(1516,100,'JR','Jawa Barat'),(1517,100,'JT','Jawa Tengah'),(1518,100,'KB','Kalimantan Barat'),(1519,100,'KI','Kalimantan Timur'),(1520,100,'KS','Kalimantan Selatan'),(1521,100,'KT','Kalimantan Tengah'),(1522,100,'LA','Lampung'),(1523,100,'MA','Maluku'),(1524,100,'MU','Maluku Utara'),(1525,100,'NB','Nusa Tenggara Barat'),(1526,100,'NT','Nusa Tenggara Timur'),(1527,100,'RI','Riau'),(1528,100,'SB','Sumatera Barat'),(1529,100,'SG','Sulawesi Tenggara'),(1530,100,'SL','Sumatera Selatan'),(1531,100,'SN','Sulawesi Selatan'),(1532,100,'ST','Sulawesi Tengah'),(1533,100,'SW','Sulawesi Utara'),(1534,100,'SU','Sumatera Utara'),(1535,100,'YO','Yogyakarta'),(1536,101,'01','  '),(1537,101,'02','  '),(1538,101,'03',' '),(1539,101,'04',' '),(1540,101,'05',' '),(1541,101,'06',' '),(1542,101,'07',' '),(1543,101,'08','   '),(1544,101,'09','  '),(1545,101,'10',' '),(1546,101,'11',' '),(1547,101,'12',' '),(1548,101,'13','  '),(1549,101,'14',' '),(1550,101,'15',' '),(1551,101,'16',' '),(1552,101,'17',' '),(1553,101,'18','    '),(1554,101,'19',' '),(1555,101,'20',' '),(1556,101,'21',' '),(1557,101,'22',' '),(1558,101,'23',' '),(1559,101,'24',' '),(1560,101,'25',' '),(1561,101,'26',' '),(1562,101,'27',' '),(1563,101,'28',' '),(1564,102,'AN',' '),(1565,102,'AR',''),(1566,102,'BA',' '),(1567,102,'BB',''),(1568,102,'BG',' '),(1569,102,'DA',''),(1570,102,'DI',''),(1571,102,'DQ',' '),(1572,102,'KA',''),(1573,102,'MA',''),(1574,102,'MU',''),(1575,102,'NA',''),(1576,102,'NI',''),(1577,102,'QA',''),(1578,102,'SD',' '),(1579,102,'SW',' '),(1580,102,'TS',''),(1581,102,'WA',''),(1582,103,'C','Corcaigh'),(1583,103,'CE','Contae an Chlir'),(1584,103,'CN','An Cabhn'),(1585,103,'CW','Ceatharlach'),(1586,103,'D','Baile tha Cliath'),(1587,103,'DL','Dn na nGall'),(1588,103,'G','Gaillimh'),(1589,103,'KE','Cill Dara'),(1590,103,'KK','Cill Chainnigh'),(1591,103,'KY','Contae Chiarra'),(1592,103,'LD','An Longfort'),(1593,103,'LH','Contae L'),(1594,103,'LK','Luimneach'),(1595,103,'LM','Contae Liatroma'),(1596,103,'LS','Contae Laoise'),(1597,103,'MH','Contae na M'),(1598,103,'MN','Muineachn'),(1599,103,'MO','Contae Mhaigh Eo'),(1600,103,'OY','Contae Ubh Fhail'),(1601,103,'RN','Ros Comin'),(1602,103,'SO','Sligeach'),(1603,103,'TA','Tiobraid rann'),(1604,103,'WD','Port Lairge'),(1605,103,'WH','Contae na hIarmh'),(1606,103,'WW','Cill Mhantin'),(1607,103,'WX','Loch Garman'),(1608,104,'D ',' '),(1609,104,'HA',' '),(1610,104,'JM',''),(1611,104,'M ',' '),(1612,104,'TA',' -'),(1613,104,'Z ',' '),(1614,105,'AG','Agrigento'),(1615,105,'AL','Alessandria'),(1616,105,'AN','Ancona'),(1617,105,'AO','Valle d\'Aosta'),(1618,105,'AP','Ascoli Piceno'),(1619,105,'AQ','L\'Aquila'),(1620,105,'AR','Arezzo'),(1621,105,'AT','Asti'),(1622,105,'AV','Avellino'),(1623,105,'BA','Bari'),(1624,105,'BG','Bergamo'),(1625,105,'BI','Biella'),(1626,105,'BL','Belluno'),(1627,105,'BN','Benevento'),(1628,105,'BO','Bologna'),(1629,105,'BR','Brindisi'),(1630,105,'BS','Brescia'),(1631,105,'BT','Barletta-Andria-Trani'),(1632,105,'BZ','Alto Adige'),(1633,105,'CA','Cagliari'),(1634,105,'CB','Campobasso'),(1635,105,'CE','Caserta'),(1636,105,'CH','Chieti'),(1637,105,'CI','Carbonia-Iglesias'),(1638,105,'CL','Caltanissetta'),(1639,105,'CN','Cuneo'),(1640,105,'CO','Como'),(1641,105,'CR','Cremona'),(1642,105,'CS','Cosenza'),(1643,105,'CT','Catania'),(1644,105,'CZ','Catanzaro'),(1645,105,'EN','Enna'),(1646,105,'FE','Ferrara'),(1647,105,'FG','Foggia'),(1648,105,'FI','Firenze'),(1649,105,'FM','Fermo'),(1650,105,'FO','Forl-Cesena'),(1651,105,'FR','Frosinone'),(1652,105,'GE','Genova'),(1653,105,'GO','Gorizia'),(1654,105,'GR','Grosseto'),(1655,105,'IM','Imperia'),(1656,105,'IS','Isernia'),(1657,105,'KR','Crotone'),(1658,105,'LC','Lecco'),(1659,105,'LE','Lecce'),(1660,105,'LI','Livorno'),(1661,105,'LO','Lodi'),(1662,105,'LT','Latina'),(1663,105,'LU','Lucca'),(1664,105,'MC','Macerata'),(1665,105,'MD','Medio Campidano'),(1666,105,'ME','Messina'),(1667,105,'MI','Milano'),(1668,105,'MN','Mantova'),(1669,105,'MO','Modena'),(1670,105,'MS','Massa-Carrara'),(1671,105,'MT','Matera'),(1672,105,'MZ','Monza e Brianza'),(1673,105,'NA','Napoli'),(1674,105,'NO','Novara'),(1675,105,'NU','Nuoro'),(1676,105,'OG','Ogliastra'),(1677,105,'OR','Oristano'),(1678,105,'OT','Olbia-Tempio'),(1679,105,'PA','Palermo'),(1680,105,'PC','Piacenza'),(1681,105,'PD','Padova'),(1682,105,'PE','Pescara'),(1683,105,'PG','Perugia'),(1684,105,'PI','Pisa'),(1685,105,'PN','Pordenone'),(1686,105,'PO','Prato'),(1687,105,'PR','Parma'),(1688,105,'PS','Pesaro e Urbino'),(1689,105,'PT','Pistoia'),(1690,105,'PV','Pavia'),(1691,105,'PZ','Potenza'),(1692,105,'RA','Ravenna'),(1693,105,'RC','Reggio Calabria'),(1694,105,'RE','Reggio Emilia'),(1695,105,'RG','Ragusa'),(1696,105,'RI','Rieti'),(1697,105,'RM','Roma'),(1698,105,'RN','Rimini'),(1699,105,'RO','Rovigo'),(1700,105,'SA','Salerno'),(1701,105,'SI','Siena'),(1702,105,'SO','Sondrio'),(1703,105,'SP','La Spezia'),(1704,105,'SR','Siracusa'),(1705,105,'SS','Sassari'),(1706,105,'SV','Savona'),(1707,105,'TA','Taranto'),(1708,105,'TE','Teramo'),(1709,105,'TN','Trento'),(1710,105,'TO','Torino'),(1711,105,'TP','Trapani'),(1712,105,'TR','Terni'),(1713,105,'TS','Trieste'),(1714,105,'TV','Treviso'),(1715,105,'UD','Udine'),(1716,105,'VA','Varese'),(1717,105,'VB','Verbano-Cusio-Ossola'),(1718,105,'VC','Vercelli'),(1719,105,'VE','Venezia'),(1720,105,'VI','Vicenza'),(1721,105,'VR','Verona'),(1722,105,'VT','Viterbo'),(1723,105,'VV','Vibo Valentia'),(1724,106,'01','Kingston'),(1725,106,'02','Half Way Tree'),(1726,106,'03','Morant Bay'),(1727,106,'04','Port Antonio'),(1728,106,'05','Port Maria'),(1729,106,'06','Saint Ann\'s Bay'),(1730,106,'07','Falmouth'),(1731,106,'08','Montego Bay'),(1732,106,'09','Lucea'),(1733,106,'10','Savanna-la-Mar'),(1734,106,'11','Black River'),(1735,106,'12','Mandeville'),(1736,106,'13','May Pen'),(1737,106,'14','Spanish Town'),(1738,107,'01',''),(1739,107,'02',''),(1740,107,'03',''),(1741,107,'04',''),(1742,107,'05',''),(1743,107,'06',''),(1744,107,'07',''),(1745,107,'08',''),(1746,107,'09',''),(1747,107,'10',''),(1748,107,'11',''),(1749,107,'12',''),(1750,107,'13',''),(1751,107,'14',''),(1752,107,'15',''),(1753,107,'16',''),(1754,107,'17',''),(1755,107,'18',''),(1756,107,'19',''),(1757,107,'20',''),(1758,107,'21',''),(1759,107,'22',''),(1760,107,'23',''),(1761,107,'24',''),(1762,107,'25',''),(1763,107,'26',''),(1764,107,'27',''),(1765,107,'28',''),(1766,107,'29',''),(1767,107,'30',''),(1768,107,'31',''),(1769,107,'32',''),(1770,107,'33',''),(1771,107,'34',''),(1772,107,'35',''),(1773,107,'36',''),(1774,107,'37',''),(1775,107,'38',''),(1776,107,'39',''),(1777,107,'40',''),(1778,107,'41',''),(1779,107,'42',''),(1780,107,'43',''),(1781,107,'44',''),(1782,107,'45',''),(1783,107,'46',''),(1784,107,'47',''),(1785,108,'AJ',' '),(1786,108,'AM',' '),(1787,108,'AQ',' '),(1788,108,'AT',' '),(1789,108,'AZ',' '),(1790,108,'BA',' '),(1791,108,'JA',' '),(1792,108,'JR',' '),(1793,108,'KA',' '),(1794,108,'MA',' '),(1795,108,'MD',' '),(1796,108,'MN',' '),(1797,109,'AL',''),(1798,109,'AC','Almaty City'),(1799,109,'AM',''),(1800,109,'AQ',''),(1801,109,'AS',''),(1802,109,'AT',''),(1803,109,'BA',' '),(1804,109,'BY',''),(1805,109,'MA',''),(1806,109,'ON',' '),(1807,109,'PA',''),(1808,109,'QA',''),(1809,109,'QO',''),(1810,109,'QY',''),(1811,109,'SH',' '),(1812,109,'SO',' '),(1813,109,'ZH',''),(1814,110,'110','Nairobi'),(1815,110,'200','Central'),(1816,110,'300','Mombasa'),(1817,110,'400','Eastern'),(1818,110,'500','North Eastern'),(1819,110,'600','Nyanza'),(1820,110,'700','Rift Valley'),(1821,110,'900','Western'),(1822,111,'G','Gilbert Islands'),(1823,111,'L','Line Islands'),(1824,111,'P','Phoenix Islands'),(1825,112,'CHA',''),(1826,112,'HAB',' '),(1827,112,'HAN',' '),(1828,112,'HWB',' '),(1829,112,'HWN',' '),(1830,112,'KAN',''),(1831,112,'KAE',''),(1832,112,'NAJ',' '),(1833,112,'NAM',' '),(1834,112,'PYB',' '),(1835,112,'PYN',' '),(1836,112,'PYO',' '),(1837,112,'YAN',''),(1838,113,'11',''),(1839,113,'26',' '),(1840,113,'27',' '),(1841,113,'28',''),(1842,113,'29',' '),(1843,113,'30',' '),(1844,113,'31',' '),(1845,113,'41',''),(1846,113,'42',''),(1847,113,'43',' '),(1848,113,'44',' '),(1849,113,'45',' '),(1850,113,'46',' '),(1851,113,'47',' '),(1852,113,'48',' '),(1853,113,'49',''),(1854,114,'AH',''),(1855,114,'FA',''),(1856,114,'JA',''),(1857,114,'KU',''),(1858,114,'HW',''),(1859,114,'MU',' '),(1860,115,'B',' '),(1861,115,'C',' '),(1862,115,'GB',''),(1863,115,'J','- '),(1864,115,'N',' '),(1865,115,'O',' '),(1866,115,'T',' '),(1867,115,'Y','- '),(1868,116,'AT',''),(1869,116,'BK',''),(1870,116,'BL',''),(1871,116,'CH',''),(1872,116,'HO',''),(1873,116,'KH',''),(1874,116,'LM',''),(1875,116,'LP',''),(1876,116,'OU',''),(1877,116,'PH',''),(1878,116,'SL',''),(1879,116,'SV',''),(1880,116,'VI',''),(1881,116,'VT',''),(1882,116,'XA',''),(1883,116,'XE',''),(1884,116,'XI',''),(1885,116,'XN',''),(1886,117,'AI','Aizkraukles rajons'),(1887,117,'AL','Alksnes rajons'),(1888,117,'BL','Balvu rajons'),(1889,117,'BU','Bauskas rajons'),(1890,117,'CE','Csu rajons'),(1891,117,'DA','Daugavpils rajons'),(1892,117,'DGV','Daugpilis'),(1893,117,'DO','Dobeles rajons'),(1894,117,'GU','Gulbenes rajons'),(1895,117,'JEL','Jelgava'),(1896,117,'JK','Jkabpils rajons'),(1897,117,'JL','Jelgavas rajons'),(1898,117,'JUR','Jrmala'),(1899,117,'KR','Krslavas rajons'),(1900,117,'KU','Kuldgas rajons'),(1901,117,'LE','Liepjas rajons'),(1902,117,'LM','Limbau rajons'),(1903,117,'LPX','Liepoja'),(1904,117,'LU','Ludzas rajons'),(1905,117,'MA','Madonas rajons'),(1906,117,'OG','Ogres rajons'),(1907,117,'PR','Preiu rajons'),(1908,117,'RE','Rzeknes rajons'),(1909,117,'REZ','Rzekne'),(1910,117,'RI','Rgas rajons'),(1911,117,'RIX','Rga'),(1912,117,'SA','Saldus rajons'),(1913,117,'TA','Talsu rajons'),(1914,117,'TU','Tukuma rajons'),(1915,117,'VE','Ventspils rajons'),(1916,117,'VEN','Ventspils'),(1917,117,'VK','Valkas rajons'),(1918,117,'VM','Valmieras rajons'),(1919,119,'A','Maseru'),(1920,119,'B','Butha-Buthe'),(1921,119,'C','Leribe'),(1922,119,'D','Berea'),(1923,119,'E','Mafeteng'),(1924,119,'F','Mohale\'s Hoek'),(1925,119,'G','Quthing'),(1926,119,'H','Qacha\'s Nek'),(1927,119,'J','Mokhotlong'),(1928,119,'K','Thaba-Tseka'),(1929,120,'BG','Bong'),(1930,120,'BM','Bomi'),(1931,120,'CM','Grand Cape Mount'),(1932,120,'GB','Grand Bassa'),(1933,120,'GG','Grand Gedeh'),(1934,120,'GK','Grand Kru'),(1935,120,'GP','Gbarpolu'),(1936,120,'LO','Lofa'),(1937,120,'MG','Margibi'),(1938,120,'MO','Montserrado'),(1939,120,'MY','Maryland'),(1940,120,'NI','Nimba'),(1941,120,'RG','River Gee'),(1942,120,'RI','Rivercess'),(1943,120,'SI','Sinoe'),(1944,121,'AJ','Ajdbiy'),(1945,121,'BA','Banghz'),(1946,121,'BU','Al Bunn'),(1947,121,'BW','Ban Wald'),(1948,121,'DR','Darnah'),(1949,121,'GD','Ghadmis'),(1950,121,'GR','Gharyn'),(1951,121,'GT','Ght'),(1952,121,'HZ','Al izm al Akhar'),(1953,121,'JA','Al Jabal al Akhar'),(1954,121,'JB','Jaghbb'),(1955,121,'JI','Al Jifrah'),(1956,121,'JU','Al Jufrah'),(1957,121,'KF','Al Kufrah'),(1958,121,'MB','Al Marqab'),(1959,121,'MI','Mirtah'),(1960,121,'MJ','Al Marj'),(1961,121,'MQ','Murzuq'),(1962,121,'MZ','Mizdah'),(1963,121,'NL','Nlt'),(1964,121,'NQ','An Nuqa al Khams'),(1965,121,'QB','Al Qubbah'),(1966,121,'QT','Al Qarn'),(1967,121,'SB','Sabh'),(1968,121,'SH','Ash Shi'),(1969,121,'SR','Surt'),(1970,121,'SS','abrtah urmn'),(1971,121,'TB','arbulus'),(1972,121,'TM','Tarhnah-Masalltah'),(1973,121,'TN','Tjr wa an Naw al Arb'),(1974,121,'WA','Al Wah'),(1975,121,'WD','Wd al ayt'),(1976,121,'YJ','Yafran-Jd'),(1977,121,'ZA','Az Zwiyah'),(1978,122,'B','Balzers'),(1979,122,'E','Eschen'),(1980,122,'G','Gamprin'),(1981,122,'M','Mauren'),(1982,122,'P','Planken'),(1983,122,'R','Ruggell'),(1984,122,'A','Schaan'),(1985,122,'L','Schellenberg'),(1986,122,'N','Triesen'),(1987,122,'T','Triesenberg'),(1988,122,'V','Vaduz'),(1989,123,'AL','Alytaus Apskritis'),(1990,123,'KL','Klaipdos Apskritis'),(1991,123,'KU','Kauno Apskritis'),(1992,123,'MR','Marijampols Apskritis'),(1993,123,'PN','Panevio Apskritis'),(1994,123,'SA','iauli Apskritis'),(1995,123,'TA','Taurags Apskritis'),(1996,123,'TE','Teli Apskritis'),(1997,123,'UT','Utenos Apskritis'),(1998,123,'VL','Vilniaus Apskritis'),(1999,124,'D','Diekirch'),(2000,124,'G','Grevenmacher'),(2001,124,'L','Luxemburg'),(2002,125,'I',''),(2003,125,'M',''),(2004,126,'BR','Berovo'),(2005,126,'CH','-'),(2006,126,'DL',''),(2007,126,'KB',''),(2008,126,'OC',''),(2009,126,'LO',''),(2010,126,'MK',' '),(2011,126,'PH',''),(2012,126,'PT',''),(2013,126,'ST',''),(2014,126,'SL',' '),(2015,126,'NI',''),(2016,126,'ZR',''),(2017,126,'KY',''),(2018,126,'KZ',' '),(2019,126,'UM',''),(2020,126,'LI',''),(2021,126,'RN',''),(2022,126,'NA',' '),(2023,126,'TL',''),(2024,126,'DM',' '),(2025,126,'DE',''),(2026,126,'KG',''),(2027,126,'KS',''),(2028,126,'MG',''),(2029,126,'NV',''),(2030,126,'PP',''),(2031,126,'RE',''),(2032,126,'VJ',''),(2033,126,'BN',''),(2034,126,'GT',''),(2035,126,'JG',''),(2036,126,'MR','  '),(2037,126,'TR',''),(2038,126,'ET',''),(2039,126,'VH',''),(2040,126,'ZE',''),(2041,126,'AD',''),(2042,126,'AR',''),(2043,126,'BU',''),(2044,126,'CI',''),(2045,126,'CE',''),(2046,126,'CS',' '),(2047,126,'GB',' '),(2048,126,'GP',' '),(2049,126,'IL',''),(2050,126,'KX',''),(2051,126,'VD',' '),(2052,126,'PE',''),(2053,126,'AJ',''),(2054,126,'SS',''),(2055,126,'SU',''),(2056,126,'SO',' '),(2057,126,'ZK',''),(2058,126,'BG',''),(2059,126,'BS',''),(2060,126,'GV',''),(2061,126,'KN',''),(2062,126,'NS',' '),(2063,126,'RV',''),(2064,126,'SD',' '),(2065,126,'RU',''),(2066,126,'VA',''),(2067,126,'VL',''),(2068,126,'CZ',' '),(2069,126,'DB',''),(2070,126,'DA',''),(2071,126,'DR',''),(2072,126,'KH',''),(2073,126,'MD',' '),(2074,126,'OD',''),(2075,126,'OS',''),(2076,126,'PN',''),(2077,126,'UG',''),(2078,126,'VV',''),(2079,126,'VC',''),(2080,126,'ZA',''),(2081,126,'CA',''),(2082,126,'DK',' '),(2083,126,'GR',''),(2084,126,'AV',''),(2085,126,'NG',''),(2086,126,'RM',''),(2087,126,'VE',''),(2088,127,'A','Toamasina'),(2089,127,'D','Antsiranana'),(2090,127,'F','Fianarantsoa'),(2091,127,'M','Mahajanga'),(2092,127,'T','Antananarivo'),(2093,127,'U','Toliara'),(2094,128,'BA','Balaka'),(2095,128,'BL','Blantyre'),(2096,128,'C','Central'),(2097,128,'CK','Chikwawa'),(2098,128,'CR','Chiradzulu'),(2099,128,'CT','Chitipa'),(2100,128,'DE','Dedza'),(2101,128,'DO','Dowa'),(2102,128,'KR','Karonga'),(2103,128,'KS','Kasungu'),(2104,128,'LK','Likoma Island'),(2105,128,'LI','Lilongwe'),(2106,128,'MH','Machinga'),(2107,128,'MG','Mangochi'),(2108,128,'MC','Mchinji'),(2109,128,'MU','Mulanje'),(2110,128,'MW','Mwanza'),(2111,128,'MZ','Mzimba'),(2112,128,'N','Northern'),(2113,128,'NB','Nkhata'),(2114,128,'NK','Nkhotakota'),(2115,128,'NS','Nsanje'),(2116,128,'NU','Ntcheu'),(2117,128,'NI','Ntchisi'),(2118,128,'PH','Phalombe'),(2119,128,'RU','Rumphi'),(2120,128,'S','Southern'),(2121,128,'SA','Salima'),(2122,128,'TH','Thyolo'),(2123,128,'ZO','Zomba'),(2124,129,'01','Johor Darul Takzim'),(2125,129,'02','Kedah Darul Aman'),(2126,129,'03','Kelantan Darul Naim'),(2127,129,'04','Melaka Negeri Bersejarah'),(2128,129,'05','Negeri Sembilan Darul Khusus'),(2129,129,'06','Pahang Darul Makmur'),(2130,129,'07','Pulau Pinang'),(2131,129,'08','Perak Darul Ridzuan'),(2132,129,'09','Perlis Indera Kayangan'),(2133,129,'10','Selangor Darul Ehsan'),(2134,129,'11','Terengganu Darul Iman'),(2135,129,'12','Sabah Negeri Di Bawah Bayu'),(2136,129,'13','Sarawak Bumi Kenyalang'),(2137,129,'14','Wilayah Persekutuan Kuala Lumpur'),(2138,129,'15','Wilayah Persekutuan Labuan'),(2139,129,'16','Wilayah Persekutuan Putrajaya'),(2140,130,'THU','Thiladhunmathi Uthuru'),(2141,130,'THD','Thiladhunmathi Dhekunu'),(2142,130,'MLU','Miladhunmadulu Uthuru'),(2143,130,'MLD','Miladhunmadulu Dhekunu'),(2144,130,'MAU','Maalhosmadulu Uthuru'),(2145,130,'MAD','Maalhosmadulu Dhekunu'),(2146,130,'FAA','Faadhippolhu'),(2147,130,'MAA','Male Atoll'),(2148,130,'AAU','Ari Atoll Uthuru'),(2149,130,'AAD','Ari Atoll Dheknu'),(2150,130,'FEA','Felidhe Atoll'),(2151,130,'MUA','Mulaku Atoll'),(2152,130,'NAU','Nilandhe Atoll Uthuru'),(2153,130,'NAD','Nilandhe Atoll Dhekunu'),(2154,130,'KLH','Kolhumadulu'),(2155,130,'HDH','Hadhdhunmathi'),(2156,130,'HAU','Huvadhu Atoll Uthuru'),(2157,130,'HAD','Huvadhu Atoll Dhekunu'),(2158,130,'FMU','Fua Mulaku'),(2159,130,'ADD','Addu'),(2160,131,'1','Kayes'),(2161,131,'2','Koulikoro'),(2162,131,'3','Sikasso'),(2163,131,'4','Sgou'),(2164,131,'5','Mopti'),(2165,131,'6','Tombouctou'),(2166,131,'7','Gao'),(2167,131,'8','Kidal'),(2168,131,'BK0','Bamako'),(2169,132,'ATT','Attard'),(2170,132,'BAL','Balzan'),(2171,132,'BGU','Birgu'),(2172,132,'BKK','Birkirkara'),(2173,132,'BRZ','Birzebbuga'),(2174,132,'BOR','Bormla'),(2175,132,'DIN','Dingli'),(2176,132,'FGU','Fgura'),(2177,132,'FLO','Floriana'),(2178,132,'GDJ','Gudja'),(2179,132,'GZR','Gzira'),(2180,132,'GRG','Gargur'),(2181,132,'GXQ','Gaxaq'),(2182,132,'HMR','Hamrun'),(2183,132,'IKL','Iklin'),(2184,132,'ISL','Isla'),(2185,132,'KLK','Kalkara'),(2186,132,'KRK','Kirkop'),(2187,132,'LIJ','Lija'),(2188,132,'LUQ','Luqa'),(2189,132,'MRS','Marsa'),(2190,132,'MKL','Marsaskala'),(2191,132,'MXL','Marsaxlokk'),(2192,132,'MDN','Mdina'),(2193,132,'MEL','Melliea'),(2194,132,'MGR','Mgarr'),(2195,132,'MST','Mosta'),(2196,132,'MQA','Mqabba'),(2197,132,'MSI','Msida'),(2198,132,'MTF','Mtarfa'),(2199,132,'NAX','Naxxar'),(2200,132,'PAO','Paola'),(2201,132,'PEM','Pembroke'),(2202,132,'PIE','Pieta'),(2203,132,'QOR','Qormi'),(2204,132,'QRE','Qrendi'),(2205,132,'RAB','Rabat'),(2206,132,'SAF','Safi'),(2207,132,'SGI','San Giljan'),(2208,132,'SLU','Santa Lucija'),(2209,132,'SPB','San Pawl il-Bahar'),(2210,132,'SGW','San Gwann'),(2211,132,'SVE','Santa Venera'),(2212,132,'SIG','Siggiewi'),(2213,132,'SLM','Sliema'),(2214,132,'SWQ','Swieqi'),(2215,132,'TXB','Ta Xbiex'),(2216,132,'TRX','Tarxien'),(2217,132,'VLT','Valletta'),(2218,132,'XGJ','Xgajra'),(2219,132,'ZBR','Zabbar'),(2220,132,'ZBG','Zebbug'),(2221,132,'ZJT','Zejtun'),(2222,132,'ZRQ','Zurrieq'),(2223,132,'FNT','Fontana'),(2224,132,'GHJ','Ghajnsielem'),(2225,132,'GHR','Gharb'),(2226,132,'GHS','Ghasri'),(2227,132,'KRC','Kercem'),(2228,132,'MUN','Munxar'),(2229,132,'NAD','Nadur'),(2230,132,'QAL','Qala'),(2231,132,'VIC','Victoria'),(2232,132,'SLA','San Lawrenz'),(2233,132,'SNT','Sannat'),(2234,132,'ZAG','Xagra'),(2235,132,'XEW','Xewkija'),(2236,132,'ZEB','Zebbug'),(2237,133,'ALK','Ailuk'),(2238,133,'ALL','Ailinglapalap'),(2239,133,'ARN','Arno'),(2240,133,'AUR','Aur'),(2241,133,'EBO','Ebon'),(2242,133,'ENI','Eniwetok'),(2243,133,'JAB','Jabat'),(2244,133,'JAL','Jaluit'),(2245,133,'KIL','Kili'),(2246,133,'KWA','Kwajalein'),(2247,133,'LAE','Lae'),(2248,133,'LIB','Lib'),(2249,133,'LIK','Likiep'),(2250,133,'MAJ','Majuro'),(2251,133,'MAL','Maloelap'),(2252,133,'MEJ','Mejit'),(2253,133,'MIL','Mili'),(2254,133,'NMK','Namorik'),(2255,133,'NMU','Namu'),(2256,133,'RON','Rongelap'),(2257,133,'UJA','Ujae'),(2258,133,'UJL','Ujelang'),(2259,133,'UTI','Utirik'),(2260,133,'WTJ','Wotje'),(2261,133,'WTN','Wotho'),(2262,135,'01','  '),(2263,135,'02','  '),(2264,135,'03',' '),(2265,135,'04',' '),(2266,135,'05',' '),(2267,135,'06',' '),(2268,135,'07',' '),(2269,135,'08','  '),(2270,135,'09',' '),(2271,135,'10','  '),(2272,135,'11','  '),(2273,135,'12',' '),(2274,135,'NKC',''),(2275,136,'AG','Agalega Islands'),(2276,136,'BL','Black River'),(2277,136,'BR','Beau Bassin-Rose Hill'),(2278,136,'CC','Cargados Carajos Shoals'),(2279,136,'CU','Curepipe'),(2280,136,'FL','Flacq'),(2281,136,'GP','Grand Port'),(2282,136,'MO','Moka'),(2283,136,'PA','Pamplemousses'),(2284,136,'PL','Port Louis'),(2285,136,'PU','Port Louis City'),(2286,136,'PW','Plaines Wilhems'),(2287,136,'QB','Quatre Bornes'),(2288,136,'RO','Rodrigues'),(2289,136,'RR','Riviere du Rempart'),(2290,136,'SA','Savanne'),(2291,136,'VP','Vacoas-Phoenix'),(2292,138,'AGU','Aguascalientes'),(2293,138,'BCN','Baja California'),(2294,138,'BCS','Baja California Sur'),(2295,138,'CAM','Campeche'),(2296,138,'CHH','Chihuahua'),(2297,138,'CHP','Chiapas'),(2298,138,'COA','Coahuila'),(2299,138,'COL','Colima'),(2300,138,'DIF','Distrito Federal'),(2301,138,'DUR','Durango'),(2302,138,'GRO','Guerrero'),(2303,138,'GUA','Guanajuato'),(2304,138,'HID','Hidalgo'),(2305,138,'JAL','Jalisco'),(2306,138,'MEX','Mexico'),(2307,138,'MIC','Michoacn'),(2308,138,'MOR','Morelos'),(2309,138,'NAY','Nayarit'),(2310,138,'NLE','Nuevo Len'),(2311,138,'OAX','Oaxaca'),(2312,138,'PUE','Puebla'),(2313,138,'QUE','Quertaro'),(2314,138,'ROO','Quintana Roo'),(2315,138,'SIN','Sinaloa'),(2316,138,'SLP','San Luis Potos'),(2317,138,'SON','Sonora'),(2318,138,'TAB','Tabasco'),(2319,138,'TAM','Tamaulipas'),(2320,138,'TLA','Tlaxcala'),(2321,138,'VER','Veracruz'),(2322,138,'YUC','Yucatan'),(2323,138,'ZAC','Zacatecas'),(2324,139,'KSA','Kosrae'),(2325,139,'PNI','Pohnpei'),(2326,139,'TRK','Chuuk'),(2327,139,'YAP','Yap'),(2328,140,'BA','Bli'),(2329,140,'CA','Cahul'),(2330,140,'CU','Chiinu'),(2331,140,'ED','Edine'),(2332,140,'GA','Gguzia'),(2333,140,'LA','Lpuna'),(2334,140,'OR','Orhei'),(2335,140,'SN','Stnga Nistrului'),(2336,140,'SO','Soroca'),(2337,140,'TI','Tighina'),(2338,140,'UN','Ungheni'),(2339,141,'MC','Monte Carlo'),(2340,141,'LR','La Rousse'),(2341,141,'LA','Larvotto'),(2342,141,'MV','Monaco Ville'),(2343,141,'SM','Saint Michel'),(2344,141,'CO','Condamine'),(2345,141,'LC','La Colle'),(2346,141,'RE','Les Rvoires'),(2347,141,'MO','Moneghetti'),(2348,141,'FV','Fontvieille'),(2349,142,'1',''),(2350,142,'035',' '),(2351,142,'037','- '),(2352,142,'039',' '),(2353,142,'041',' '),(2354,142,'043',' '),(2355,142,'046',' '),(2356,142,'047',' '),(2357,142,'049',' '),(2358,142,'051',' '),(2359,142,'053',' '),(2360,142,'055',' '),(2361,142,'057',' '),(2362,142,'059',' '),(2363,142,'061',' '),(2364,142,'063',' '),(2365,142,'064',' '),(2366,142,'065','- '),(2367,142,'067',' '),(2368,142,'069',' '),(2369,142,'071','  '),(2370,142,'073',' '),(2371,143,'A','Saint Anthony'),(2372,143,'G','Saint Georges'),(2373,143,'P','Saint Peter'),(2374,145,'A','Niassa'),(2375,145,'B','Manica'),(2376,145,'G','Gaza'),(2377,145,'I','Inhambane'),(2378,145,'L','Maputo'),(2379,145,'MPM','Maputo cidade'),(2380,145,'N','Nampula'),(2381,145,'P','Cabo Delgado'),(2382,145,'Q','Zambzia'),(2383,145,'S','Sofala'),(2384,145,'T','Tete'),(2385,146,'AY',''),(2386,146,'BG',''),(2387,146,'MG',''),(2388,146,'MD',''),(2389,146,'SG',''),(2390,146,'TN',''),(2391,146,'YG',''),(2392,146,'CH',''),(2393,146,'KC',''),(2394,146,'KH',''),(2395,146,'KN',''),(2396,146,'MN',''),(2397,146,'RK',''),(2398,146,'SH',''),(2399,147,'CA','Caprivi'),(2400,147,'ER','Erongo'),(2401,147,'HA','Hardap'),(2402,147,'KA','Karas'),(2403,147,'KH','Khomas'),(2404,147,'KU','Kunene'),(2405,147,'OD','Otjozondjupa'),(2406,147,'OH','Omaheke'),(2407,147,'OK','Okavango'),(2408,147,'ON','Oshana'),(2409,147,'OS','Omusati'),(2410,147,'OT','Oshikoto'),(2411,147,'OW','Ohangwena'),(2412,148,'AO','Aiwo'),(2413,148,'AA','Anabar'),(2414,148,'AT','Anetan'),(2415,148,'AI','Anibare'),(2416,148,'BA','Baiti'),(2417,148,'BO','Boe'),(2418,148,'BU','Buada'),(2419,148,'DE','Denigomodu'),(2420,148,'EW','Ewa'),(2421,148,'IJ','Ijuw'),(2422,148,'ME','Meneng'),(2423,148,'NI','Nibok'),(2424,148,'UA','Uaboe'),(2425,148,'YA','Yaren'),(2426,149,'BA','Bagmati'),(2427,149,'BH','Bheri'),(2428,149,'DH','Dhawalagiri'),(2429,149,'GA','Gandaki'),(2430,149,'JA','Janakpur'),(2431,149,'KA','Karnali'),(2432,149,'KO','Kosi'),(2433,149,'LU','Lumbini'),(2434,149,'MA','Mahakali'),(2435,149,'ME','Mechi'),(2436,149,'NA','Narayani'),(2437,149,'RA','Rapti'),(2438,149,'SA','Sagarmatha'),(2439,149,'SE','Seti'),(2440,150,'DR','Drenthe'),(2441,150,'FL','Flevoland'),(2442,150,'FR','Friesland'),(2443,150,'GE','Gelderland'),(2444,150,'GR','Groningen'),(2445,150,'LI','Limburg'),(2446,150,'NB','Noord-Brabant'),(2447,150,'NH','Noord-Holland'),(2448,150,'OV','Overijssel'),(2449,150,'UT','Utrecht'),(2450,150,'ZE','Zeeland'),(2451,150,'ZH','Zuid-Holland'),(2452,152,'L','Province des les'),(2453,152,'N','Province Nord'),(2454,152,'S','Province Sud'),(2455,153,'AUK','Auckland'),(2456,153,'BOP','Bay of Plenty'),(2457,153,'CAN','Canterbury'),(2458,153,'GIS','Gisborne'),(2459,153,'HKB','Hawke\'s Bay'),(2460,153,'MBH','Marlborough'),(2461,153,'MWT','Manawatu-Wanganui'),(2462,153,'NSN','Nelson'),(2463,153,'NTL','Northland'),(2464,153,'OTA','Otago'),(2465,153,'STL','Southland'),(2466,153,'TAS','Tasman'),(2467,153,'TKI','Taranaki'),(2468,153,'WGN','Wellington'),(2469,153,'WKO','Waikato'),(2470,153,'WTC','West Coast'),(2471,154,'AN','Atlntico Norte'),(2472,154,'AS','Atlntico Sur'),(2473,154,'BO','Boaco'),(2474,154,'CA','Carazo'),(2475,154,'CI','Chinandega'),(2476,154,'CO','Chontales'),(2477,154,'ES','Estel'),(2478,154,'GR','Granada'),(2479,154,'JI','Jinotega'),(2480,154,'LE','Len'),(2481,154,'MD','Madriz'),(2482,154,'MN','Managua'),(2483,154,'MS','Masaya'),(2484,154,'MT','Matagalpa'),(2485,154,'NS','Nueva Segovia'),(2486,154,'RI','Rivas'),(2487,154,'SJ','Ro San Juan'),(2488,155,'1','Agadez'),(2489,155,'2','Daffa'),(2490,155,'3','Dosso'),(2491,155,'4','Maradi'),(2492,155,'5','Tahoua'),(2493,155,'6','Tillabry'),(2494,155,'7','Zinder'),(2495,155,'8','Niamey'),(2496,156,'AB','Abia State'),(2497,156,'AD','Adamawa State'),(2498,156,'AK','Akwa Ibom State'),(2499,156,'AN','Anambra State'),(2500,156,'BA','Bauchi State'),(2501,156,'BE','Benue State'),(2502,156,'BO','Borno State'),(2503,156,'BY','Bayelsa State'),(2504,156,'CR','Cross River State'),(2505,156,'DE','Delta State'),(2506,156,'EB','Ebonyi State'),(2507,156,'ED','Edo State'),(2508,156,'EK','Ekiti State'),(2509,156,'EN','Enugu State'),(2510,156,'GO','Gombe State'),(2511,156,'IM','Imo State'),(2512,156,'JI','Jigawa State'),(2513,156,'KB','Kebbi State'),(2514,156,'KD','Kaduna State'),(2515,156,'KN','Kano State'),(2516,156,'KO','Kogi State'),(2517,156,'KT','Katsina State'),(2518,156,'KW','Kwara State'),(2519,156,'LA','Lagos State'),(2520,156,'NA','Nassarawa State'),(2521,156,'NI','Niger State'),(2522,156,'OG','Ogun State'),(2523,156,'ON','Ondo State'),(2524,156,'OS','Osun State'),(2525,156,'OY','Oyo State'),(2526,156,'PL','Plateau State'),(2527,156,'RI','Rivers State'),(2528,156,'SO','Sokoto State'),(2529,156,'TA','Taraba State'),(2530,156,'ZA','Zamfara State'),(2531,159,'N','Northern Islands'),(2532,159,'R','Rota'),(2533,159,'S','Saipan'),(2534,159,'T','Tinian'),(2535,160,'01','stfold fylke'),(2536,160,'02','Akershus fylke'),(2537,160,'03','Oslo fylke'),(2538,160,'04','Hedmark fylke'),(2539,160,'05','Oppland fylke'),(2540,160,'06','Buskerud fylke'),(2541,160,'07','Vestfold fylke'),(2542,160,'08','Telemark fylke'),(2543,160,'09','Aust-Agder fylke'),(2544,160,'10','Vest-Agder fylke'),(2545,160,'11','Rogaland fylke'),(2546,160,'12','Hordaland fylke'),(2547,160,'14','Sogn og Fjordane fylke'),(2548,160,'15','Mre og Romsdal fylke'),(2549,160,'16','Sr-Trndelag fylke'),(2550,160,'17','Nord-Trndelag fylke'),(2551,160,'18','Nordland fylke'),(2552,160,'19','Troms fylke'),(2553,160,'20','Finnmark fylke'),(2554,161,'BA',''),(2555,161,'DA',''),(2556,161,'DH',''),(2557,161,'MA',''),(2558,161,'MU',''),(2559,161,'SH',''),(2560,161,'WU',''),(2561,161,'ZA',''),(2562,162,'BA',''),(2563,162,'IS',' '),(2564,162,'JK',' '),(2565,162,'NA','  '),(2566,162,'NW','   '),(2567,162,'PB',''),(2568,162,'SD',''),(2569,162,'TA','   '),(2570,163,'AM','Aimeliik'),(2571,163,'AR','Airai'),(2572,163,'AN','Angaur'),(2573,163,'HA','Hatohobei'),(2574,163,'KA','Kayangel'),(2575,163,'KO','Koror'),(2576,163,'ME','Melekeok'),(2577,163,'NA','Ngaraard'),(2578,163,'NG','Ngarchelong'),(2579,163,'ND','Ngardmau'),(2580,163,'NT','Ngatpang'),(2581,163,'NC','Ngchesar'),(2582,163,'NR','Ngeremlengui'),(2583,163,'NW','Ngiwal'),(2584,163,'PE','Peleliu'),(2585,163,'SO','Sonsorol'),(2586,164,'1','Bocas del Toro'),(2587,164,'2','Cocl'),(2588,164,'3','Coln'),(2589,164,'4','Chiriqu'),(2590,164,'5','Darin'),(2591,164,'6','Herrera'),(2592,164,'7','Los Santos'),(2593,164,'8','Panam'),(2594,164,'9','Veraguas'),(2595,164,'Q','Kuna Yala'),(2596,165,'CPK','Chimbu'),(2597,165,'CPM','Central'),(2598,165,'EBR','East New Britain'),(2599,165,'EHG','Eastern Highlands'),(2600,165,'EPW','Enga'),(2601,165,'ESW','East Sepik'),(2602,165,'GPK','Gulf'),(2603,165,'MBA','Milne Bay'),(2604,165,'MPL','Morobe'),(2605,165,'MPM','Madang'),(2606,165,'MRL','Manus'),(2607,165,'NCD','National Capital District'),(2608,165,'NIK','New Ireland'),(2609,165,'NPP','Northern'),(2610,165,'NSA','North Solomons'),(2611,165,'SAN','Sandaun'),(2612,165,'SHM','Southern Highlands'),(2613,165,'WBK','West New Britain'),(2614,165,'WHM','Western Highlands'),(2615,165,'WPD','Western'),(2616,166,'1','Concepcin'),(2617,166,'2','San Pedro'),(2618,166,'3','Cordillera'),(2619,166,'4','Guair'),(2620,166,'5','Caaguaz'),(2621,166,'6','Caazap'),(2622,166,'7','Itapa'),(2623,166,'8','Misiones'),(2624,166,'9','Paraguar'),(2625,166,'10','Alto Paran'),(2626,166,'11','Central'),(2627,166,'12','eembuc'),(2628,166,'13','Amambay'),(2629,166,'14','Canindey'),(2630,166,'15','Presidente Hayes'),(2631,166,'16','Alto Paraguay'),(2632,166,'19','Boquern'),(2633,166,'ASU','Asuncin'),(2634,167,'AMA','Amazonas'),(2635,167,'ANC','Ancash'),(2636,167,'APU','Apurmac'),(2637,167,'ARE','Arequipa'),(2638,167,'AYA','Ayacucho'),(2639,167,'CAJ','Cajamarca'),(2640,167,'CAL','Callao'),(2641,167,'CUS','Cuzco'),(2642,167,'HUC','Hunuco'),(2643,167,'HUV','Huancavelica'),(2644,167,'ICA','Ica'),(2645,167,'JUN','Junn'),(2646,167,'LAL','La Libertad'),(2647,167,'LAM','Lambayeque'),(2648,167,'LIM','Lima'),(2649,167,'LOR','Loreto'),(2650,167,'MDD','Madre de Dios'),(2651,167,'MOQ','Moquegua'),(2652,167,'PAS','Pasco'),(2653,167,'PIU','Piura'),(2654,167,'PUN','Puno'),(2655,167,'SAM','San Martn'),(2656,167,'TAC','Tacna'),(2657,167,'TUM','Tumbes'),(2658,167,'UCA','Ucayali'),(2659,168,'ABR','Abra'),(2660,168,'AGN','Agusan del Norte'),(2661,168,'AGS','Agusan del Sur'),(2662,168,'AKL','Aklan'),(2663,168,'ALB','Albay'),(2664,168,'ANT','Antique'),(2665,168,'APA','Apayao'),(2666,168,'AUR','Aurora'),(2667,168,'BAN','Bataan'),(2668,168,'BAS','Basilan'),(2669,168,'BEN','Benguet'),(2670,168,'BIL','Biliran'),(2671,168,'BOH','Bohol'),(2672,168,'BTG','Batangas'),(2673,168,'BTN','Batanes'),(2674,168,'BUK','Bukidnon'),(2675,168,'BUL','Bulacan'),(2676,168,'CAG','Cagayan'),(2677,168,'CAM','Camiguin'),(2678,168,'CAN','Camarines Norte'),(2679,168,'CAP','Capiz'),(2680,168,'CAS','Camarines Sur'),(2681,168,'CAT','Catanduanes'),(2682,168,'CAV','Cavite'),(2683,168,'CEB','Cebu'),(2684,168,'COM','Compostela Valley'),(2685,168,'DAO','Davao Oriental'),(2686,168,'DAS','Davao del Sur'),(2687,168,'DAV','Davao del Norte'),(2688,168,'EAS','Eastern Samar'),(2689,168,'GUI','Guimaras'),(2690,168,'IFU','Ifugao'),(2691,168,'ILI','Iloilo'),(2692,168,'ILN','Ilocos Norte'),(2693,168,'ILS','Ilocos Sur'),(2694,168,'ISA','Isabela'),(2695,168,'KAL','Kalinga'),(2696,168,'LAG','Laguna'),(2697,168,'LAN','Lanao del Norte'),(2698,168,'LAS','Lanao del Sur'),(2699,168,'LEY','Leyte'),(2700,168,'LUN','La Union'),(2701,168,'MAD','Marinduque'),(2702,168,'MAG','Maguindanao'),(2703,168,'MAS','Masbate'),(2704,168,'MDC','Mindoro Occidental'),(2705,168,'MDR','Mindoro Oriental'),(2706,168,'MOU','Mountain Province'),(2707,168,'MSC','Misamis Occidental'),(2708,168,'MSR','Misamis Oriental'),(2709,168,'NCO','Cotabato'),(2710,168,'NSA','Northern Samar'),(2711,168,'NEC','Negros Occidental'),(2712,168,'NER','Negros Oriental'),(2713,168,'NUE','Nueva Ecija'),(2714,168,'NUV','Nueva Vizcaya'),(2715,168,'PAM','Pampanga'),(2716,168,'PAN','Pangasinan'),(2717,168,'PLW','Palawan'),(2718,168,'QUE','Quezon'),(2719,168,'QUI','Quirino'),(2720,168,'RIZ','Rizal'),(2721,168,'ROM','Romblon'),(2722,168,'SAR','Sarangani'),(2723,168,'SCO','South Cotabato'),(2724,168,'SIG','Siquijor'),(2725,168,'SLE','Southern Leyte'),(2726,168,'SLU','Sulu'),(2727,168,'SOR','Sorsogon'),(2728,168,'SUK','Sultan Kudarat'),(2729,168,'SUN','Surigao del Norte'),(2730,168,'SUR','Surigao del Sur'),(2731,168,'TAR','Tarlac'),(2732,168,'TAW','Tawi-Tawi'),(2733,168,'WSA','Samar'),(2734,168,'ZAN','Zamboanga del Norte'),(2735,168,'ZAS','Zamboanga del Sur'),(2736,168,'ZMB','Zambales'),(2737,168,'ZSI','Zamboanga Sibugay'),(2738,170,'DS','Dolnolskie'),(2739,170,'KP','Kujawsko-Pomorskie'),(2740,170,'LU','Lubelskie'),(2741,170,'LB','Lubuskie'),(2742,170,'LD','dzkie'),(2743,170,'MA','Maopolskie'),(2744,170,'MZ','Mazowieckie'),(2745,170,'OP','Opolskie'),(2746,170,'PK','Podkarpackie'),(2747,170,'PD','Podlaskie'),(2748,170,'PM','Pomorskie'),(2749,170,'SL','lskie'),(2750,170,'SK','witokrzyskie'),(2751,170,'WN','Warmisko-Mazurskie'),(2752,170,'WP','Wielkopolskie'),(2753,170,'ZP','Zachodniopomorskie'),(2754,171,'01','Aveiro'),(2755,171,'02','Beja'),(2756,171,'03','Braga'),(2757,171,'04','Bragana'),(2758,171,'05','Castelo Branco'),(2759,171,'06','Coimbra'),(2760,171,'07','vora'),(2761,171,'08','Faro'),(2762,171,'09','Guarda'),(2763,171,'10','Leiria'),(2764,171,'11','Lisboa'),(2765,171,'12','Portalegre'),(2766,171,'13','Porto'),(2767,171,'14','Santarm'),(2768,171,'15','Setbal'),(2769,171,'16','Viana do Castelo'),(2770,171,'17','Vila Real'),(2771,171,'18','Viseu'),(2772,171,'20','Regio Autnoma dos Aores'),(2773,171,'30','Regio Autnoma da Madeira'),(2774,173,'DA',''),(2775,173,'GH',''),(2776,173,'JB',' '),(2777,173,'JU',''),(2778,173,'KH',''),(2779,173,'ME',''),(2780,173,'MS',''),(2781,173,'RA',''),(2782,173,'US',' '),(2783,173,'WA',''),(2784,175,'AB','Alba'),(2785,175,'AG','Arge'),(2786,175,'AR','Arad'),(2787,175,'B','Bucureti'),(2788,175,'BC','Bacu'),(2789,175,'BH','Bihor'),(2790,175,'BN','Bistria-Nsud'),(2791,175,'BR','Brila'),(2792,175,'BT','Botoani'),(2793,175,'BV','Braov'),(2794,175,'BZ','Buzu'),(2795,175,'CJ','Cluj'),(2796,175,'CL','Clrai'),(2797,175,'CS','Cara-Severin'),(2798,175,'CT','Constana'),(2799,175,'CV','Covasna'),(2800,175,'DB','Dmbovia'),(2801,175,'DJ','Dolj'),(2802,175,'GJ','Gorj'),(2803,175,'GL','Galai'),(2804,175,'GR','Giurgiu'),(2805,175,'HD','Hunedoara'),(2806,175,'HG','Harghita'),(2807,175,'IF','Ilfov'),(2808,175,'IL','Ialomia'),(2809,175,'IS','Iai'),(2810,175,'MH','Mehedini'),(2811,175,'MM','Maramure'),(2812,175,'MS','Mure'),(2813,175,'NT','Neam'),(2814,175,'OT','Olt'),(2815,175,'PH','Prahova'),(2816,175,'SB','Sibiu'),(2817,175,'SJ','Slaj'),(2818,175,'SM','Satu Mare'),(2819,175,'SV','Suceava'),(2820,175,'TL','Tulcea'),(2821,175,'TM','Timi'),(2822,175,'TR','Teleorman'),(2823,175,'VL','Vlcea'),(2824,175,'VN','Vrancea'),(2825,175,'VS','Vaslui'),(2826,176,'AD',' '),(2827,176,'AGB','-  '),(2828,176,'AL',' '),(2829,176,'ALT',' '),(2830,176,'AMU',' '),(2831,176,'ARK',' '),(2832,176,'AST',' '),(2833,176,'BA',' '),(2834,176,'BEL',' '),(2835,176,'BRY',' '),(2836,176,'BU',' '),(2837,176,'CE',' '),(2838,176,'CHE',' '),(2839,176,'CHI',' '),(2840,176,'CHU','  '),(2841,176,'CU',' '),(2842,176,'DA',' '),(2843,176,'EVE','  '),(2844,176,'IN',' '),(2845,176,'IRK',' '),(2846,176,'IVA',' '),(2847,176,'KAM',' '),(2848,176,'KB','- '),(2849,176,'KC','- '),(2850,176,'KDA',' '),(2851,176,'KEM',' '),(2852,176,'KGD',' '),(2853,176,'KGN',' '),(2854,176,'KHA',' '),(2855,176,'KHM','-  '),(2856,176,'KIA',' '),(2857,176,'KIR',' '),(2858,176,'KK',''),(2859,176,'KL',' '),(2860,176,'KLU',' '),(2861,176,'KO',' '),(2862,176,'KOR','  '),(2863,176,'KOS',' '),(2864,176,'KR',' '),(2865,176,'KRS',' '),(2866,176,'LEN',' '),(2867,176,'LIP',' '),(2868,176,'MAG',' '),(2869,176,'ME','  '),(2870,176,'MO',' '),(2871,176,'MOS',' '),(2872,176,'MOW',''),(2873,176,'MUR',' '),(2874,176,'NEN','  '),(2875,176,'NGR',' '),(2876,176,'NIZ',' '),(2877,176,'NVS',' '),(2878,176,'OMS',' '),(2879,176,'ORE',' '),(2880,176,'ORL',' '),(2881,176,'PNZ',' '),(2882,176,'PRI',' '),(2883,176,'PSK',' '),(2884,176,'ROS',' '),(2885,176,'RYA',' '),(2886,176,'SA',' () '),(2887,176,'SAK',' '),(2888,176,'SAM',' '),(2889,176,'SAR',' '),(2890,176,'SE','  '),(2891,176,'SMO',' '),(2892,176,'SPE','-'),(2893,176,'STA',' '),(2894,176,'SVE',' '),(2895,176,'TA',' '),(2896,176,'TAM',' '),(2897,176,'TAY','  '),(2898,176,'TOM',' '),(2899,176,'TUL',' '),(2900,176,'TVE',' '),(2901,176,'TY',' '),(2902,176,'TYU',' '),(2903,176,'UD',' '),(2904,176,'ULY',' '),(2905,176,'UOB','-   '),(2906,176,'VGG',' '),(2907,176,'VLA',' '),(2908,176,'VLG',' '),(2909,176,'VOR',' '),(2910,176,'XXX',' '),(2911,176,'YAN','-  '),(2912,176,'YAR',' '),(2913,176,'YEV','  '),(2914,177,'N','Nord'),(2915,177,'E','Est'),(2916,177,'S','Sud'),(2917,177,'O','Ouest'),(2918,177,'K','Kigali'),(2919,178,'K','Saint Kitts'),(2920,178,'N','Nevis'),(2921,179,'AR','Anse-la-Raye'),(2922,179,'CA','Castries'),(2923,179,'CH','Choiseul'),(2924,179,'DA','Dauphin'),(2925,179,'DE','Dennery'),(2926,179,'GI','Gros-Islet'),(2927,179,'LA','Laborie'),(2928,179,'MI','Micoud'),(2929,179,'PR','Praslin'),(2930,179,'SO','Soufriere'),(2931,179,'VF','Vieux-Fort'),(2932,180,'C','Charlotte'),(2933,180,'R','Grenadines'),(2934,180,'A','Saint Andrew'),(2935,180,'D','Saint David'),(2936,180,'G','Saint George'),(2937,180,'P','Saint Patrick'),(2938,181,'AA','A\'ana'),(2939,181,'AL','Aiga-i-le-Tai'),(2940,181,'AT','Atua'),(2941,181,'FA','Fa\'asaleleaga'),(2942,181,'GE','Gaga\'emauga'),(2943,181,'GI','Gaga\'ifomauga'),(2944,181,'PA','Palauli'),(2945,181,'SA','Satupa\'itea'),(2946,181,'TU','Tuamasaga'),(2947,181,'VF','Va\'a-o-Fonoti'),(2948,181,'VS','Vaisigano'),(2949,182,'AC','Acquaviva'),(2950,182,'BM','Borgo Maggiore'),(2951,182,'CH','Chiesanuova'),(2952,182,'DO','Domagnano'),(2953,182,'FA','Faetano'),(2954,182,'FI','Fiorentino'),(2955,182,'MO','Montegiardino'),(2956,182,'SM','Citta di San Marino'),(2957,182,'SE','Serravalle'),(2958,183,'P','Prncipe'),(2959,183,'S','So Tom'),(2960,184,'01',''),(2961,184,'02',' '),(2962,184,'03',''),(2963,184,'04',''),(2964,184,'05',''),(2965,184,'06',''),(2966,184,'07',''),(2967,184,'08',' '),(2968,184,'09',''),(2969,184,'10',''),(2970,184,'11',''),(2971,184,'12',''),(2972,184,'14',''),(2973,185,'DA','Dakar'),(2974,185,'DI','Diourbel'),(2975,185,'FA','Fatick'),(2976,185,'KA','Kaolack'),(2977,185,'KO','Kolda'),(2978,185,'LO','Louga'),(2979,185,'MA','Matam'),(2980,185,'SL','Saint-Louis'),(2981,185,'TA','Tambacounda'),(2982,185,'TH','Thies '),(2983,185,'ZI','Ziguinchor'),(2984,186,'AP','Anse aux Pins'),(2985,186,'AB','Anse Boileau'),(2986,186,'AE','Anse Etoile'),(2987,186,'AL','Anse Louis'),(2988,186,'AR','Anse Royale'),(2989,186,'BL','Baie Lazare'),(2990,186,'BS','Baie Sainte Anne'),(2991,186,'BV','Beau Vallon'),(2992,186,'BA','Bel Air'),(2993,186,'BO','Bel Ombre'),(2994,186,'CA','Cascade'),(2995,186,'GL','Glacis'),(2996,186,'GM','Grand\' Anse (on Mahe)'),(2997,186,'GP','Grand\' Anse (on Praslin)'),(2998,186,'DG','La Digue'),(2999,186,'RA','La Riviere Anglaise'),(3000,186,'MB','Mont Buxton'),(3001,186,'MF','Mont Fleuri'),(3002,186,'PL','Plaisance'),(3003,186,'PR','Pointe La Rue'),(3004,186,'PG','Port Glaud'),(3005,186,'SL','Saint Louis'),(3006,186,'TA','Takamaka'),(3007,187,'E','Eastern'),(3008,187,'N','Northern'),(3009,187,'S','Southern'),(3010,187,'W','Western'),(3011,189,'BC','Banskobystrick kraj'),(3012,189,'BL','Bratislavsk kraj'),(3013,189,'KI','Koick kraj'),(3014,189,'NJ','Nitriansk kraj'),(3015,189,'PV','Preovsk kraj'),(3016,189,'TA','Trnavsk kraj'),(3017,189,'TC','Treniansk kraj'),(3018,189,'ZI','ilinsk kraj'),(3019,190,'001','Ajdovina'),(3020,190,'002','Beltinci'),(3021,190,'003','Bled'),(3022,190,'004','Bohinj'),(3023,190,'005','Borovnica'),(3024,190,'006','Bovec'),(3025,190,'007','Brda'),(3026,190,'008','Brezovica'),(3027,190,'009','Breice'),(3028,190,'010','Tiina'),(3029,190,'011','Celje'),(3030,190,'012','Cerklje na Gorenjskem'),(3031,190,'013','Cerknica'),(3032,190,'014','Cerkno'),(3033,190,'015','renovci'),(3034,190,'016','rna na Korokem'),(3035,190,'017','rnomelj'),(3036,190,'018','Destrnik'),(3037,190,'019','Divaa'),(3038,190,'020','Dobrepolje'),(3039,190,'021','Dobrova-Polhov Gradec'),(3040,190,'022','Dol pri Ljubljani'),(3041,190,'023','Domale'),(3042,190,'024','Dornava'),(3043,190,'025','Dravograd'),(3044,190,'026','Duplek'),(3045,190,'027','Gorenja vas-Poljane'),(3046,190,'028','Gorinica'),(3047,190,'029','Gornja Radgona'),(3048,190,'030','Gornji Grad'),(3049,190,'031','Gornji Petrovci'),(3050,190,'032','Grosuplje'),(3051,190,'033','alovci'),(3052,190,'034','Hrastnik'),(3053,190,'035','Hrpelje-Kozina'),(3054,190,'036','Idrija'),(3055,190,'037','Ig'),(3056,190,'038','Ilirska Bistrica'),(3057,190,'039','Ivanna Gorica'),(3058,190,'040','Izola'),(3059,190,'041','Jesenice'),(3060,190,'042','Jurinci'),(3061,190,'043','Kamnik'),(3062,190,'044','Kanal ob Soi'),(3063,190,'045','Kidrievo'),(3064,190,'046','Kobarid'),(3065,190,'047','Kobilje'),(3066,190,'048','Koevje'),(3067,190,'049','Komen'),(3068,190,'050','Koper'),(3069,190,'051','Kozje'),(3070,190,'052','Kranj'),(3071,190,'053','Kranjska Gora'),(3072,190,'054','Krko'),(3073,190,'055','Kungota'),(3074,190,'056','Kuzma'),(3075,190,'057','Lako'),(3076,190,'058','Lenart'),(3077,190,'059','Lendava'),(3078,190,'060','Litija'),(3079,190,'061','Ljubljana'),(3080,190,'062','Ljubno'),(3081,190,'063','Ljutomer'),(3082,190,'064','Logatec'),(3083,190,'065','Loka Dolina'),(3084,190,'066','Loki Potok'),(3085,190,'067','Lue'),(3086,190,'068','Lukovica'),(3087,190,'069','Majperk'),(3088,190,'070','Maribor'),(3089,190,'071','Medvode'),(3090,190,'072','Menge'),(3091,190,'073','Metlika'),(3092,190,'074','Meica'),(3093,190,'075','Miren-Kostanjevica'),(3094,190,'076','Mislinja'),(3095,190,'077','Morave'),(3096,190,'078','Moravske Toplice'),(3097,190,'079','Mozirje'),(3098,190,'080','Murska Sobota'),(3099,190,'081','Muta'),(3100,190,'082','Naklo'),(3101,190,'083','Nazarje'),(3102,190,'084','Nova Gorica'),(3103,190,'085','Novo mesto'),(3104,190,'086','Odranci'),(3105,190,'087','Ormo'),(3106,190,'088','Osilnica'),(3107,190,'089','Pesnica'),(3108,190,'090','Piran'),(3109,190,'091','Pivka'),(3110,190,'092','Podetrtek'),(3111,190,'093','Podvelka'),(3112,190,'094','Postojna'),(3113,190,'095','Preddvor'),(3114,190,'096','Ptuj'),(3115,190,'097','Puconci'),(3116,190,'098','Rae-Fram'),(3117,190,'099','Radee'),(3118,190,'100','Radenci'),(3119,190,'101','Radlje ob Dravi'),(3120,190,'102','Radovljica'),(3121,190,'103','Ravne na Korokem'),(3122,190,'104','Ribnica'),(3123,190,'106','Rogaka Slatina'),(3124,190,'105','Rogaovci'),(3125,190,'107','Rogatec'),(3126,190,'108','Rue'),(3127,190,'109','Semi'),(3128,190,'110','Sevnica'),(3129,190,'111','Seana'),(3130,190,'112','Slovenj Gradec'),(3131,190,'113','Slovenska Bistrica'),(3132,190,'114','Slovenske Konjice'),(3133,190,'115','Stare'),(3134,190,'116','Sveti Jurij'),(3135,190,'117','enur'),(3136,190,'118','entilj'),(3137,190,'119','entjernej'),(3138,190,'120','entjur pri Celju'),(3139,190,'121','kocjan'),(3140,190,'122','kofja Loka'),(3141,190,'123','kofljica'),(3142,190,'124','marje pri Jelah'),(3143,190,'125','martno ob Paki'),(3144,190,'126','otanj'),(3145,190,'127','tore'),(3146,190,'128','Tolmin'),(3147,190,'129','Trbovlje'),(3148,190,'130','Trebnje'),(3149,190,'131','Tri'),(3150,190,'132','Turnie'),(3151,190,'133','Velenje'),(3152,190,'134','Velike Lae'),(3153,190,'135','Videm'),(3154,190,'136','Vipava'),(3155,190,'137','Vitanje'),(3156,190,'138','Vodice'),(3157,190,'139','Vojnik'),(3158,190,'140','Vrhnika'),(3159,190,'141','Vuzenica'),(3160,190,'142','Zagorje ob Savi'),(3161,190,'143','Zavr'),(3162,190,'144','Zree'),(3163,190,'146','elezniki'),(3164,190,'147','iri'),(3165,190,'148','Benedikt'),(3166,190,'149','Bistrica ob Sotli'),(3167,190,'150','Bloke'),(3168,190,'151','Braslove'),(3169,190,'152','Cankova'),(3170,190,'153','Cerkvenjak'),(3171,190,'154','Dobje'),(3172,190,'155','Dobrna'),(3173,190,'156','Dobrovnik'),(3174,190,'157','Dolenjske Toplice'),(3175,190,'158','Grad'),(3176,190,'159','Hajdina'),(3177,190,'160','Hoe-Slivnica'),(3178,190,'161','Hodo'),(3179,190,'162','Horjul'),(3180,190,'163','Jezersko'),(3181,190,'164','Komenda'),(3182,190,'165','Kostel'),(3183,190,'166','Krievci'),(3184,190,'167','Lovrenc na Pohorju'),(3185,190,'168','Markovci'),(3186,190,'169','Miklav na Dravskem polju'),(3187,190,'170','Mirna Pe'),(3188,190,'171','Oplotnica'),(3189,190,'172','Podlehnik'),(3190,190,'173','Polzela'),(3191,190,'174','Prebold'),(3192,190,'175','Prevalje'),(3193,190,'176','Razkrije'),(3194,190,'177','Ribnica na Pohorju'),(3195,190,'178','Selnica ob Dravi'),(3196,190,'179','Sodraica'),(3197,190,'180','Solava'),(3198,190,'181','Sveta Ana'),(3199,190,'182','Sveti Andra v Slovenskih goricah'),(3200,190,'183','empeter-Vrtojba'),(3201,190,'184','Tabor'),(3202,190,'185','Trnovska vas'),(3203,190,'186','Trzin'),(3204,190,'187','Velika Polana'),(3205,190,'188','Verej'),(3206,190,'189','Vransko'),(3207,190,'190','alec'),(3208,190,'191','etale'),(3209,190,'192','irovnica'),(3210,190,'193','uemberk'),(3211,190,'194','martno pri Litiji'),(3212,191,'CE','Central'),(3213,191,'CH','Choiseul'),(3214,191,'GC','Guadalcanal'),(3215,191,'HO','Honiara'),(3216,191,'IS','Isabel'),(3217,191,'MK','Makira'),(3218,191,'ML','Malaita'),(3219,191,'RB','Rennell and Bellona'),(3220,191,'TM','Temotu'),(3221,191,'WE','Western'),(3222,192,'AD','Awdal'),(3223,192,'BK','Bakool'),(3224,192,'BN','Banaadir'),(3225,192,'BR','Bari'),(3226,192,'BY','Bay'),(3227,192,'GD','Gedo'),(3228,192,'GG','Galguduud'),(3229,192,'HR','Hiiraan'),(3230,192,'JD','Jubbada Dhexe'),(3231,192,'JH','Jubbada Hoose'),(3232,192,'MD','Mudug'),(3233,192,'NG','Nugaal'),(3234,192,'SD','Shabeellaha Dhexe'),(3235,192,'SG','Sanaag'),(3236,192,'SH','Shabeellaha Hoose'),(3237,192,'SL','Sool'),(3238,192,'TG','Togdheer'),(3239,192,'WG','Woqooyi Galbeed'),(3240,193,'EC','Eastern Cape'),(3241,193,'FS','Free State'),(3242,193,'GT','Gauteng'),(3243,193,'LP','Limpopo'),(3244,193,'MP','Mpumalanga'),(3245,193,'NC','Northern Cape'),(3246,193,'NL','KwaZulu-Natal'),(3247,193,'NW','North-West'),(3248,193,'WC','Western Cape'),(3249,195,'AN','Andaluca'),(3250,195,'AR','Aragn'),(3251,195,'A','Alicante'),(3252,195,'AB','Albacete'),(3253,195,'AL','Almera'),(3254,195,'AN','Andaluca'),(3255,195,'AV','vila'),(3256,195,'B','Barcelona'),(3257,195,'BA','Badajoz'),(3258,195,'BI','Vizcaya'),(3259,195,'BU','Burgos'),(3260,195,'C','A Corua'),(3261,195,'CA','Cdiz'),(3262,195,'CC','Cceres'),(3263,195,'CE','Ceuta'),(3264,195,'CL','Castilla y Len'),(3265,195,'CM','Castilla-La Mancha'),(3266,195,'CN','Islas Canarias'),(3267,195,'CO','Crdoba'),(3268,195,'CR','Ciudad Real'),(3269,195,'CS','Castelln'),(3270,195,'CT','Catalonia'),(3271,195,'CU','Cuenca'),(3272,195,'EX','Extremadura'),(3273,195,'GA','Galicia'),(3274,195,'GC','Las Palmas'),(3275,195,'GI','Girona'),(3276,195,'GR','Granada'),(3277,195,'GU','Guadalajara'),(3278,195,'H','Huelva'),(3279,195,'HU','Huesca'),(3280,195,'IB','Islas Baleares'),(3281,195,'J','Jan'),(3282,195,'L','Lleida'),(3283,195,'LE','Len'),(3284,195,'LO','La Rioja'),(3285,195,'LU','Lugo'),(3286,195,'M','Madrid'),(3287,195,'MA','Mlaga'),(3288,195,'ML','Melilla'),(3289,195,'MU','Murcia'),(3290,195,'NA','Navarre'),(3291,195,'O','Asturias'),(3292,195,'OR','Ourense'),(3293,195,'P','Palencia'),(3294,195,'PM','Baleares'),(3295,195,'PO','Pontevedra'),(3296,195,'PV','Basque Euskadi'),(3297,195,'S','Cantabria'),(3298,195,'SA','Salamanca'),(3299,195,'SE','Seville'),(3300,195,'SG','Segovia'),(3301,195,'SO','Soria'),(3302,195,'SS','Guipzcoa'),(3303,195,'T','Tarragona'),(3304,195,'TE','Teruel'),(3305,195,'TF','Santa Cruz De Tenerife'),(3306,195,'TO','Toledo'),(3307,195,'V','Valencia'),(3308,195,'VA','Valladolid'),(3309,195,'VI','lava'),(3310,195,'Z','Zaragoza'),(3311,195,'ZA','Zamora'),(3312,196,'CE','Central'),(3313,196,'NC','North Central'),(3314,196,'NO','North'),(3315,196,'EA','Eastern'),(3316,196,'NW','North Western'),(3317,196,'SO','Southern'),(3318,196,'UV','Uva'),(3319,196,'SA','Sabaragamuwa'),(3320,196,'WE','Western'),(3321,199,'ANL',' '),(3322,199,'BAM',' '),(3323,199,'BRT',''),(3324,199,'JZR',' '),(3325,199,'KRT',''),(3326,199,'QDR',''),(3327,199,'WDH',''),(3328,199,'ANB',' '),(3329,199,'ANZ',' '),(3330,199,'ASH',''),(3331,199,'BJA',' '),(3332,199,'GIS',' '),(3333,199,'GBG','  '),(3334,199,'GDA',' '),(3335,199,'GKU',' '),(3336,199,'JDA',' '),(3337,199,'JKU',' '),(3338,199,'JQL',''),(3339,199,'KSL',''),(3340,199,'NNL','  '),(3341,199,'SBG','  '),(3342,199,'SDA',' '),(3343,199,'SKU',' '),(3344,199,'SIS',' '),(3345,199,'SNR',''),(3346,199,'WRB',''),(3347,200,'BR','Brokopondo'),(3348,200,'CM','Commewijne'),(3349,200,'CR','Coronie'),(3350,200,'MA','Marowijne'),(3351,200,'NI','Nickerie'),(3352,200,'PM','Paramaribo'),(3353,200,'PR','Para'),(3354,200,'SA','Saramacca'),(3355,200,'SI','Sipaliwini'),(3356,200,'WA','Wanica'),(3357,202,'HH','Hhohho'),(3358,202,'LU','Lubombo'),(3359,202,'MA','Manzini'),(3360,202,'SH','Shiselweni'),(3361,203,'AB','Stockholms ln'),(3362,203,'C','Uppsala ln'),(3363,203,'D','Sdermanlands ln'),(3364,203,'E','stergtlands ln'),(3365,203,'F','Jnkpings ln'),(3366,203,'G','Kronobergs ln'),(3367,203,'H','Kalmar ln'),(3368,203,'I','Gotlands ln'),(3369,203,'K','Blekinge ln'),(3370,203,'M','Skne ln'),(3371,203,'N','Hallands ln'),(3372,203,'O','Vstra Gtalands ln'),(3373,203,'S','Vrmlands ln;'),(3374,203,'T','rebro ln'),(3375,203,'U','Vstmanlands ln;'),(3376,203,'W','Dalarnas ln'),(3377,203,'X','Gvleborgs ln'),(3378,203,'Y','Vsternorrlands ln'),(3379,203,'Z','Jmtlands ln'),(3380,203,'AC','Vsterbottens ln'),(3381,203,'BD','Norrbottens ln'),(3382,204,'ZH','Zrich'),(3383,204,'BE','Bern'),(3384,204,'LU','Luzern'),(3385,204,'UR','Uri'),(3386,204,'SZ','Schwyz'),(3387,204,'OW','Obwalden'),(3388,204,'NW','Nidwalden'),(3389,204,'GL','Glasrus'),(3390,204,'ZG','Zug'),(3391,204,'FR','Fribourg'),(3392,204,'SO','Solothurn'),(3393,204,'BS','Basel-Stadt'),(3394,204,'BL','Basel-Landschaft'),(3395,204,'SH','Schaffhausen'),(3396,204,'AR','Appenzell Ausserrhoden'),(3397,204,'AI','Appenzell Innerrhoden'),(3398,204,'SG','Saint Gallen'),(3399,204,'GR','Graubnden'),(3400,204,'AG','Aargau'),(3401,204,'TG','Thurgau'),(3402,204,'TI','Ticino'),(3403,204,'VD','Vaud'),(3404,204,'VS','Valais'),(3405,204,'NE','Nuechtel'),(3406,204,'GE','Genve'),(3407,204,'JU','Jura'),(3408,205,'DI',''),(3409,205,'DR',''),(3410,205,'DZ',' '),(3411,205,'HA',''),(3412,205,'HI',''),(3413,205,'HL',''),(3414,205,'HM',''),(3415,205,'ID',''),(3416,205,'LA',''),(3417,205,'QU',''),(3418,205,'RA',''),(3419,205,'RD',' '),(3420,205,'SU',''),(3421,205,'TA',''),(3422,206,'CHA',''),(3423,206,'CYI',''),(3424,206,'CYQ',''),(3425,206,'HSQ',''),(3426,206,'HSZ',''),(3427,206,'HUA',''),(3428,206,'ILA',''),(3429,206,'KEE',''),(3430,206,'KHH',''),(3431,206,'KHQ',''),(3432,206,'MIA',''),(3433,206,'NAN',''),(3434,206,'PEN',''),(3435,206,'PIF',''),(3436,206,'TAO',''),(3437,206,'TNN',''),(3438,206,'TNQ',''),(3439,206,'TPE',''),(3440,206,'TPQ',''),(3441,206,'TTT',''),(3442,206,'TXG',''),(3443,206,'TXQ',''),(3444,206,'YUN',''),(3445,207,'GB',' '),(3446,207,'KT',''),(3447,207,'SU',''),(3448,208,'01','Arusha'),(3449,208,'02','Dar es Salaam'),(3450,208,'03','Dodoma'),(3451,208,'04','Iringa'),(3452,208,'05','Kagera'),(3453,208,'06','Pemba Sever'),(3454,208,'07','Zanzibar Sever'),(3455,208,'08','Kigoma'),(3456,208,'09','Kilimanjaro'),(3457,208,'10','Pemba Jih'),(3458,208,'11','Zanzibar Jih'),(3459,208,'12','Lindi'),(3460,208,'13','Mara'),(3461,208,'14','Mbeya'),(3462,208,'15','Zanzibar Zpad'),(3463,208,'16','Morogoro'),(3464,208,'17','Mtwara'),(3465,208,'18','Mwanza'),(3466,208,'19','Pwani'),(3467,208,'20','Rukwa'),(3468,208,'21','Ruvuma'),(3469,208,'22','Shinyanga'),(3470,208,'23','Singida'),(3471,208,'24','Tabora'),(3472,208,'25','Tanga'),(3473,208,'26','Manyara'),(3474,209,'TH-10',''),(3475,209,'TH-11',''),(3476,209,'TH-12',''),(3477,209,'TH-13',''),(3478,209,'TH-14',''),(3479,209,'TH-15',''),(3480,209,'TH-16',''),(3481,209,'TH-17',''),(3482,209,'TH-18',''),(3483,209,'TH-19',''),(3484,209,'TH-20',''),(3485,209,'TH-21',''),(3486,209,'TH-22',''),(3487,209,'TH-23',''),(3488,209,'TH-24',''),(3489,209,'TH-25',''),(3490,209,'TH-26',''),(3491,209,'TH-27',''),(3492,209,'TH-30',''),(3493,209,'TH-31',''),(3494,209,'TH-32',''),(3495,209,'TH-33',''),(3496,209,'TH-34',''),(3497,209,'TH-35',''),(3498,209,'TH-36',''),(3499,209,'TH-37',''),(3500,209,'TH-39',''),(3501,209,'TH-40',''),(3502,209,'TH-41',''),(3503,209,'TH-42',''),(3504,209,'TH-43',''),(3505,209,'TH-44',''),(3506,209,'TH-45',''),(3507,209,'TH-46',''),(3508,209,'TH-47',''),(3509,209,'TH-48',''),(3510,209,'TH-49',''),(3511,209,'TH-50',''),(3512,209,'TH-51',''),(3513,209,'TH-52',''),(3514,209,'TH-53',''),(3515,209,'TH-55',''),(3516,209,'TH-56',''),(3517,209,'TH-57',''),(3518,209,'TH-58',''),(3519,209,'TH-60',''),(3520,209,'TH-61',''),(3521,209,'TH-62',''),(3522,209,'TH-63',''),(3523,209,'TH-64',''),(3524,209,'TH-66',''),(3525,209,'TH-67',''),(3526,209,'TH-70',''),(3527,209,'TH-71',''),(3528,209,'TH-72',''),(3529,209,'TH-73',''),(3530,209,'TH-74',''),(3531,209,'TH-75',''),(3532,209,'TH-76',''),(3533,209,'TH-77',''),(3534,209,'TH-80',''),(3535,209,'TH-81',''),(3536,209,'TH-82',''),(3537,209,'TH-83',''),(3538,209,'TH-84',''),(3539,209,'TH-85',''),(3540,209,'TH-86',''),(3541,209,'TH-90',''),(3542,209,'TH-91',''),(3543,209,'TH-92',''),(3544,209,'TH-93',''),(3545,209,'TH-94',''),(3546,209,'TH-95',''),(3547,209,'TH-96',''),(3548,210,'C','Centrale'),(3549,210,'K','Kara'),(3550,210,'M','Maritime'),(3551,210,'P','Plateaux'),(3552,210,'S','Savanes'),(3553,211,'A','Atafu'),(3554,211,'F','Fakaofo'),(3555,211,'N','Nukunonu'),(3556,212,'H','Ha\'apai'),(3557,212,'T','Tongatapu'),(3558,212,'V','Vava\'u'),(3559,213,'ARI','Arima'),(3560,213,'CHA','Chaguanas'),(3561,213,'CTT','Couva-Tabaquite-Talparo'),(3562,213,'DMN','Diego Martin'),(3563,213,'ETO','Eastern Tobago'),(3564,213,'RCM','Rio Claro-Mayaro'),(3565,213,'PED','Penal-Debe'),(3566,213,'PTF','Point Fortin'),(3567,213,'POS','Port of Spain'),(3568,213,'PRT','Princes Town'),(3569,213,'SFO','San Fernando'),(3570,213,'SGE','Sangre Grande'),(3571,213,'SJL','San Juan-Laventille'),(3572,213,'SIP','Siparia'),(3573,213,'TUP','Tunapuna-Piarco'),(3574,213,'WTO','Western Tobago'),(3575,214,'11',' '),(3576,214,'12',' '),(3577,214,'13','  '),(3578,214,'14',' '),(3579,214,'21',' '),(3580,214,'22',' '),(3581,214,'23',' '),(3582,214,'31',' '),(3583,214,'32',' '),(3584,214,'33',' '),(3585,214,'34',' '),(3586,214,'41',' '),(3587,214,'42',' '),(3588,214,'43','  '),(3589,214,'51',' '),(3590,214,'52',' '),(3591,214,'53',' '),(3592,214,'61',' '),(3593,214,'71',' '),(3594,214,'72',' '),(3595,214,'73',' '),(3596,214,'81',' '),(3597,214,'82',' '),(3598,214,'83',' '),(3599,215,'01','Adana'),(3600,215,'02','Adyaman'),(3601,215,'03','Afyonkarahisar'),(3602,215,'04','Ar'),(3603,215,'05','Amasya'),(3604,215,'06','Ankara'),(3605,215,'07','Antalya'),(3606,215,'08','Artvin'),(3607,215,'09','Aydn'),(3608,215,'10','Balkesir'),(3609,215,'11','Bilecik'),(3610,215,'12','Bingl'),(3611,215,'13','Bitlis'),(3612,215,'14','Bolu'),(3613,215,'15','Burdur'),(3614,215,'16','Bursa'),(3615,215,'17','anakkale'),(3616,215,'18','ankr'),(3617,215,'19','orum'),(3618,215,'20','Denizli'),(3619,215,'21','Diyarbakr'),(3620,215,'22','Edirne'),(3621,215,'23','Elaz'),(3622,215,'24','Erzincan'),(3623,215,'25','Erzurum'),(3624,215,'26','Eskiehir'),(3625,215,'27','Gaziantep'),(3626,215,'28','Giresun'),(3627,215,'29','Gmhane'),(3628,215,'30','Hakkari'),(3629,215,'31','Hatay'),(3630,215,'32','Isparta'),(3631,215,'33','Mersin'),(3632,215,'34','stanbul'),(3633,215,'35','zmir'),(3634,215,'36','Kars'),(3635,215,'37','Kastamonu'),(3636,215,'38','Kayseri'),(3637,215,'39','Krklareli'),(3638,215,'40','Krehir'),(3639,215,'41','Kocaeli'),(3640,215,'42','Konya'),(3641,215,'43','Ktahya'),(3642,215,'44','Malatya'),(3643,215,'45','Manisa'),(3644,215,'46','Kahramanmara'),(3645,215,'47','Mardin'),(3646,215,'48','Mula'),(3647,215,'49','Mu'),(3648,215,'50','Nevehir'),(3649,215,'51','Nide'),(3650,215,'52','Ordu'),(3651,215,'53','Rize'),(3652,215,'54','Sakarya'),(3653,215,'55','Samsun'),(3654,215,'56','Siirt'),(3655,215,'57','Sinop'),(3656,215,'58','Sivas'),(3657,215,'59','Tekirda'),(3658,215,'60','Tokat'),(3659,215,'61','Trabzon'),(3660,215,'62','Tunceli'),(3661,215,'63','anlurfa'),(3662,215,'64','Uak'),(3663,215,'65','Van'),(3664,215,'66','Yozgat'),(3665,215,'67','Zonguldak'),(3666,215,'68','Aksaray'),(3667,215,'69','Bayburt'),(3668,215,'70','Karaman'),(3669,215,'71','Krkkale'),(3670,215,'72','Batman'),(3671,215,'73','rnak'),(3672,215,'74','Bartn'),(3673,215,'75','Ardahan'),(3674,215,'76','Idr'),(3675,215,'77','Yalova'),(3676,215,'78','Karabk'),(3677,215,'79','Kilis'),(3678,215,'80','Osmaniye'),(3679,215,'81','Dzce'),(3680,216,'A','Ahal welaaty'),(3681,216,'B','Balkan welaaty'),(3682,216,'D','Daoguz welaaty'),(3683,216,'L','Lebap welaaty'),(3684,216,'M','Mary welaaty'),(3685,217,'AC','Ambergris Cays'),(3686,217,'DC','Dellis Cay'),(3687,217,'FC','French Cay'),(3688,217,'LW','Little Water Cay'),(3689,217,'RC','Parrot Cay'),(3690,217,'PN','Pine Cay'),(3691,217,'SL','Salt Cay'),(3692,217,'GT','Grand Turk'),(3693,217,'SC','South Caicos'),(3694,217,'EC','East Caicos'),(3695,217,'MC','Middle Caicos'),(3696,217,'NC','North Caicos'),(3697,217,'PR','Providenciales'),(3698,217,'WC','West Caicos'),(3699,218,'FUN','Funafuti'),(3700,218,'NMA','Nanumea'),(3701,218,'NMG','Nanumanga'),(3702,218,'NIT','Niutao'),(3703,218,'NIU','Nui'),(3704,218,'NKF','Nukufetau'),(3705,218,'NKL','Nukulaelae'),(3706,218,'VAI','Vaitupu'),(3707,219,'101','Kalangala'),(3708,219,'102','Kampala'),(3709,219,'103','Kiboga'),(3710,219,'104','Luwero'),(3711,219,'105','Masaka'),(3712,219,'106','Mpigi'),(3713,219,'107','Mubende'),(3714,219,'108','Mukono'),(3715,219,'109','Nakasongola'),(3716,219,'110','Rakai'),(3717,219,'111','Sembabule'),(3718,219,'112','Kayunga'),(3719,219,'113','Wakiso'),(3720,219,'201','Bugiri'),(3721,219,'202','Busia'),(3722,219,'203','Iganga'),(3723,219,'204','Jinja'),(3724,219,'205','Kamuli'),(3725,219,'206','Kapchorwa'),(3726,219,'207','Katakwi'),(3727,219,'208','Kumi'),(3728,219,'209','Mbale'),(3729,219,'210','Pallisa'),(3730,219,'211','Soroti'),(3731,219,'212','Tororo'),(3732,219,'213','Kaberamaido'),(3733,219,'214','Mayuge'),(3734,219,'215','Sironko'),(3735,219,'301','Adjumani'),(3736,219,'302','Apac'),(3737,219,'303','Arua'),(3738,219,'304','Gulu'),(3739,219,'305','Kitgum'),(3740,219,'306','Kotido'),(3741,219,'307','Lira'),(3742,219,'308','Moroto'),(3743,219,'309','Moyo'),(3744,219,'310','Nebbi'),(3745,219,'311','Nakapiripirit'),(3746,219,'312','Pader'),(3747,219,'313','Yumbe'),(3748,219,'401','Bundibugyo'),(3749,219,'402','Bushenyi'),(3750,219,'403','Hoima'),(3751,219,'404','Kabale'),(3752,219,'405','Kabarole'),(3753,219,'406','Kasese'),(3754,219,'407','Kibale'),(3755,219,'408','Kisoro'),(3756,219,'409','Masindi'),(3757,219,'410','Mbarara'),(3758,219,'411','Ntungamo'),(3759,219,'412','Rukungiri'),(3760,219,'413','Kamwenge'),(3761,219,'414','Kanungu'),(3762,219,'415','Kyenjojo'),(3763,220,'05',' '),(3764,220,'07',' '),(3765,220,'09',' '),(3766,220,'12',' '),(3767,220,'14',' '),(3768,220,'18',' '),(3769,220,'19',' '),(3770,220,'21',' '),(3771,220,'23',' '),(3772,220,'26','- '),(3773,220,'30',''),(3774,220,'32',' '),(3775,220,'35',' '),(3776,220,'40',''),(3777,220,'43','  '),(3778,220,'46',' '),(3779,220,'48',' '),(3780,220,'51',' '),(3781,220,'53',' '),(3782,220,'59',' '),(3783,220,'61',' '),(3784,220,'63',' '),(3785,220,'65',' '),(3786,220,'68',' '),(3787,220,'71',' '),(3788,220,'74',' '),(3789,220,'77',' '),(3790,222,'ABD','Aberdeenshire'),(3791,222,'ABE','Aberdeen'),(3792,222,'AGB','Argyll and Bute'),(3793,222,'AGY','Isle of Anglesey'),(3794,222,'ANS','Angus'),(3795,222,'ANT','Antrim'),(3796,222,'ARD','Ards'),(3797,222,'ARM','Armagh'),(3798,222,'BAS','Bath and North East Somerset'),(3799,222,'BBD','Blackburn with Darwen'),(3800,222,'BDF','Bedfordshire'),(3801,222,'BDG','Barking and Dagenham'),(3802,222,'BEN','Brent'),(3803,222,'BEX','Bexley'),(3804,222,'BFS','Belfast'),(3805,222,'BGE','Bridgend'),(3806,222,'BGW','Blaenau Gwent'),(3807,222,'BIR','Birmingham'),(3808,222,'BKM','Buckinghamshire'),(3809,222,'BLA','Ballymena'),(3810,222,'BLY','Ballymoney'),(3811,222,'BMH','Bournemouth'),(3812,222,'BNB','Banbridge'),(3813,222,'BNE','Barnet'),(3814,222,'BNH','Brighton and Hove'),(3815,222,'BNS','Barnsley'),(3816,222,'BOL','Bolton'),(3817,222,'BPL','Blackpool'),(3818,222,'BRC','Bracknell'),(3819,222,'BRD','Bradford'),(3820,222,'BRY','Bromley'),(3821,222,'BST','Bristol'),(3822,222,'BUR','Bury'),(3823,222,'CAM','Cambridgeshire'),(3824,222,'CAY','Caerphilly'),(3825,222,'CGN','Ceredigion'),(3826,222,'CGV','Craigavon'),(3827,222,'CHS','Cheshire'),(3828,222,'CKF','Carrickfergus'),(3829,222,'CKT','Cookstown'),(3830,222,'CLD','Calderdale'),(3831,222,'CLK','Clackmannanshire'),(3832,222,'CLR','Coleraine'),(3833,222,'CMA','Cumbria'),(3834,222,'CMD','Camden'),(3835,222,'CMN','Carmarthenshire'),(3836,222,'CON','Cornwall'),(3837,222,'COV','Coventry'),(3838,222,'CRF','Cardiff'),(3839,222,'CRY','Croydon'),(3840,222,'CSR','Castlereagh'),(3841,222,'CWY','Conwy'),(3842,222,'DAL','Darlington'),(3843,222,'DBY','Derbyshire'),(3844,222,'DEN','Denbighshire'),(3845,222,'DER','Derby'),(3846,222,'DEV','Devon'),(3847,222,'DGN','Dungannon and South Tyrone'),(3848,222,'DGY','Dumfries and Galloway'),(3849,222,'DNC','Doncaster'),(3850,222,'DND','Dundee'),(3851,222,'DOR','Dorset'),(3852,222,'DOW','Down'),(3853,222,'DRY','Derry'),(3854,222,'DUD','Dudley'),(3855,222,'DUR','Durham'),(3856,222,'EAL','Ealing'),(3857,222,'EAY','East Ayrshire'),(3858,222,'EDH','Edinburgh'),(3859,222,'EDU','East Dunbartonshire'),(3860,222,'ELN','East Lothian'),(3861,222,'ELS','Eilean Siar'),(3862,222,'ENF','Enfield'),(3863,222,'ERW','East Renfrewshire'),(3864,222,'ERY','East Riding of Yorkshire'),(3865,222,'ESS','Essex'),(3866,222,'ESX','East Sussex'),(3867,222,'FAL','Falkirk'),(3868,222,'FER','Fermanagh'),(3869,222,'FIF','Fife'),(3870,222,'FLN','Flintshire'),(3871,222,'GAT','Gateshead'),(3872,222,'GLG','Glasgow'),(3873,222,'GLS','Gloucestershire'),(3874,222,'GRE','Greenwich'),(3875,222,'GSY','Guernsey'),(3876,222,'GWN','Gwynedd'),(3877,222,'HAL','Halton'),(3878,222,'HAM','Hampshire'),(3879,222,'HAV','Havering'),(3880,222,'HCK','Hackney'),(3881,222,'HEF','Herefordshire'),(3882,222,'HIL','Hillingdon'),(3883,222,'HLD','Highland'),(3884,222,'HMF','Hammersmith and Fulham'),(3885,222,'HNS','Hounslow'),(3886,222,'HPL','Hartlepool'),(3887,222,'HRT','Hertfordshire'),(3888,222,'HRW','Harrow'),(3889,222,'HRY','Haringey'),(3890,222,'IOS','Isles of Scilly'),(3891,222,'IOW','Isle of Wight'),(3892,222,'ISL','Islington'),(3893,222,'IVC','Inverclyde'),(3894,222,'JSY','Jersey'),(3895,222,'KEC','Kensington and Chelsea'),(3896,222,'KEN','Kent'),(3897,222,'KHL','Kingston upon Hull'),(3898,222,'KIR','Kirklees'),(3899,222,'KTT','Kingston upon Thames'),(3900,222,'KWL','Knowsley'),(3901,222,'LAN','Lancashire'),(3902,222,'LBH','Lambeth'),(3903,222,'LCE','Leicester'),(3904,222,'LDS','Leeds'),(3905,222,'LEC','Leicestershire'),(3906,222,'LEW','Lewisham'),(3907,222,'LIN','Lincolnshire'),(3908,222,'LIV','Liverpool'),(3909,222,'LMV','Limavady'),(3910,222,'LND','London'),(3911,222,'LRN','Larne'),(3912,222,'LSB','Lisburn'),(3913,222,'LUT','Luton'),(3914,222,'MAN','Manchester'),(3915,222,'MDB','Middlesbrough'),(3916,222,'MDW','Medway'),(3917,222,'MFT','Magherafelt'),(3918,222,'MIK','Milton Keynes'),(3919,222,'MLN','Midlothian'),(3920,222,'MON','Monmouthshire'),(3921,222,'MRT','Merton'),(3922,222,'MRY','Moray'),(3923,222,'MTY','Merthyr Tydfil'),(3924,222,'MYL','Moyle'),(3925,222,'NAY','North Ayrshire'),(3926,222,'NBL','Northumberland'),(3927,222,'NDN','North Down'),(3928,222,'NEL','North East Lincolnshire'),(3929,222,'NET','Newcastle upon Tyne'),(3930,222,'NFK','Norfolk'),(3931,222,'NGM','Nottingham'),(3932,222,'NLK','North Lanarkshire'),(3933,222,'NLN','North Lincolnshire'),(3934,222,'NSM','North Somerset'),(3935,222,'NTA','Newtownabbey'),(3936,222,'NTH','Northamptonshire'),(3937,222,'NTL','Neath Port Talbot'),(3938,222,'NTT','Nottinghamshire'),(3939,222,'NTY','North Tyneside'),(3940,222,'NWM','Newham'),(3941,222,'NWP','Newport'),(3942,222,'NYK','North Yorkshire'),(3943,222,'NYM','Newry and Mourne'),(3944,222,'OLD','Oldham'),(3945,222,'OMH','Omagh'),(3946,222,'ORK','Orkney Islands'),(3947,222,'OXF','Oxfordshire'),(3948,222,'PEM','Pembrokeshire'),(3949,222,'PKN','Perth and Kinross'),(3950,222,'PLY','Plymouth'),(3951,222,'POL','Poole'),(3952,222,'POR','Portsmouth'),(3953,222,'POW','Powys'),(3954,222,'PTE','Peterborough'),(3955,222,'RCC','Redcar and Cleveland'),(3956,222,'RCH','Rochdale'),(3957,222,'RCT','Rhondda Cynon Taf'),(3958,222,'RDB','Redbridge'),(3959,222,'RDG','Reading'),(3960,222,'RFW','Renfrewshire'),(3961,222,'RIC','Richmond upon Thames'),(3962,222,'ROT','Rotherham'),(3963,222,'RUT','Rutland'),(3964,222,'SAW','Sandwell'),(3965,222,'SAY','South Ayrshire'),(3966,222,'SCB','Scottish Borders'),(3967,222,'SFK','Suffolk'),(3968,222,'SFT','Sefton'),(3969,222,'SGC','South Gloucestershire'),(3970,222,'SHF','Sheffield'),(3971,222,'SHN','Saint Helens'),(3972,222,'SHR','Shropshire'),(3973,222,'SKP','Stockport'),(3974,222,'SLF','Salford'),(3975,222,'SLG','Slough'),(3976,222,'SLK','South Lanarkshire'),(3977,222,'SND','Sunderland'),(3978,222,'SOL','Solihull'),(3979,222,'SOM','Somerset'),(3980,222,'SOS','Southend-on-Sea'),(3981,222,'SRY','Surrey'),(3982,222,'STB','Strabane'),(3983,222,'STE','Stoke-on-Trent'),(3984,222,'STG','Stirling'),(3985,222,'STH','Southampton'),(3986,222,'STN','Sutton'),(3987,222,'STS','Staffordshire'),(3988,222,'STT','Stockton-on-Tees'),(3989,222,'STY','South Tyneside'),(3990,222,'SWA','Swansea'),(3991,222,'SWD','Swindon'),(3992,222,'SWK','Southwark'),(3993,222,'TAM','Tameside'),(3994,222,'TFW','Telford and Wrekin'),(3995,222,'THR','Thurrock'),(3996,222,'TOB','Torbay'),(3997,222,'TOF','Torfaen'),(3998,222,'TRF','Trafford'),(3999,222,'TWH','Tower Hamlets'),(4000,222,'VGL','Vale of Glamorgan'),(4001,222,'WAR','Warwickshire'),(4002,222,'WBK','West Berkshire'),(4003,222,'WDU','West Dunbartonshire'),(4004,222,'WFT','Waltham Forest'),(4005,222,'WGN','Wigan'),(4006,222,'WIL','Wiltshire'),(4007,222,'WKF','Wakefield'),(4008,222,'WLL','Walsall'),(4009,222,'WLN','West Lothian'),(4010,222,'WLV','Wolverhampton'),(4011,222,'WNM','Windsor and Maidenhead'),(4012,222,'WOK','Wokingham'),(4013,222,'WOR','Worcestershire'),(4014,222,'WRL','Wirral'),(4015,222,'WRT','Warrington'),(4016,222,'WRX','Wrexham'),(4017,222,'WSM','Westminster'),(4018,222,'WSX','West Sussex'),(4019,222,'YOR','Yorkshire'),(4020,222,'ZET','Shetland Islands'),(4021,223,'AK','Alaska'),(4022,223,'AL','Alabama'),(4023,223,'AS','American Samoa'),(4024,223,'AR','Arkansas'),(4025,223,'AZ','Arizona'),(4026,223,'CA','California'),(4027,223,'CO','Colorado'),(4028,223,'CT','Connecticut'),(4029,223,'DC','District of Columbia'),(4030,223,'DE','Delaware'),(4031,223,'FL','Florida'),(4032,223,'GA','Georgia'),(4033,223,'GU','Guam'),(4034,223,'HI','Hawaii'),(4035,223,'IA','Iowa'),(4036,223,'ID','Idaho'),(4037,223,'IL','Illinois'),(4038,223,'IN','Indiana'),(4039,223,'KS','Kansas'),(4040,223,'KY','Kentucky'),(4041,223,'LA','Louisiana'),(4042,223,'MA','Massachusetts'),(4043,223,'MD','Maryland'),(4044,223,'ME','Maine'),(4045,223,'MI','Michigan'),(4046,223,'MN','Minnesota'),(4047,223,'MO','Missouri'),(4048,223,'MS','Mississippi'),(4049,223,'MT','Montana'),(4050,223,'NC','North Carolina'),(4051,223,'ND','North Dakota'),(4052,223,'NE','Nebraska'),(4053,223,'NH','New Hampshire'),(4054,223,'NJ','New Jersey'),(4055,223,'NM','New Mexico'),(4056,223,'NV','Nevada'),(4057,223,'NY','New York'),(4058,223,'MP','Northern Mariana Islands'),(4059,223,'OH','Ohio'),(4060,223,'OK','Oklahoma'),(4061,223,'OR','Oregon'),(4062,223,'PA','Pennsylvania'),(4063,223,'PR','Puerto Rico'),(4064,223,'RI','Rhode Island'),(4065,223,'SC','South Carolina'),(4066,223,'SD','South Dakota'),(4067,223,'TN','Tennessee'),(4068,223,'TX','Texas'),(4069,223,'UM','U.S. Minor Outlying Islands'),(4070,223,'UT','Utah'),(4071,223,'VA','Virginia'),(4072,223,'VI','Virgin Islands of the U.S.'),(4073,223,'VT','Vermont'),(4074,223,'WA','Washington'),(4075,223,'WI','Wisconsin'),(4076,223,'WV','West Virginia'),(4077,223,'WY','Wyoming'),(4078,224,'BI','Baker Island'),(4079,224,'HI','Howland Island'),(4080,224,'JI','Jarvis Island'),(4081,224,'JA','Johnston Atoll'),(4082,224,'KR','Kingman Reef'),(4083,224,'MA','Midway Atoll'),(4084,224,'NI','Navassa Island'),(4085,224,'PA','Palmyra Atoll'),(4086,224,'WI','Wake Island'),(4087,225,'AR','Artigas'),(4088,225,'CA','Canelones'),(4089,225,'CL','Cerro Largo'),(4090,225,'CO','Colonia'),(4091,225,'DU','Durazno'),(4092,225,'FD','Florida'),(4093,225,'FS','Flores'),(4094,225,'LA','Lavalleja'),(4095,225,'MA','Maldonado'),(4096,225,'MO','Montevideo'),(4097,225,'PA','Paysandu'),(4098,225,'RN','Ro Negro'),(4099,225,'RO','Rocha'),(4100,225,'RV','Rivera'),(4101,225,'SA','Salto'),(4102,225,'SJ','San Jos'),(4103,225,'SO','Soriano'),(4104,225,'TA','Tacuaremb'),(4105,225,'TT','Treinta y Tres'),(4106,226,'AN','Andijon viloyati'),(4107,226,'BU','Buxoro viloyati'),(4108,226,'FA','Farg\'ona viloyati'),(4109,226,'JI','Jizzax viloyati'),(4110,226,'NG','Namangan viloyati'),(4111,226,'NW','Navoiy viloyati'),(4112,226,'QA','Qashqadaryo viloyati'),(4113,226,'QR','Qoraqalpog\'iston Respublikasi'),(4114,226,'SA','Samarqand viloyati'),(4115,226,'SI','Sirdaryo viloyati'),(4116,226,'SU','Surxondaryo viloyati'),(4117,226,'TK','Toshkent'),(4118,226,'TO','Toshkent viloyati'),(4119,226,'XO','Xorazm viloyati'),(4120,227,'MAP','Malampa'),(4121,227,'PAM','Pnama'),(4122,227,'SAM','Sanma'),(4123,227,'SEE','Shfa'),(4124,227,'TAE','Tafa'),(4125,227,'TOB','Torba'),(4126,229,'A','Distrito Capital'),(4127,229,'B','Anzotegui'),(4128,229,'C','Apure'),(4129,229,'D','Aragua'),(4130,229,'E','Barinas'),(4131,229,'F','Bolvar'),(4132,229,'G','Carabobo'),(4133,229,'H','Cojedes'),(4134,229,'I','Falcn'),(4135,229,'J','Gurico'),(4136,229,'K','Lara'),(4137,229,'L','Mrida'),(4138,229,'M','Miranda'),(4139,229,'N','Monagas'),(4140,229,'O','Nueva Esparta'),(4141,229,'P','Portuguesa'),(4142,229,'R','Sucre'),(4143,229,'S','Tachira'),(4144,229,'T','Trujillo'),(4145,229,'U','Yaracuy'),(4146,229,'V','Zulia'),(4147,229,'W','Capital Dependencia'),(4148,229,'X','Vargas'),(4149,229,'Y','Delta Amacuro'),(4150,229,'Z','Amazonas'),(4151,230,'01','Lai Chu'),(4152,230,'02','Lo Cai'),(4153,230,'03','H Giang'),(4154,230,'04','Cao Bng'),(4155,230,'05','Sn La'),(4156,230,'06','Yn Bi'),(4157,230,'07','Tuyn Quang'),(4158,230,'09','Lng Sn'),(4159,230,'13','Qung Ninh'),(4160,230,'14','Ha Bnh'),(4161,230,'15','H Ty'),(4162,230,'18','Ninh Bnh'),(4163,230,'20','Thi Bnh'),(4164,230,'21','Thanh Ha'),(4165,230,'22','Ngh An'),(4166,230,'23','H Tnh'),(4167,230,'24','Qung Bnh'),(4168,230,'25','Qung Tr'),(4169,230,'26','Tha Thin-Hu'),(4170,230,'27','Qung Nam'),(4171,230,'28','Kon Tum'),(4172,230,'29','Qung Ngi'),(4173,230,'30','Gia Lai'),(4174,230,'31','Bnh nh'),(4175,230,'32','Ph Yn'),(4176,230,'33','k Lk'),(4177,230,'34','Khnh Ha'),(4178,230,'35','Lm ng'),(4179,230,'36','Ninh Thun'),(4180,230,'37','Ty Ninh'),(4181,230,'39','ng Nai'),(4182,230,'40','Bnh Thun'),(4183,230,'41','Long An'),(4184,230,'43','B Ra-Vng Tu'),(4185,230,'44','An Giang'),(4186,230,'45','ng Thp'),(4187,230,'46','Tin Giang'),(4188,230,'47','Kin Giang'),(4189,230,'48','Cn Th'),(4190,230,'49','Vnh Long'),(4191,230,'50','Bn Tre'),(4192,230,'51','Tr Vinh'),(4193,230,'52','Sc Trng'),(4194,230,'53','Bc Kn'),(4195,230,'54','Bc Giang'),(4196,230,'55','Bc Liu'),(4197,230,'56','Bc Ninh'),(4198,230,'57','Bnh Dng'),(4199,230,'58','Bnh Phc'),(4200,230,'59','C Mau'),(4201,230,'60',' Nng'),(4202,230,'61','Hi Dng'),(4203,230,'62','Hi Phng'),(4204,230,'63','H Nam'),(4205,230,'64','H Ni'),(4206,230,'65','Si Gn'),(4207,230,'66','Hng Yn'),(4208,230,'67','Nam nh'),(4209,230,'68','Ph Th'),(4210,230,'69','Thi Nguyn'),(4211,230,'70','Vnh Phc'),(4212,230,'71','in Bin'),(4213,230,'72','k Nng'),(4214,230,'73','Hu Giang'),(4215,232,'C','Saint Croix'),(4216,232,'J','Saint John'),(4217,232,'T','Saint Thomas'),(4218,233,'A','Alo'),(4219,233,'S','Sigave'),(4220,233,'W','Wallis'),(4221,235,'AB',''),(4222,235,'AD',''),(4223,235,'AM',''),(4224,235,'BA',''),(4225,235,'DA',''),(4226,235,'DH',''),(4227,235,'HD',''),(4228,235,'HJ',''),(4229,235,'HU',''),(4230,235,'IB',''),(4231,235,'JA',''),(4232,235,'LA',''),(4233,235,'MA',''),(4234,235,'MR',''),(4235,235,'MW',''),(4236,235,'SD',''),(4237,235,'SN',''),(4238,235,'SH',''),(4239,235,'TA',''),(4240,238,'01','Western'),(4241,238,'02','Central'),(4242,238,'03','Eastern'),(4243,238,'04','Luapula'),(4244,238,'05','Northern'),(4245,238,'06','North-Western'),(4246,238,'07','Southern'),(4247,238,'08','Copperbelt'),(4248,238,'09','Lusaka'),(4249,239,'MA','Manicaland'),(4250,239,'MC','Mashonaland Central'),(4251,239,'ME','Mashonaland East'),(4252,239,'MI','Midlands'),(4253,239,'MN','Matabeleland North'),(4254,239,'MS','Matabeleland South'),(4255,239,'MV','Masvingo'),(4256,239,'MW','Mashonaland West');
/*!40000 ALTER TABLE `toc_zones` ENABLE KEYS */;
UNLOCK TABLES;

--
-- Table structure for table `toc_zones_to_geo_zones`
--

DROP TABLE IF EXISTS `toc_zones_to_geo_zones`;
/*!40101 SET @saved_cs_client     = @@character_set_client */;
/*!40101 SET character_set_client = utf8 */;
CREATE TABLE `toc_zones_to_geo_zones` (
  `association_id` int(11) NOT NULL AUTO_INCREMENT,
  `zone_country_id` int(11) NOT NULL,
  `zone_id` int(11) DEFAULT NULL,
  `geo_zone_id` int(11) DEFAULT NULL,
  `last_modified` datetime DEFAULT NULL,
  `date_added` datetime NOT NULL,
  PRIMARY KEY (`association_id`)
) ENGINE=MyISAM AUTO_INCREMENT=2 DEFAULT CHARSET=utf8;
/*!40101 SET character_set_client = @saved_cs_client */;

--
-- Dumping data for table `toc_zones_to_geo_zones`
--

LOCK TABLES `toc_zones_to_geo_zones` WRITE;
/*!40000 ALTER TABLE `toc_zones_to_geo_zones` DISABLE KEYS */;
INSERT INTO `toc_zones_to_geo_zones` VALUES (1,223,4031,1,NULL,'2015-09-07 10:11:04');
/*!40000 ALTER TABLE `toc_zones_to_geo_zones` ENABLE KEYS */;
UNLOCK TABLES;

--
-- Dumping routines for database 'test'
--
/*!40103 SET TIME_ZONE=@OLD_TIME_ZONE */;

/*!40101 SET SQL_MODE=@OLD_SQL_MODE */;
/*!40014 SET FOREIGN_KEY_CHECKS=@OLD_FOREIGN_KEY_CHECKS */;
/*!40014 SET UNIQUE_CHECKS=@OLD_UNIQUE_CHECKS */;
/*!40101 SET CHARACTER_SET_CLIENT=@OLD_CHARACTER_SET_CLIENT */;
/*!40101 SET CHARACTER_SET_RESULTS=@OLD_CHARACTER_SET_RESULTS */;
/*!40101 SET COLLATION_CONNECTION=@OLD_COLLATION_CONNECTION */;
/*!40111 SET SQL_NOTES=@OLD_SQL_NOTES */;

-- Dump completed on 2015-11-03 17:26:38
